Genome,BioSample,Bioproject_ID,Assigned Taxonomy,Strain,Source_category,Isolation_source
GCF_034929685,SAMN39105919,PRJNA1056764,Vibrio diabolicus,V2,Aquaculture (host-associated),Aquaculture (host-associated)
GCF_043497095,SAMN39706864,PRJNA1071127,Vibrio alginolyticus,V1,Aquaculture (host-associated),Aquaculture (host-associated)
GCF_026537985,SAMN29790269,PRJNA859558,Vibrio parahaemolyticus,NCKU_TN_S02,Aquaculture (host-associated),Aquaculture (host-associated)
GCF_026537545,SAMN29790265,PRJNA859558,Vibrio parahaemolyticus,NCKU_CV_CHN,Aquaculture (host-associated),Aquaculture (host-associated)
GCF_030388405,SAMN32755641,PRJNA924262,Vibrio owensii,SH14,Aquaculture (host-associated),Aquaculture (host-associated)
GCF_000736345,SAMN02910586,PRJNA255173,Vibrio parahaemolyticus,M0904,Aquaculture (host-associated),Aquaculture (host-associated)
GCF_043497075,SAMN39706863,PRJNA1071127,Vibrio parahaemolyticus,SS4-002,Aquaculture (host-associated),Aquaculture (host-associated)
GCF_001010935,SAMN03580733,PRJNA282898,Vibrio parahaemolyticus,SS4-003,Aquaculture (host-associated),Aquaculture (host-associated)
GCF_001013315,SAMN03580732,PRJNA282906,Vibrio parahaemolyticus,SS4-008,Aquaculture (host-associated),Aquaculture (host-associated)
GCF_026537675,SAMN29790250,PRJNA859558,Vibrio parahaemolyticus,SS4-010,Aquaculture (host-associated),Aquaculture (host-associated)
GCF_026537745,SAMN29790249,PRJNA859558,Vibrio parahaemolyticus,SS4-012,Aquaculture (host-associated),Aquaculture (host-associated)
GCF_026537945,SAMN29790273,PRJNA859558,Vibrio parahaemolyticus,SS4-016,Aquaculture (host-associated),Aquaculture (host-associated)
GCF_026537475,SAMN29790272,PRJNA859558,Vibrio parahaemolyticus,SS4-017,Aquaculture (host-associated),Aquaculture (host-associated)
GCF_026537485,SAMN29790271,PRJNA859558,Vibrio parahaemolyticus,SS4-179,Aquaculture (host-associated),Aquaculture (host-associated)
GCF_026537495,SAMN29790266,PRJNA859558,Vibrio parahaemolyticus,XN89,Aquaculture (host-associated),Aquaculture (host-associated)
GCF_050920685,SAMN38108759,PRJNA1035964,Vibrio parahaemolyticus,PSU5579,Aquaculture (host-associated),Aquaculture (host-associated)
GCF_013113815,SAMN12668404,PRJNA563078,Vibrio jasicida,T3G01,Aquaculture (host-associated),Aquaculture (host-associated)
GCF_004121185,SAMN10397792,PRJNA429067,Vibrio parahaemolyticus,MVP10,Aquaculture (host-associated),Aquaculture (host-associated)
GCF_004121105,SAMN10397794,PRJNA429067,Vibrio parahaemolyticus,MVP3,Aquaculture (host-associated),Aquaculture (host-associated)
GCF_004121085,SAMN10397795,PRJNA429067,Vibrio parahaemolyticus,MVP5,Aquaculture (host-associated),Aquaculture (host-associated)
GCF_034929475,SAMN39105730,PRJNA1056693,Vibrio parahaemolyticus,MVP4,Aquaculture (host-associated),Aquaculture (host-associated)
GCF_034425175,SAMN38736038,PRJNA1050406,Vibrio parahaemolyticus,MVP9,Aquaculture (host-associated),Aquaculture (host-associated)
GCF_043497065,SAMN39706865,PRJNA1071127,Vibrio parahaemolyticus,VP2154,Aquaculture (host-associated),Aquaculture (host-associated)
GCF_043497055,SAMN39706862,PRJNA1071127,Vibrio parahaemolyticus,VP2158,Aquaculture (host-associated),Aquaculture (host-associated)
GCF_013114355,SAMN12668377,PRJNA563078,Vibrio parahaemolyticus,NB07,Aquaculture (host-associated),Aquaculture (host-associated)
GCF_000763535,SAMN03010512,PRJNA258550,Vibrio parahaemolyticus,NB08,Aquaculture (host-associated),Aquaculture (host-associated)
GCF_050920865,SAMN48881381,PRJNA1271674,Vibrio parahaemolyticus,NB09,Aquaculture (host-associated),Aquaculture (host-associated)
GCF_054898415,SAMN49748847,PRJNA1285113,Vibrio parahaemolyticus,NB10,Aquaculture (host-associated),Aquaculture (host-associated)
GCF_054898475,SAMN49748845,PRJNA1285113,Vibrio parahaemolyticus,NB11,Aquaculture (host-associated),Aquaculture (host-associated)
GCF_002880455,SAMN08329242,PRJNA429067,Vibrio parahaemolyticus,NB12,Aquaculture (host-associated),Aquaculture (host-associated)
GCF_002880375,SAMN08329243,PRJNA429067,Vibrio parahaemolyticus,NB13,Aquaculture (host-associated),Aquaculture (host-associated)
GCF_002880355,SAMN08329244,PRJNA429067,Vibrio parahaemolyticus,ND11,Aquaculture (host-associated),Aquaculture (host-associated)
GCF_002880385,SAMN08329245,PRJNA429067,Vibrio parahaemolyticus,ND12,Aquaculture (host-associated),Aquaculture (host-associated)
GCF_002880315,SAMN08329246,PRJNA429067,Vibrio parahaemolyticus,ND13,Aquaculture (host-associated),Aquaculture (host-associated)
GCF_002880335,SAMN08329247,PRJNA429067,Vibrio parahaemolyticus,ND14,Aquaculture (host-associated),Aquaculture (host-associated)
GCF_002880295,SAMN08329248,PRJNA429067,Vibrio parahaemolyticus,ND15,Aquaculture (host-associated),Aquaculture (host-associated)
GCF_002880275,SAMN08329249,PRJNA429067,Vibrio parahaemolyticus,ND16,Aquaculture (host-associated),Aquaculture (host-associated)
GCF_002880255,SAMN08329250,PRJNA429067,Vibrio parahaemolyticus,ND17,Aquaculture (host-associated),Aquaculture (host-associated)
GCF_002880225,SAMN08329251,PRJNA429067,Vibrio parahaemolyticus,ND18,Aquaculture (host-associated),Aquaculture (host-associated)
GCF_002880215,SAMN08329252,PRJNA429067,Vibrio parahaemolyticus,ND19,Aquaculture (host-associated),Aquaculture (host-associated)
GCF_002880195,SAMN08329253,PRJNA429067,Vibrio parahaemolyticus,ND20,Aquaculture (host-associated),Aquaculture (host-associated)
GCF_002880175,SAMN08329254,PRJNA429067,Vibrio parahaemolyticus,ND21,Aquaculture (host-associated),Aquaculture (host-associated)
GCF_002880155,SAMN08329255,PRJNA429067,Vibrio parahaemolyticus,ND22,Aquaculture (host-associated),Aquaculture (host-associated)
GCF_002880095,SAMN08329256,PRJNA429067,Vibrio parahaemolyticus,ND23,Aquaculture (host-associated),Aquaculture (host-associated)
GCF_002880135,SAMN08329257,PRJNA429067,Vibrio parahaemolyticus,ND24,Aquaculture (host-associated),Aquaculture (host-associated)
GCF_004121095,SAMN10397796,PRJNA429067,Vibrio parahaemolyticus,NA1,Aquaculture (host-associated),Aquaculture (host-associated)
GCF_002880505,SAMN08329235,PRJNA429067,Vibrio parahaemolyticus,NA6,Aquaculture (host-associated),Aquaculture (host-associated)
GCF_002880595,SAMN08329233,PRJNA429067,Vibrio parahaemolyticus,NA8,Aquaculture (host-associated),Aquaculture (host-associated)
GCF_038070605,SAMN40697797,PRJNA1094415,Vibrio parahaemolyticus,J36,Aquaculture (host-associated),Aquaculture (host-associated)
GCF_040126105,SAMN40763168,PRJNA1094415,Vibrio parahaemolyticus,J39,Aquaculture (host-associated),Aquaculture (host-associated)
GCF_002887545,SAMN07818924,PRJNA415212,Vibrio parahaemolyticus,VPS2,Aquaculture (host-associated),Aquaculture (host-associated)
GCF_034929495,SAMN39105912,PRJNA1056764,Vibrio parahaemolyticus,AHPND-VP12,Aquaculture (host-associated),Aquaculture (host-associated)
GCF_034929505,SAMN39105913,PRJNA1056764,Vibrio parahaemolyticus,AHPND-VP14,Aquaculture (host-associated),Aquaculture (host-associated)
GCF_034930135,SAMN39105914,PRJNA1056764,Vibrio parahaemolyticus,AHPND-VP7,Aquaculture (host-associated),Aquaculture (host-associated)
GCF_034929965,SAMN39105918,PRJNA1056764,Vibrio parahaemolyticus,AHPND-VP8,Aquaculture (host-associated),Aquaculture (host-associated)
GCF_027277845,SAMN32302090,PRJNA913607,Vibrio harveyi,K2014767,Aquaculture (host-associated),Aquaculture (host-associated)
GCF_026538005,SAMN29790268,PRJNA859558,Vibrio parahaemolyticus,NT9,Aquaculture (host-associated),Aquaculture (host-associated)
GCF_000591455,SAMD00009559,PRJDB1576,Vibrio parahaemolyticus,TUMSAT_DE1_S1,Aquaculture (host-associated),Aquaculture (host-associated)
GCF_000591495,SAMD00009560,PRJDB1578,Vibrio parahaemolyticus,TUMSAT_D06_S3,Aquaculture (host-associated),Aquaculture (host-associated)
GCF_030235565,SAMN35549253,PRJNA978341,Vibrio coralliilyticus,RE90,Aquaculture (host-associated),Aquaculture (host-associated)
GCF_030235605,SAMN35549254,PRJNA978341,Vibrio coralliilyticus,RE98,Aquaculture (host-associated),Aquaculture (host-associated)
GCF_027277885,SAMN32302091,PRJNA913608,Vibrio vulnificus,CladeA-yb158,Aquaculture (host-associated),Aquaculture (host-associated)
GCF_046056635,SAMN40717408,PRJNA1095381,Vibrio owensii,DY05,Aquaculture (host-associated),Aquaculture (host-associated)
GCF_000772065,SAMN02940923,PRJNA256165,Vibrio coralliilyticus,,Aquaculture (host-associated),Aquaculture (host-associated)
GCF_030236635,SAMN35549258,PRJNA978341,Vibrio barjaei,3062,Aquaculture (host-associated),Aquaculture (host-associated)
GCF_000786425,SAMEA3865288,PRJEB5701,Vibrio vulnificus,VVA5,Aquaculture (host-associated),Aquaculture (host-associated)
GCF_046532685,SAMN40717410,PRJNA1095381,Vibrio vulnificus,CHAD1.2APW,Aquaculture (host-associated),Aquaculture (host-associated)
GCF_015351545,SAMN16587835,PRJNA673082,Vibrio vulnificus,CHOH1.7BD,Aquaculture (host-associated),Aquaculture (host-associated)
GCF_001310575,SAMN04128477,PRJNA297683,Vibrio vulnificus,JASA1.6APW,Aquaculture (host-associated),Aquaculture (host-associated)
GCF_051859665,SAMN49835444,PRJNA1288176,Vibrio vulnificus,VVA8,Aquaculture (host-associated),Aquaculture (host-associated)
GCF_039834095,SAMN30916808,PRJNA881843,Vibrio europaeus,3610,Aquaculture (host-associated),Aquaculture (host-associated)
GCF_009883835,SAMN10436686,PRJNA503785,Vibrio parahaemolyticus,HA2,Aquaculture (host-associated),Aquaculture (host-associated)
GCF_006124975,SAMN08810093,PRJNA446072,Vibrio parahaemolyticus,M0904,Aquaculture (host-associated),Aquaculture (host-associated)
GCF_041447525,SAMN29328590,PRJNA852391,Vibrio parahaemolyticus,20140722001-1,Aquaculture (host-associated),Aquaculture (host-associated)
GCF_041447605,SAMN29328594,PRJNA852396,Vibrio parahaemolyticus,20140829008-1,Aquaculture (host-associated),Aquaculture (host-associated)
GCF_002880085,SAMN08329258,PRJNA429067,Vibrio rotiferianus,Hep-1a-1,Aquaculture (host-associated),Aquaculture (host-associated)
GCF_002880015,SAMN08329259,PRJNA429067,Vibrio rotiferianus,Hep-1a-3,Aquaculture (host-associated),Aquaculture (host-associated)
GCF_002880075,SAMN08329260,PRJNA429067,Vibrio parahaemolyticus,Hep-2a-12,Aquaculture (host-associated),Aquaculture (host-associated)
GCF_002880035,SAMN08329261,PRJNA429067,Vibrio rotiferianus,Hep-2a-18,Aquaculture (host-associated),Aquaculture (host-associated)
GCF_002880025,SAMN08329262,PRJNA429067,Vibrio rotiferianus,Hep-2b-19,Aquaculture (host-associated),Aquaculture (host-associated)
GCF_006124895,SAMN08805475,PRJNA446072,Vibrio parahaemolyticus,Hep-2b-20,Aquaculture (host-associated),Aquaculture (host-associated)
GCF_006124855,SAMN08810357,PRJNA446072,Vibrio parahaemolyticus,CAVP11,Aquaculture (host-associated),Aquaculture (host-associated)
GCF_014769095,SAMN10818954,PRJNA517379,Vibrio parahaemolyticus,CGVP10,Aquaculture (host-associated),Aquaculture (host-associated)
GCF_009734325,SAMN13426200,PRJNA592422,Vibrio parahaemolyticus,CGVP18,Aquaculture (host-associated),Aquaculture (host-associated)
GCF_014836305,SAMN14081013,PRJNA604195,Vibrio parahaemolyticus,CGVP3,Aquaculture (host-associated),Aquaculture (host-associated)
GCF_019685535,SAMN14861780,PRJNA631449,Vibrio parahaemolyticus,CGVP8,Aquaculture (host-associated),Aquaculture (host-associated)
GCF_006125005,SAMN08810099,PRJNA446072,Vibrio parahaemolyticus,CGVP22,Aquaculture (host-associated),Aquaculture (host-associated)
GCF_026538135,SAMN29790260,PRJNA859558,Vibrio parahaemolyticus,PH1339,Aquaculture (host-associated),Aquaculture (host-associated)
GCF_041447565,SAMN29328593,PRJNA852395,Vibrio parahaemolyticus,20151116002-3,Aquaculture (host-associated),Aquaculture (host-associated)
GCF_037003445,SAMN14087148,PRJNA606186,Vibrio alginolyticus,062916C,Aquaculture (host-associated),Aquaculture (host-associated)
GCF_026970915,SAMN32156677,PRJNA910996,Vibrio coralliilyticus,071316B,Aquaculture (host-associated),Aquaculture (host-associated)
GCF_013114005,SAMN12668395,PRJNA563078,Vibrio alginolyticus,081416A,Aquaculture (host-associated),Aquaculture (host-associated)
GCF_027277655,SAMN32302460,PRJNA913630,Vibrio vulnificus,Vv5,Aquaculture (host-associated),Aquaculture (host-associated)
GCF_006124885,SAMN08805478,PRJNA446072,Vibrio parahaemolyticus,DFP1847,Aquaculture (host-associated),Aquaculture (host-associated)
GCF_004121115,SAMN10397797,PRJNA429067,Vibrio parahaemolyticus,NA2,Aquaculture (host-associated),Aquaculture (host-associated)
GCF_039658525,SAMN40697815,PRJNA1094415,Vibrio parahaemolyticus,C4B,Aquaculture (host-associated),Aquaculture (host-associated)
GCF_013114065,SAMN12668393,PRJNA563078,Vibrio coralliilyticus,C154,Aquaculture (host-associated),Aquaculture (host-associated)
GCF_019780985,SAMN14884119,PRJNA631568,Vibrio parahaemolyticus,TJA114,Aquaculture (host-associated),Aquaculture (host-associated)
GCF_000736325,SAMN02910585,PRJNA255173,Vibrio parahaemolyticus,VpS05,Aquaculture (host-associated),Aquaculture (host-associated)
GCF_027924785,SAMD00553063,PRJDB14677,Vibrio alginolyticus,VA170F,Aquaculture (host-associated),Aquaculture (host-associated)
GCF_009883895,SAMN10436807,PRJNA503785,Vibrio parahaemolyticus,ML1,Aquaculture (host-associated),Aquaculture (host-associated)
GCF_009883855,SAMN10436796,PRJNA503785,Vibrio parahaemolyticus,ML2,Aquaculture (host-associated),Aquaculture (host-associated)
GCF_002014005,SAMN06066420,PRJNA355210,Vibrio parahaemolyticus,ML3,Aquaculture (host-associated),Aquaculture (host-associated)
GCF_002014015,SAMN06066439,PRJNA355220,Vibrio parahaemolyticus,ML4,Aquaculture (host-associated),Aquaculture (host-associated)
GCF_002504185,SAMN07680340,PRJNA408206,Vibrio parahaemolyticus,ML6,Aquaculture (host-associated),Aquaculture (host-associated)
GCF_004121285,SAMN10397789,PRJNA429067,Vibrio parahaemolyticus,ML7,Aquaculture (host-associated),Aquaculture (host-associated)
GCF_004121175,SAMN10397790,PRJNA429067,Vibrio parahaemolyticus,ML8,Aquaculture (host-associated),Aquaculture (host-associated)
GCF_004121225,SAMN10397791,PRJNA429067,Vibrio parahaemolyticus,ML9,Aquaculture (host-associated),Aquaculture (host-associated)
GCF_030064615,SAMN32136210,PRJNA910658,Vibrio parahaemolyticus,vp-201806,Aquaculture (host-associated),Aquaculture (host-associated)
GCF_032970805,SAMN37830366,PRJNA1028488,Vibrio parahaemolyticus,vp-pir-201806,Aquaculture (host-associated),Aquaculture (host-associated)
GCF_027277745,SAMN32299961,PRJNA913478,Vibrio parahaemolyticus,A13,Aquaculture (host-associated),Aquaculture (host-associated)
GCF_027277555,SAMN32299975,PRJNA913485,Vibrio parahaemolyticus,A14,Aquaculture (host-associated),Aquaculture (host-associated)
GCF_019781025,SAMN14884118,PRJNA631568,Vibrio parahaemolyticus,LCU-VP34,Aquaculture (host-associated),Aquaculture (host-associated)
GCF_019780995,SAMN14884120,PRJNA631568,Vibrio diabolicus,ICU-VD35,Aquaculture (host-associated),Aquaculture (host-associated)
GCF_006124955,SAMN08810063,PRJNA446072,Vibrio parahaemolyticus,19-021-D1,Aquaculture (host-associated),Aquaculture (host-associated)
GCF_033441435,SAMN37260050,PRJNA1012477,Vibrio parahaemolyticus,vp-HL-201910,Aquaculture (host-associated),Aquaculture (host-associated)
GCF_002880495,SAMN08329238,PRJNA429067,Vibrio alginolyticus,ZVA,Aquaculture (host-associated),Aquaculture (host-associated)
GCF_038741195,SAMN40695446,PRJNA1094415,Vibrio parahaemolyticus,vp-HL-202005,Aquaculture (host-associated),Aquaculture (host-associated)
GCF_026310445,SAMN31756718,PRJNA902323,Vibrio parahaemolyticus,A5,Aquaculture (host-associated),Aquaculture (host-associated)
GCF_026898475,SAMN31769754,PRJNA902700,Vibrio parahaemolyticus,A9,Aquaculture (host-associated),Aquaculture (host-associated)
GCF_027277765,SAMN32299956,PRJNA913474,Vibrio parahaemolyticus,A10,Aquaculture (host-associated),Aquaculture (host-associated)
GCF_014217295,SAMN15755100,PRJNA655788,Vibrio parahaemolyticus,A3,Aquaculture (host-associated),Aquaculture (host-associated)
GCF_019781045,SAMN14884117,PRJNA631568,Vibrio parahaemolyticus,A2,Aquaculture (host-associated),Aquaculture (host-associated)
GCF_000817815,SAMN02946409,PRJNA189697,Vibrio lentus,Gal 104,Aquaculture (host-associated),Aquaculture (host-associated)
GCF_039834055,SAMN30916812,PRJNA881843,Vibrio cholerae,Vc253,Aquaculture (host-associated),Aquaculture (host-associated)
GCF_027924845,SAMD00553064,PRJDB14677,Vibrio parahaemolyticus,Vp221,Aquaculture (host-associated),Aquaculture (host-associated)
GCF_039833915,SAMN30916815,PRJNA881843,Vibrio parahaemolyticus,Vp214,Aquaculture (host-associated),Aquaculture (host-associated)
GCF_039834215,SAMN30916803,PRJNA881843,Vibrio cholerae,Vc382,Aquaculture (host-associated),Aquaculture (host-associated)
GCF_052851075,SAMN21399768,PRJNA762642,Vibrio cholerae,Vc383,Aquaculture (host-associated),Aquaculture (host-associated)
GCF_002880575,SAMN08329236,PRJNA429067,Vibrio cholerae,Vc512,Aquaculture (host-associated),Aquaculture (host-associated)
GCF_004121195,SAMN10397788,PRJNA429067,Vibrio cholerae,Vc533,Aquaculture (host-associated),Aquaculture (host-associated)
GCF_001013325,SAMN03571538,PRJNA76645,Vibrio alginolyticus,ND-01,Aquaculture (host-associated),Aquaculture (host-associated)
GCF_027277545,SAMN32300851,PRJNA913566,Vibrio parahaemolyticus,B2,Aquaculture (host-associated),Aquaculture (host-associated)
GCF_027277785,SAMN32300853,PRJNA913567,Vibrio parahaemolyticus,B7,Aquaculture (host-associated),Aquaculture (host-associated)
GCF_027277905,SAMN32300789,PRJNA913553,Vibrio parahaemolyticus,A17,Aquaculture (host-associated),Aquaculture (host-associated)
GCF_027277985,SAMN32300845,PRJNA913561,Vibrio parahaemolyticus,A18,Aquaculture (host-associated),Aquaculture (host-associated)
GCF_027277805,SAMN32300846,PRJNA913562,Vibrio parahaemolyticus,A19,Aquaculture (host-associated),Aquaculture (host-associated)
GCF_019781065,SAMN14884116,PRJNA631568,Vibrio parahaemolyticus,A1,Aquaculture (host-associated),Aquaculture (host-associated)
GCF_041447475,SAMN29328586,PRJNA852388,Vibrio fluvialis,22-VB00250-44,Aquaculture (host-associated),Aquaculture (host-associated)
GCF_028446705,SAMN31656036,PRJNA899440,Vibrio parahaemolyticus,LCU-VP307,Aquaculture (host-associated),Aquaculture (host-associated)
GCF_039834235,SAMN30916801,PRJNA881843,Vibrio parahaemolyticus,LCU-VP331,Aquaculture (host-associated),Aquaculture (host-associated)
GCF_030346935,SAMN35563661,PRJNA715847,Vibrio parahaemolyticus,LCU-VP322,Aquaculture (host-associated),Aquaculture (host-associated)
GCF_034929785,SAMN39105901,PRJNA1056764,Vibrio parahaemolyticus,LCU-VP332,Aquaculture (host-associated),Aquaculture (host-associated)
GCF_030346975,SAMN35563660,PRJNA715847,Vibrio parahaemolyticus,LCU-VP312,Aquaculture (host-associated),Aquaculture (host-associated)
GCF_032970425,SAMN37672055,PRJNA1023839,Vibrio parahaemolyticus,vp-HL-202212,Aquaculture (host-associated),Aquaculture (host-associated)
GCF_056674835,SAMN56792215,PRJNA1445525,Vibrio parahaemolyticus,LCU-VP324,Aquaculture (host-associated),Aquaculture (host-associated)
GCF_054568155,SAMN54622905,PRJNA1403227,Vibrio parahaemolyticus,T13P,Aquaculture (host-associated),Aquaculture (host-associated)
GCF_053294815,SAMN52852906,PRJNA1347230,Vibrio diabolicus,T63N,Aquaculture (host-associated),Aquaculture (host-associated)
GCF_034930115,SAMN39105906,PRJNA1056764,Vibrio parahaemolyticus,LCU-VP338,Aquaculture (host-associated),Aquaculture (host-associated)
GCF_034930445,SAMN39105908,PRJNA1056764,Vibrio parahaemolyticus,LCU-VP339,Aquaculture (host-associated),Aquaculture (host-associated)
GCF_041447505,SAMN29328587,PRJNA852389,Vibrio parahaemolyticus,LCU-VP329,Aquaculture (host-associated),Aquaculture (host-associated)
GCF_001639065,SAMN04221167,PRJNA300394,Vibrio parahaemolyticus,JD2305,Aquaculture (host-associated),Aquaculture (host-associated)
GCF_013113905,SAMN12668398,PRJNA563078,Vibrio parahaemolyticus,MSR23SE,Aquaculture (host-associated),Aquaculture (host-associated)
GCF_013114015,SAMN12668392,PRJNA563078,Vibrio parahaemolyticus,MSR23BS,Aquaculture (host-associated),Aquaculture (host-associated)
GCF_027277825,SAMN32302122,PRJNA913610,Vibrio diabolicus,TBV026,Aquaculture (host-associated),Aquaculture (host-associated)
GCF_027277685,SAMN32302157,PRJNA913616,Vibrio parahaemolyticus,TBV028,Aquaculture (host-associated),Aquaculture (host-associated)
GCF_002880555,SAMN08329234,PRJNA429067,Vibrio coralliilyticus,09-121-3,Aquaculture (host-associated),Aquaculture (host-associated)
GCF_001250455,SAMEA889159,PRJEB2215,Vibrio cholerae,A6,Clinical (Human),Clinical (Human)
GCF_056175385,SAMN56501507,PRJNA1437248,Vibrio cholerae,10432-62,Clinical (Human),Clinical (Human)
GCF_036881165,SAMN39962932,PRJNA1077272,Vibrio cholerae,CNCTC 6536,Clinical (Human),Clinical (Human)
GCF_002097765,SAMN06263904,PRJNA363983,Vibrio cholerae,2044,Clinical (Human),Clinical (Human)
GCF_002198175,SAMN03945136,PRJNA245882,Vibrio cholerae,5/66,Clinical (Human),Clinical (Human)
GCF_000877535,SAMN02204314,PRJNA188213,Vibrio cholerae,1311-69,Clinical (Human),Clinical (Human)
GCF_948193455,SAMEA112324422,PRJEB39490,Vibrio furnissii,NCTC13120,Clinical (Human),Clinical (Human)
GCF_000877685,SAMN02204317,PRJNA188215,Vibrio cholerae,133-73,Clinical (Human),Clinical (Human)
GCF_056175365,SAMN56501506,PRJNA1437248,Vibrio cholerae,1154-74,Clinical (Human),Clinical (Human)
GCF_001188185,SAMN03255431,PRJNA231221,Vibrio cholerae,8-76,Clinical (Human),Clinical (Human)
GCF_948193335,SAMEA112324421,PRJEB39490,Vibrio fluvialis,NCTC11327,Clinical (Human),Clinical (Human)
GCF_041447625,SAMN29328605,PRJNA852400,Vibrio cholerae,A18,Clinical (Human),Clinical (Human)
GCF_948193435,SAMEA112324419,PRJEB39490,Vibrio mimicus,NCTC11435,Clinical (Human),Clinical (Human)
GCF_002097845,SAMN06263901,PRJNA363983,Vibrio cholerae,E7946,Clinical (Human),Clinical (Human)
GCF_000182385,SAMN02436265,PRJNA33625,Vibrio cholerae,E7946,Clinical (Human),Clinical (Human)
GCF_006383215,SAMN09742585,PRJNA483379,Vibrio parahaemolyticus,16763,Clinical (Human),Clinical (Human)
GCF_041447575,SAMN29328604,PRJNA852399,Vibrio cholerae,A10,Clinical (Human),Clinical (Human)
GCF_001254095,SAMEA889198,PRJEB2215,Vibrio cholerae,GP160,Clinical (Human),Clinical (Human)
GCF_905331685,SAMEA8103035,PRJEB39490,Vibrio parahaemolyticus,10290,Clinical (Human),Clinical (Human)
GCF_905331755,SAMEA8103030,PRJEB39490,Vibrio parahaemolyticus,10290,Clinical (Human),Clinical (Human)
GCF_905331765,SAMEA8103018,PRJEB39490,Vibrio parahaemolyticus,10290,Clinical (Human),Clinical (Human)
GCF_905331775,SAMEA8103029,PRJEB39490,Vibrio parahaemolyticus,10290,Clinical (Human),Clinical (Human)
GCF_905331825,SAMEA8103025,PRJEB39490,Vibrio parahaemolyticus,10290,Clinical (Human),Clinical (Human)
GCF_009991765,SAMN12364840,PRJNA556706,Vibrio cholerae,C-347,Clinical (Human),Clinical (Human)
GCF_000877565,SAMN02204321,PRJNA188219,Vibrio mimicus,523-80,Clinical (Human),Clinical (Human)
GCF_009991725,SAMN12364844,PRJNA556706,Vibrio cholerae,353Az,Clinical (Human),Clinical (Human)
GCF_000969235,SAMN03248305,PRJNA188525,Vibrio cholerae,571-88,Clinical (Human),Clinical (Human)
GCF_001609575,SAMN04377152,PRJNA304021,Vibrio cidicii,2538-88,Clinical (Human),Clinical (Human)
GCF_001253695,SAMEA889253,PRJEB2215,Vibrio cholerae,A5,Clinical (Human),Clinical (Human)
GCF_002953395,SAMN03996322,PRJNA231221,Vibrio parahaemolyticus,CFSAN001612,Clinical (Human),Clinical (Human)
GCF_001558415,SAMN03996321,PRJNA231221,Vibrio parahaemolyticus,CFSAN001618,Clinical (Human),Clinical (Human)
GCF_002196175,SAMN06768129,PRJNA383623,Vibrio cholerae,1831,Clinical (Human),Clinical (Human)
GCF_019350735,SAMN10532213,PRJNA449860,Vibrio cholerae,421_91,Clinical (Human),Clinical (Human)
GCF_030252615,SAMN35628445,PRJNA980396,Vibrio cholerae,A27,Clinical (Human),Clinical (Human)
GCF_900185995,SAMEA104115281,PRJEB20589,Vibrio cholerae,A29,Clinical (Human),Clinical (Human)
GCF_001254655,SAMEA889335,PRJEB2215,Vibrio cholerae,A31,Clinical (Human),Clinical (Human)
GCF_001252495,SAMEA889329,PRJEB2215,Vibrio cholerae,A32,Clinical (Human),Clinical (Human)
GCF_014489135,SAMN15930116,PRJNA659900,Vibrio cholerae,C6706,Clinical (Human),Clinical (Human)
GCF_015686815,SAMN16805796,PRJNA670109,Vibrio cholerae,C6706,Clinical (Human),Clinical (Human)
GCF_002290245,SAMN03107383,PRJNA263814,Vibrio cholerae,C6706,Clinical (Human),Clinical (Human)
GCF_001023105,SAMN03107385,PRJNA263814,Vibrio cholerae,C6709,Clinical (Human),Clinical (Human)
GCF_009991745,SAMN12364841,PRJNA556706,Vibrio cholerae,R18281,Clinical (Human),Clinical (Human)
GCF_019350605,SAMN10531976,PRJNA449860,Vibrio cholerae,204_92,Clinical (Human),Clinical (Human)
GCF_046097525,SAMN45093038,PRJNA1191809,Vibrio cholerae,224_92,Clinical (Human),Clinical (Human)
GCF_000969265,SAMN03248306,PRJNA188527,Vibrio cholerae,63-93 (MO45),Clinical (Human),Clinical (Human)
GCF_009763225,SAMN12648260,PRJNA266293,Vibrio cholerae,MO10,Clinical (Human),Clinical (Human)
GCF_002097835,SAMN06263902,PRJNA363983,Vibrio cholerae,A1552,Clinical (Human),Clinical (Human)
GCF_002097825,SAMN06263903,PRJNA363983,Vibrio cholerae,A1552,Clinical (Human),Clinical (Human)
GCF_021014655,SAMN06484213,PRJNA378288,Vibrio cholerae,A1552,Clinical (Human),Clinical (Human)
GCF_001260995,SAMEA889373,PRJEB2215,Vibrio cholerae,A325,Clinical (Human),Clinical (Human)
GCF_009991675,SAMN12364848,PRJNA556706,Vibrio cholerae,R18262,Clinical (Human),Clinical (Human)
GCF_009991805,SAMN12364842,PRJNA556706,Vibrio cholerae,R18283,Clinical (Human),Clinical (Human)
GCF_008632395,SAMN12740356,PRJNA565331,Vibrio cholerae,R18311,Clinical (Human),Clinical (Human)
GCF_009991625,SAMN12364847,PRJNA556706,Vibrio cholerae,R18305,Clinical (Human),Clinical (Human)
GCF_008039245,SAMN12495044,PRJNA558539,Vibrio cholerae,R18307,Clinical (Human),Clinical (Human)
GCF_004121835,SAMN10653969,PRJNA449860,Vibrio cholerae,85_93,Clinical (Human),Clinical (Human)
GCF_019350675,SAMN10531981,PRJNA449860,Vibrio cholerae,176_93,Clinical (Human),Clinical (Human)
GCF_004121805,SAMN10653498,PRJNA449860,Vibrio cholerae,54_93,Clinical (Human),Clinical (Human)
GCF_019350855,SAMN10532227,PRJNA449860,Vibrio cholerae,96_93,Clinical (Human),Clinical (Human)
GCF_000877555,SAMN02204320,PRJNA188218,Vibrio cholerae,234-93,Clinical (Human),Clinical (Human)
GCF_000477475,SAMN02189720,PRJNA176650,Vibrio cholerae,RIMD 2214379,Clinical (Human),Clinical (Human)
GCF_006383435,SAMN09742574,PRJNA483379,Vibrio cholerae,157D,Clinical (Human),Clinical (Human)
GCF_033972825,SAMN13779930,PRJNA599386,Vibrio cholerae,157D,Clinical (Human),Clinical (Human)
GCF_033971355,SAMN13779947,PRJNA599386,Vibrio cholerae,S-618,Clinical (Human),Clinical (Human)
GCF_033971345,SAMN13779949,PRJNA599386,Vibrio cholerae,S-619,Clinical (Human),Clinical (Human)
GCF_001609635,SAMN04377552,PRJNA304021,Vibrio cholerae,M1275,Clinical (Human),Clinical (Human)
GCF_009389895,SAMN11547084,PRJNA540575,Vibrio cholerae,M1270,Clinical (Human),Clinical (Human)
GCF_001253235,SAMEA889255,PRJEB2215,Vibrio cholerae,A346(1),Clinical (Human),Clinical (Human)
GCF_002196225,SAMN06768131,PRJNA383626,Vibrio cholerae,110_94,Clinical (Human),Clinical (Human)
GCF_002196155,SAMN06768535,PRJNA383643,Vibrio cholerae,112_94,Clinical (Human),Clinical (Human)
GCF_002194305,SAMN06920125,PRJNA385889,Vibrio cholerae,125_94,Clinical (Human),Clinical (Human)
GCF_002196055,SAMN07192612,PRJNA389223,Vibrio cholerae,129_94,Clinical (Human),Clinical (Human)
GCF_000176375,SAMN02393827,PRJNA40509,Vibrio cholerae,131_94,Clinical (Human),Clinical (Human)
GCF_002749635,SAMN07821484,PRJNA415313,Vibrio cholerae,134_94,Clinical (Human),Clinical (Human)
GCF_002997215,SAMN07974340,PRJNA417007,Vibrio cholerae,137_94,Clinical (Human),Clinical (Human)
GCF_003013485,SAMN08721838,PRJNA438577,Vibrio cholerae,158_94,Clinical (Human),Clinical (Human)
GCF_003097695,SAMN08896638,PRJNA447902,Vibrio cholerae,161_94,Clinical (Human),Clinical (Human)
GCF_019780445,SAMN14752702,PRJNA449860,Vibrio cholerae,164_94,Clinical (Human),Clinical (Human)
GCF_004122025,SAMN10654002,PRJNA449860,Vibrio cholerae,169_94,Clinical (Human),Clinical (Human)
GCF_004120565,SAMN09867709,PRJNA449860,Vibrio cholerae,172_94,Clinical (Human),Clinical (Human)
GCF_019350775,SAMN10532218,PRJNA449860,Vibrio cholerae,176_94,Clinical (Human),Clinical (Human)
GCF_004122015,SAMN10654150,PRJNA449860,Vibrio cholerae,178_94,Clinical (Human),Clinical (Human)
GCF_019350875,SAMN10532228,PRJNA449860,Vibrio cholerae,179_94,Clinical (Human),Clinical (Human)
GCF_019350655,SAMN10531980,PRJNA449860,Vibrio cholerae,182_94,Clinical (Human),Clinical (Human)
GCF_004120685,SAMN09867716,PRJNA449860,Vibrio cholerae,222_94,Clinical (Human),Clinical (Human)
GCF_004121735,SAMN10654174,PRJNA449860,Vibrio cholerae,227_94,Clinical (Human),Clinical (Human)
GCF_019350755,SAMN10531982,PRJNA449860,Vibrio cholerae,229_94,Clinical (Human),Clinical (Human)
GCF_019350595,SAMN10531978,PRJNA449860,Vibrio cholerae,236_94,Clinical (Human),Clinical (Human)
GCF_004121815,SAMN10653967,PRJNA449860,Vibrio cholerae,243_94,Clinical (Human),Clinical (Human)
GCF_004121995,SAMN10653962,PRJNA449860,Vibrio cholerae,254_94,Clinical (Human),Clinical (Human)
GCF_019350805,SAMN10532223,PRJNA449860,Vibrio cholerae,86_94,Clinical (Human),Clinical (Human)
GCF_002892855,SAMN08323859,PRJNA428893,Vibrio cholerae,138_94,Clinical (Human),Clinical (Human)
GCF_019780645,SAMN14752703,PRJNA449860,Vibrio cholerae,163_94,Clinical (Human),Clinical (Human)
GCF_002098235,SAMN06263883,PRJNA363983,Vibrio cholerae,FC1817,Clinical (Human),Clinical (Human)
GCF_006383415,SAMN09742665,PRJNA483379,Vibrio cholerae,286,Clinical (Human),Clinical (Human)
GCF_000960665,SAMN03349604,PRJNA275536,Vibrio parahaemolyticus,VN-0029,Clinical (Human),Clinical (Human)
GCF_002953335,SAMN03996337,PRJNA231221,Vibrio parahaemolyticus,CFSAN001595,Clinical (Human),Clinical (Human)
GCF_001609495,SAMN04358199,PRJNA304021,Vibrio cholerae,C6706,Clinical (Human),Clinical (Human)
GCF_041983145,SAMN40891089,PRJNA1062747,Vibrio parahaemolyticus,763-97,Clinical (Human),Clinical (Human)
GCF_032027525,SAMN37453706,PRJNA1018863,Vibrio parahaemolyticus,1171-97,Clinical (Human),Clinical (Human)
GCF_001471395,SAMN03996329,PRJNA231221,Vibrio parahaemolyticus,CFSAN001613,Clinical (Human),Clinical (Human)
GCF_001471485,SAMN03996335,PRJNA231221,Vibrio parahaemolyticus,CFSAN001617,Clinical (Human),Clinical (Human)
GCF_054329755,SAMN54286609,PRJNA1393258,Vibrio parahaemolyticus,97-10290,Clinical (Human),Clinical (Human)
GCF_055635995,SAMN55846946,PRJNA1426136,Vibrio parahaemolyticus,EN9701173,Clinical (Human),Clinical (Human)
GCF_032820295,SAMN36689549,PRJNA997795,Vibrio parahaemolyticus,AN-5034,Clinical (Human),Clinical (Human)
GCF_045764705,SAMN40891645,PRJNA1062747,Vibrio parahaemolyticus,ATC220,Clinical (Human),Clinical (Human)
GCF_009390195,SAMN11547066,PRJNA540575,Vibrio vulnificus,7356,Clinical (Human),Clinical (Human)
GCF_000299495,SAMN02469953,PRJNA173392,Vibrio parahaemolyticus,FDAARGOS_51,Clinical (Human),Clinical (Human)
GCF_014107515,SAMN12816916,PRJNA573548,Vibrio cholerae,R18358,Clinical (Human),Clinical (Human)
GCF_002098425,SAMN06263874,PRJNA363983,Vibrio cholerae,VN-00300,Clinical (Human),Clinical (Human)
GCF_056175145,SAMN56501518,PRJNA1437248,Vibrio parahaemolyticus,EN9901310,Clinical (Human),Clinical (Human)
GCF_000786855,SAMN03195675,PRJNA267229,Vibrio parahaemolyticus,10-4303,Clinical (Human),Clinical (Human)
GCF_000972025,SAMN03452299,PRJNA275536,Vibrio parahaemolyticus,A0EZ383,Clinical (Human),Clinical (Human)
GCF_000972105,SAMN03452300,PRJNA275536,Vibrio parahaemolyticus,A0EZ608,Clinical (Human),Clinical (Human)
GCF_032841535,SAMN37722527,PRJNA1018863,Vibrio parahaemolyticus,429-00,Clinical (Human),Clinical (Human)
GCF_041982835,SAMN40891096,PRJNA1062747,Vibrio parahaemolyticus,AQ4901,Clinical (Human),Clinical (Human)
GCF_055635885,SAMN55846947,PRJNA1426136,Vibrio parahaemolyticus,EN2910,Clinical (Human),Clinical (Human)
GCF_000786835,SAMN03195665,PRJNA267224,Vibrio parahaemolyticus,10-4298,Clinical (Human),Clinical (Human)
GCF_001030015,SAMN03402964,PRJNA278341,Vibrio parahaemolyticus,A1EZ679,Clinical (Human),Clinical (Human)
GCF_002072985,SAMN03470168,PRJNA280792,Vibrio parahaemolyticus,A1EZ919,Clinical (Human),Clinical (Human)
GCF_045764425,SAMN40891653,PRJNA1062747,Vibrio rotiferianus,568-01,Clinical (Human),Clinical (Human)
GCF_035063525,SAMN37822562,PRJNA1028331,Vibrio parahaemolyticus,498-01,Clinical (Human),Clinical (Human)
GCF_001609435,SAMN04358131,PRJNA304021,Vibrio cidicii,2423-01,Clinical (Human),Clinical (Human)
GCF_009763425,SAMN12648301,PRJNA266293,Vibrio parahaemolyticus,10-4293,Clinical (Human),Clinical (Human)
GCF_001186785,SAMN03839350,PRJNA285678,Vibrio parahaemolyticus,A2EZ523,Clinical (Human),Clinical (Human)
GCF_001187065,SAMN03839372,PRJNA285678,Vibrio parahaemolyticus,A2EZ715,Clinical (Human),Clinical (Human)
GCF_033971475,SAMN13779943,PRJNA599386,Vibrio cholerae,NIHE_29,Clinical (Human),Clinical (Human)
GCF_009762985,SAMN12648314,PRJNA266293,Vibrio parahaemolyticus,10-4288,Clinical (Human),Clinical (Human)
GCF_001682175,SAMN03766034,PRJNA286197,Vibrio parahaemolyticus,A3EZ936,Clinical (Human),Clinical (Human)
GCF_900460225,SAMEA4530654,PRJEB6403,Vibrio parahaemolyticus,038-03,Clinical (Human),Clinical (Human)
GCF_000454145,SAMN02190055,PRJNA176653,Vibrio cholerae,P7-CHT61-04,Clinical (Human),Clinical (Human)
GCF_012275025,SAMN12648275,PRJNA266293,Vibrio parahaemolyticus,04-1290,Clinical (Human),Clinical (Human)
GCF_001728585,SAMN02368333,PRJNA273159,Vibrio parahaemolyticus,04-2551,Clinical (Human),Clinical (Human)
GCF_001609075,SAMN04441015,PRJNA304021,Vibrio parahaemolyticus,04-2192,Clinical (Human),Clinical (Human)
GCF_009763565,SAMN12648285,PRJNA266293,Vibrio parahaemolyticus,4.2548,Clinical (Human),Clinical (Human)
GCF_054329355,SAMN54286589,PRJNA1393258,Vibrio cholerae,VC35,Clinical (Human),Clinical (Human)
GCF_033971795,SAMN13779929,PRJNA599386,Vibrio parahaemolyticus,CAIM 1400,Clinical (Human),Clinical (Human)
GCF_054329075,SAMN54286602,PRJNA1393258,Vibrio parahaemolyticus,B-265,Clinical (Human),Clinical (Human)
GCF_002097895,SAMN06263898,PRJNA363983,Vibrio cholerae,P-18748,Clinical (Human),Clinical (Human)
GCF_008693745,SAMN11056377,PRJNA231221,Vibrio parahaemolyticus,K1275,Clinical (Human),Clinical (Human)
GCF_000593325,SAMN01923895,PRJNA176656,Vibrio cholerae,P9-CHT63-05,Clinical (Human),Clinical (Human)
GCF_001559895,SAMN04296855,PRJNA304021,Vibrio parahaemolyticus,05-4792,Clinical (Human),Clinical (Human)
GCF_009762895,SAMN12648323,PRJNA266293,Vibrio parahaemolyticus,10-4274,Clinical (Human),Clinical (Human)
GCF_001608675,SAMN04422017,PRJNA304021,Vibrio parahaemolyticus,A5Z652,Clinical (Human),Clinical (Human)
GCF_001609175,SAMN04441023,PRJNA304021,Vibrio parahaemolyticus,A5Z878,Clinical (Human),Clinical (Human)
GCF_001608915,SAMN04441025,PRJNA304021,Vibrio parahaemolyticus,A5Z905,Clinical (Human),Clinical (Human)
GCF_001608815,SAMN04422052,PRJNA304021,Vibrio parahaemolyticus,A5Z924,Clinical (Human),Clinical (Human)
GCF_046558275,SAMN40891646,PRJNA1062747,Vibrio parahaemolyticus,PMC42.5,Clinical (Human),Clinical (Human)
GCF_009763525,SAMN12648287,PRJNA266293,Vibrio parahaemolyticus,10-4241,Clinical (Human),Clinical (Human)
GCF_009763505,SAMN12648288,PRJNA266293,Vibrio parahaemolyticus,10-4242,Clinical (Human),Clinical (Human)
GCF_009763185,SAMN12648305,PRJNA266293,Vibrio parahaemolyticus,10-4245,Clinical (Human),Clinical (Human)
GCF_009763165,SAMN12648306,PRJNA266293,Vibrio parahaemolyticus,10-4246,Clinical (Human),Clinical (Human)
GCF_012274925,SAMN12648297,PRJNA266293,Vibrio parahaemolyticus,10-4247,Clinical (Human),Clinical (Human)
GCF_009763065,SAMN12648311,PRJNA266293,Vibrio parahaemolyticus,10-4248,Clinical (Human),Clinical (Human)
GCF_001728545,SAMN02368331,PRJNA273159,Vibrio parahaemolyticus,10-4244,Clinical (Human),Clinical (Human)
GCF_001728725,SAMN02368340,PRJNA273159,Vibrio parahaemolyticus,10-4243,Clinical (Human),Clinical (Human)
GCF_001609025,SAMN04441011,PRJNA304021,Vibrio parahaemolyticus,F1419,Clinical (Human),Clinical (Human)
GCF_001608935,SAMN04441012,PRJNA304021,Vibrio parahaemolyticus,F30368,Clinical (Human),Clinical (Human)
GCF_001608525,SAMN04417571,PRJNA304021,Vibrio parahaemolyticus,F4395,Clinical (Human),Clinical (Human)
GCF_001559885,SAMN04293498,PRJNA304021,Vibrio parahaemolyticus,H11523,Clinical (Human),Clinical (Human)
GCF_001609015,SAMN04441013,PRJNA304021,Vibrio parahaemolyticus,H18983,Clinical (Human),Clinical (Human)
GCF_001608575,SAMN04422010,PRJNA304021,Vibrio parahaemolyticus,H64024,Clinical (Human),Clinical (Human)
GCF_001609055,SAMN04441014,PRJNA304021,Vibrio parahaemolyticus,M59787,Clinical (Human),Clinical (Human)
GCF_001608655,SAMN04422011,PRJNA304021,Vibrio parahaemolyticus,T8994,Clinical (Human),Clinical (Human)
GCF_001609375,SAMN04358132,PRJNA304021,Vibrio cholerae,11116,Clinical (Human),Clinical (Human)
GCF_055638375,SAMN55846968,PRJNA1426136,Vibrio parahaemolyticus,12315,Clinical (Human),Clinical (Human)
GCF_001727465,SAMN02368326,PRJNA273159,Vibrio parahaemolyticus,07-2965,Clinical (Human),Clinical (Human)
GCF_014525355,SAMN12648284,PRJNA266293,Vibrio parahaemolyticus,T12739,Clinical (Human),Clinical (Human)
GCF_001728645,SAMN02368336,PRJNA273159,Vibrio parahaemolyticus,07-1339,Clinical (Human),Clinical (Human)
GCF_000707785,SAMN02741388,PRJNA245882,Vibrio parahaemolyticus,CFSAN001607,Clinical (Human),Clinical (Human)
GCF_055654505,SAMN55846927,PRJNA1426136,Vibrio parahaemolyticus,3324,Clinical (Human),Clinical (Human)
GCF_055635975,SAMN55846949,PRJNA1426136,Vibrio parahaemolyticus,3646,Clinical (Human),Clinical (Human)
GCF_026538225,SAMN29790239,PRJNA859558,Vibrio parahaemolyticus,3328,Clinical (Human),Clinical (Human)
GCF_001727565,SAMN02368328,PRJNA273159,Vibrio parahaemolyticus,08-7626,Clinical (Human),Clinical (Human)
GCF_000878815,SAMN03287713,PRJNA272927,Vibrio parahaemolyticus,10-7197,Clinical (Human),Clinical (Human)
GCF_001728505,SAMN02368332,PRJNA273159,Vibrio parahaemolyticus,10-7205,Clinical (Human),Clinical (Human)
GCF_001608685,SAMN04422051,PRJNA304021,Vibrio parahaemolyticus,C142,Clinical (Human),Clinical (Human)
GCF_001608595,SAMN04422054,PRJNA304021,Vibrio parahaemolyticus,C143,Clinical (Human),Clinical (Human)
GCF_001608895,SAMN04441026,PRJNA304021,Vibrio parahaemolyticus,C144,Clinical (Human),Clinical (Human)
GCF_001608615,SAMN04422094,PRJNA304021,Vibrio parahaemolyticus,C145,Clinical (Human),Clinical (Human)
GCF_001608545,SAMN04422095,PRJNA304021,Vibrio parahaemolyticus,C146,Clinical (Human),Clinical (Human)
GCF_001608865,SAMN04422093,PRJNA304021,Vibrio parahaemolyticus,C147,Clinical (Human),Clinical (Human)
GCF_001609555,SAMN04377087,PRJNA304021,Vibrio parahaemolyticus,C150,Clinical (Human),Clinical (Human)
GCF_014489045,SAMN15930126,PRJNA659903,Vibrio diabolicus,VP189,Clinical (Human),Clinical (Human)
GCF_001728745,SAMN03358838,PRJNA273159,Vibrio parahaemolyticus,09-4434,Clinical (Human),Clinical (Human)
GCF_000975195,SAMN03452289,PRJNA275536,Vibrio parahaemolyticus,09-1772,Clinical (Human),Clinical (Human)
GCF_009763465,SAMN12648294,PRJNA266293,Vibrio parahaemolyticus,09-3216,Clinical (Human),Clinical (Human)
GCF_001727705,SAMN02368329,PRJNA273159,Vibrio parahaemolyticus,09-4663,Clinical (Human),Clinical (Human)
GCF_001728695,SAMN02368339,PRJNA273159,Vibrio parahaemolyticus,09-3218,Clinical (Human),Clinical (Human)
GCF_001728755,SAMN03358839,PRJNA273159,Vibrio parahaemolyticus,09-4660,Clinical (Human),Clinical (Human)
GCF_001727365,SAMN02368278,PRJNA273159,Vibrio parahaemolyticus,09-4664,Clinical (Human),Clinical (Human)
GCF_000972045,SAMN03452290,PRJNA275536,Vibrio parahaemolyticus,09-3219,Clinical (Human),Clinical (Human)
GCF_000972125,SAMN03452292,PRJNA275536,Vibrio parahaemolyticus,09-4661,Clinical (Human),Clinical (Human)
GCF_000972055,SAMN03452293,PRJNA275536,Vibrio parahaemolyticus,09-4662,Clinical (Human),Clinical (Human)
GCF_000972035,SAMN03452294,PRJNA275536,Vibrio parahaemolyticus,09-4665,Clinical (Human),Clinical (Human)
GCF_001609095,SAMN04441016,PRJNA304021,Vibrio parahaemolyticus,09-4666,Clinical (Human),Clinical (Human)
GCF_001727735,SAMN02368280,PRJNA273159,Vibrio parahaemolyticus,09-4681,Clinical (Human),Clinical (Human)
GCF_000974905,SAMN03452291,PRJNA275536,Vibrio parahaemolyticus,09-4436,Clinical (Human),Clinical (Human)
GCF_019350695,SAMN10531983,PRJNA449860,Vibrio mimicus,SX-4,Clinical (Human),Clinical (Human)
GCF_000707385,SAMN02741367,PRJNA245882,Vibrio parahaemolyticus,CFSAN025054,Clinical (Human),Clinical (Human)
GCF_000707445,SAMN02741368,PRJNA245882,Vibrio parahaemolyticus,CFSAN025063,Clinical (Human),Clinical (Human)
GCF_000754625,SAMN03014086,PRJNA259897,Vibrio parahaemolyticus,MAVP-A,Clinical (Human),Clinical (Human)
GCF_000788875,SAMN03104872,PRJNA263670,Vibrio parahaemolyticus,MAVP-L,Clinical (Human),Clinical (Human)
GCF_000789115,SAMN03104873,PRJNA263670,Vibrio parahaemolyticus,MAVP-P,Clinical (Human),Clinical (Human)
GCF_002221085,SAMN06917282,PRJNA263814,Vibrio parahaemolyticus,MAVP-T,Clinical (Human),Clinical (Human)
GCF_006382805,SAMN09742590,PRJNA483379,Vibrio parahaemolyticus,HZ11-012,Clinical (Human),Clinical (Human)
GCF_002198435,SAMN03945144,PRJNA245882,Vibrio parahaemolyticus,MAVP-V,Clinical (Human),Clinical (Human)
GCF_000789055,SAMN03104862,PRJNA263670,Vibrio parahaemolyticus,MAVP-Q,Clinical (Human),Clinical (Human)
GCF_001857435,SAMN05590424,PRJNA339415,Vibrio parahaemolyticus,MAVP-R,Clinical (Human),Clinical (Human)
GCF_000707205,SAMN02741397,PRJNA245882,Vibrio parahaemolyticus,CFSAN018768,Clinical (Human),Clinical (Human)
GCF_001006205,SAMN03349612,PRJNA275536,Vibrio parahaemolyticus,MAVP-Q,Clinical (Human),Clinical (Human)
GCF_905331735,SAMEA8103032,PRJEB39490,Vibrio parahaemolyticus,10290,Clinical (Human),Clinical (Human)
GCF_006382855,SAMN09742587,PRJNA483379,Vibrio parahaemolyticus,HZ12-014,Clinical (Human),Clinical (Human)
GCF_002098415,SAMN06263873,PRJNA363983,Vibrio cholerae,VN-00307,Clinical (Human),Clinical (Human)
GCF_000707465,SAMN02741369,PRJNA245882,Vibrio parahaemolyticus,CFSAN001599,Clinical (Human),Clinical (Human)
GCF_000707485,SAMN02741370,PRJNA245882,Vibrio parahaemolyticus,CFSAN001600,Clinical (Human),Clinical (Human)
GCF_000707505,SAMN02741371,PRJNA245882,Vibrio parahaemolyticus,CFSAN001602,Clinical (Human),Clinical (Human)
GCF_000706885,SAMN02741372,PRJNA245882,Vibrio parahaemolyticus,CFSAN001603,Clinical (Human),Clinical (Human)
GCF_000707145,SAMN02741374,PRJNA245882,Vibrio parahaemolyticus,CFSAN001604,Clinical (Human),Clinical (Human)
GCF_000707705,SAMN02741383,PRJNA245882,Vibrio parahaemolyticus,CFSAN001605,Clinical (Human),Clinical (Human)
GCF_000707725,SAMN02741384,PRJNA245882,Vibrio parahaemolyticus,CFSAN001606,Clinical (Human),Clinical (Human)
GCF_000707825,SAMN02741389,PRJNA245882,Vibrio parahaemolyticus,CFSAN001608,Clinical (Human),Clinical (Human)
GCF_001634105,SAMN04145917,PRJNA245882,Vibrio parahaemolyticus,CFSAN018769,Clinical (Human),Clinical (Human)
GCF_001633845,SAMN04145926,PRJNA245882,Vibrio parahaemolyticus,CFSAN018770,Clinical (Human),Clinical (Human)
GCF_002198295,SAMN03945133,PRJNA245882,Vibrio parahaemolyticus,CFSAN018771,Clinical (Human),Clinical (Human)
GCF_002198335,SAMN03945134,PRJNA245882,Vibrio parahaemolyticus,CFSAN018772,Clinical (Human),Clinical (Human)
GCF_002198275,SAMN03945130,PRJNA245882,Vibrio parahaemolyticus,CFSAN018773,Clinical (Human),Clinical (Human)
GCF_037626095,SAMN13747350,PRJNA599386,Vibrio parahaemolyticus,CTVP5C,Clinical (Human),Clinical (Human)
GCF_009707115,SAMN13118260,PRJNA579730,Vibrio parahaemolyticus,CTVP13C,Clinical (Human),Clinical (Human)
GCF_006382695,SAMN09742599,PRJNA483379,Vibrio parahaemolyticus,HZ13-025,Clinical (Human),Clinical (Human)
GCF_009653755,SAMN10266072,PRJNA497771,Vibrio parahaemolyticus,HZ13-037,Clinical (Human),Clinical (Human)
GCF_001895525,SAMN05935532,PRJNA350230,Vibrio fluvialis,12605,Clinical (Human),Clinical (Human)
GCF_002198355,SAMN03945143,PRJNA245882,Vibrio parahaemolyticus,MAVP-45,Clinical (Human),Clinical (Human)
GCF_002072875,SAMN06115931,PRJNA245882,Vibrio parahaemolyticus,CTVP27C,Clinical (Human),Clinical (Human)
GCF_002072835,SAMN06115936,PRJNA245882,Vibrio parahaemolyticus,CTVP31C,Clinical (Human),Clinical (Human)
GCF_002221145,SAMN06917279,PRJNA263814,Vibrio parahaemolyticus,MAVP4,Clinical (Human),Clinical (Human)
GCF_002221065,SAMN06917284,PRJNA263814,Vibrio parahaemolyticus,MAVP56,Clinical (Human),Clinical (Human)
GCF_032819395,SAMN36689570,PRJNA997795,Vibrio parahaemolyticus,MAVP-26,Clinical (Human),Clinical (Human)
GCF_032819495,SAMN36689571,PRJNA997795,Vibrio parahaemolyticus,MAVP-36,Clinical (Human),Clinical (Human)
GCF_009390095,SAMN11547073,PRJNA540575,Vibrio parahaemolyticus,1168-13,Clinical (Human),Clinical (Human)
GCF_000706905,SAMN02741398,PRJNA245882,Vibrio parahaemolyticus,CTVP35C,Clinical (Human),Clinical (Human)
GCF_002198255,SAMN03945139,PRJNA245882,Vibrio parahaemolyticus,CTVP43C,Clinical (Human),Clinical (Human)
GCF_002198415,SAMN03945141,PRJNA245882,Vibrio parahaemolyticus,MAVP-21,Clinical (Human),Clinical (Human)
GCF_035782595,SAMN13404278,PRJNA593663,Vibrio parahaemolyticus,MAVP-2,Clinical (Human),Clinical (Human)
GCF_010686605,SAMN13376861,PRJNA591293,Vibrio parahaemolyticus,CTVP44C,Clinical (Human),Clinical (Human)
GCF_035782395,SAMN13404280,PRJNA593663,Vibrio parahaemolyticus,MAVP-31,Clinical (Human),Clinical (Human)
GCF_037626465,SAMN13747342,PRJNA599386,Vibrio parahaemolyticus,CTVP22C,Clinical (Human),Clinical (Human)
GCF_037626445,SAMN13747343,PRJNA599386,Vibrio parahaemolyticus,CTVP23C,Clinical (Human),Clinical (Human)
GCF_037626505,SAMN13747344,PRJNA599386,Vibrio parahaemolyticus,CTVP26C,Clinical (Human),Clinical (Human)
GCF_037626525,SAMN13747345,PRJNA599386,Vibrio parahaemolyticus,CTVP33C,Clinical (Human),Clinical (Human)
GCF_037626385,SAMN13747346,PRJNA599386,Vibrio parahaemolyticus,CTVP38C,Clinical (Human),Clinical (Human)
GCF_037626235,SAMN13747347,PRJNA599386,Vibrio parahaemolyticus,CTVP39C,Clinical (Human),Clinical (Human)
GCF_037626315,SAMN13747348,PRJNA599386,Vibrio parahaemolyticus,CTVP40C,Clinical (Human),Clinical (Human)
GCF_037627185,SAMN13747325,PRJNA599386,Vibrio parahaemolyticus,CTVP42C,Clinical (Human),Clinical (Human)
GCF_037626175,SAMN13747349,PRJNA599386,Vibrio parahaemolyticus,CTVP45C,Clinical (Human),Clinical (Human)
GCF_037626845,SAMN13747336,PRJNA599386,Vibrio parahaemolyticus,MAVP-40,Clinical (Human),Clinical (Human)
GCF_035782355,SAMN13404282,PRJNA593663,Vibrio parahaemolyticus,MAVP-24,Clinical (Human),Clinical (Human)
GCF_037626865,SAMN13747333,PRJNA599386,Vibrio parahaemolyticus,MEVP-4,Clinical (Human),Clinical (Human)
GCF_037626705,SAMN13747337,PRJNA599386,Vibrio parahaemolyticus,MAVP-45,Clinical (Human),Clinical (Human)
GCF_037627585,SAMN13747313,PRJNA599386,Vibrio parahaemolyticus,MAVP-8,Clinical (Human),Clinical (Human)
GCF_033971925,SAMN13741049,PRJNA599197,Vibrio parahaemolyticus,MAVP-36,Clinical (Human),Clinical (Human)
GCF_037626685,SAMN13747339,PRJNA599386,Vibrio parahaemolyticus,MAVP-48,Clinical (Human),Clinical (Human)
GCF_037627765,SAMN13747310,PRJNA599386,Vibrio parahaemolyticus,MAVP-37,Clinical (Human),Clinical (Human)
GCF_035615555,SAMN13404279,PRJNA593663,Vibrio parahaemolyticus,MAVP-16,Clinical (Human),Clinical (Human)
GCF_037627055,SAMN13747329,PRJNA599386,Vibrio parahaemolyticus,MAVP-9,Clinical (Human),Clinical (Human)
GCF_037626885,SAMN13747334,PRJNA599386,Vibrio parahaemolyticus,MAVP-19,Clinical (Human),Clinical (Human)
GCF_037627145,SAMN13747326,PRJNA599386,Vibrio parahaemolyticus,MAVP-20,Clinical (Human),Clinical (Human)
GCF_037627075,SAMN13747327,PRJNA599386,Vibrio parahaemolyticus,MAVP-23,Clinical (Human),Clinical (Human)
GCF_033971655,SAMN13779934,PRJNA599386,Vibrio parahaemolyticus,MAVP-29,Clinical (Human),Clinical (Human)
GCF_033971785,SAMN13779928,PRJNA599386,Vibrio parahaemolyticus,MAVP-54,Clinical (Human),Clinical (Human)
GCF_033971575,SAMN13779937,PRJNA599386,Vibrio parahaemolyticus,MAVP-7,Clinical (Human),Clinical (Human)
GCF_002198075,SAMN03945132,PRJNA245882,Vibrio parahaemolyticus,CFSAN026729,Clinical (Human),Clinical (Human)
GCF_002198055,SAMN03945131,PRJNA245882,Vibrio parahaemolyticus,CFSAN026730,Clinical (Human),Clinical (Human)
GCF_033971765,SAMN13779925,PRJNA599386,Vibrio parahaemolyticus,NHVP-2,Clinical (Human),Clinical (Human)
GCF_037627245,SAMN13747324,PRJNA599386,Vibrio parahaemolyticus,NHVP-3,Clinical (Human),Clinical (Human)
GCF_037626765,SAMN13747335,PRJNA599386,Vibrio parahaemolyticus,MAVP-38,Clinical (Human),Clinical (Human)
GCF_009653685,SAMN10266075,PRJNA497771,Vibrio parahaemolyticus,HZ14-038,Clinical (Human),Clinical (Human)
GCF_026614195,SAMN16268003,PRJNA665749,Vibrio vulnificus,19656,Clinical (Human),Clinical (Human)
GCF_006383245,SAMN09742577,PRJNA483379,Vibrio cholerae,IDH06781,Clinical (Human),Clinical (Human)
GCF_002221265,SAMN06917278,PRJNA263814,Vibrio parahaemolyticus,MAVP74,Clinical (Human),Clinical (Human)
GCF_002221285,SAMN06917275,PRJNA263814,Vibrio parahaemolyticus,MAVP78,Clinical (Human),Clinical (Human)
GCF_009390005,SAMN11547077,PRJNA540575,Vibrio parahaemolyticus,1833-14,Clinical (Human),Clinical (Human)
GCF_002198485,SAMN03945142,PRJNA245882,Vibrio parahaemolyticus,MAVP-67,Clinical (Human),Clinical (Human)
GCF_037626565,SAMN13747341,PRJNA599386,Vibrio parahaemolyticus,MAVP-62,Clinical (Human),Clinical (Human)
GCF_037626625,SAMN13747340,PRJNA599386,Vibrio parahaemolyticus,MAVP-61,Clinical (Human),Clinical (Human)
GCF_037832145,SAMN13747351,PRJNA599386,Vibrio parahaemolyticus,MAVP-63,Clinical (Human),Clinical (Human)
GCF_033971595,SAMN13779936,PRJNA599386,Vibrio parahaemolyticus,MAVP-64,Clinical (Human),Clinical (Human)
GCF_033971565,SAMN13779938,PRJNA599386,Vibrio parahaemolyticus,MAVP-72,Clinical (Human),Clinical (Human)
GCF_033971585,SAMN13779939,PRJNA599386,Vibrio parahaemolyticus,MAVP-77,Clinical (Human),Clinical (Human)
GCF_037626905,SAMN13747332,PRJNA599386,Vibrio parahaemolyticus,MEVP-10,Clinical (Human),Clinical (Human)
GCF_037627645,SAMN13747312,PRJNA599386,Vibrio parahaemolyticus,MAVP-79,Clinical (Human),Clinical (Human)
GCF_037627685,SAMN13747311,PRJNA599386,Vibrio parahaemolyticus,MAVP-70,Clinical (Human),Clinical (Human)
GCF_009653705,SAMN10266076,PRJNA497771,Vibrio parahaemolyticus,HZ15-131,Clinical (Human),Clinical (Human)
GCF_002144575,SAMN05301460,PRJNA327110,Vibrio parahaemolyticus,MAVP-112,Clinical (Human),Clinical (Human)
GCF_002144555,SAMN05301461,PRJNA327110,Vibrio parahaemolyticus,MAVP-94,Clinical (Human),Clinical (Human)
GCF_009390205,SAMN11547068,PRJNA540575,Vibrio parahaemolyticus,001-15,Clinical (Human),Clinical (Human)
GCF_009390065,SAMN11547074,PRJNA540575,Vibrio parahaemolyticus,146-15,Clinical (Human),Clinical (Human)
GCF_009390055,SAMN11547075,PRJNA540575,Vibrio parahaemolyticus,147-15,Clinical (Human),Clinical (Human)
GCF_009389955,SAMN11547079,PRJNA540575,Vibrio parahaemolyticus,249-15,Clinical (Human),Clinical (Human)
GCF_009389975,SAMN11547080,PRJNA540575,Vibrio parahaemolyticus,276-15,Clinical (Human),Clinical (Human)
GCF_002198375,SAMN03945140,PRJNA245882,Vibrio parahaemolyticus,MAVP-108,Clinical (Human),Clinical (Human)
GCF_037627465,SAMN13747317,PRJNA599386,Vibrio parahaemolyticus,MAVP-83,Clinical (Human),Clinical (Human)
GCF_009728405,SAMN13387619,PRJNA591774,Vibrio parahaemolyticus,MAVP-105,Clinical (Human),Clinical (Human)
GCF_037626945,SAMN13747331,PRJNA599386,Vibrio parahaemolyticus,MAVP-97,Clinical (Human),Clinical (Human)
GCF_009728255,SAMN13387474,PRJNA591755,Vibrio parahaemolyticus,MAVP-101,Clinical (Human),Clinical (Human)
GCF_009728505,SAMN13387475,PRJNA591756,Vibrio parahaemolyticus,MAVP-102,Clinical (Human),Clinical (Human)
GCF_009728375,SAMN13387509,PRJNA591763,Vibrio parahaemolyticus,MAVP-103,Clinical (Human),Clinical (Human)
GCF_037627485,SAMN13747316,PRJNA599386,Vibrio parahaemolyticus,MAVP-82,Clinical (Human),Clinical (Human)
GCF_037627445,SAMN13747318,PRJNA599386,Vibrio parahaemolyticus,MAVP-84,Clinical (Human),Clinical (Human)
GCF_037627005,SAMN13747330,PRJNA599386,Vibrio parahaemolyticus,MAVP-92,Clinical (Human),Clinical (Human)
GCF_037627345,SAMN13747319,PRJNA599386,Vibrio parahaemolyticus,MAVP-85,Clinical (Human),Clinical (Human)
GCF_037627615,SAMN13747315,PRJNA599386,Vibrio parahaemolyticus,MAVP-80,Clinical (Human),Clinical (Human)
GCF_037627285,SAMN13747322,PRJNA599386,Vibrio parahaemolyticus,MAVP-89,Clinical (Human),Clinical (Human)
GCF_033971545,SAMN13779940,PRJNA599386,Vibrio parahaemolyticus,MAVP-81,Clinical (Human),Clinical (Human)
GCF_033971505,SAMN13779941,PRJNA599386,Vibrio parahaemolyticus,MAVP-86,Clinical (Human),Clinical (Human)
GCF_033971455,SAMN13779942,PRJNA599386,Vibrio parahaemolyticus,MEVP-11,Clinical (Human),Clinical (Human)
GCF_035782415,SAMN13404281,PRJNA593663,Vibrio parahaemolyticus,MAVP-114,Clinical (Human),Clinical (Human)
GCF_037627385,SAMN13747321,PRJNA599386,Vibrio parahaemolyticus,MAVP-88,Clinical (Human),Clinical (Human)
GCF_001007535,SAMN03177810,PRJNA263814,Vibrio tarriae,2015 V-1076,Clinical (Human),Clinical (Human)
GCF_035615635,SAMN13404276,PRJNA593663,Vibrio parahaemolyticus,MAVP-111,Clinical (Human),Clinical (Human)
GCF_001254675,SAMEA889337,PRJEB2215,Vibrio parahaemolyticus,10290,Clinical (Human),Clinical (Human)
GCF_001255575,SAMEA889336,PRJEB2215,Vibrio parahaemolyticus,10290,Clinical (Human),Clinical (Human)
GCF_001254435,SAMEA889331,PRJEB2215,Vibrio parahaemolyticus,10290,Clinical (Human),Clinical (Human)
GCF_902385965,SAMEA5851835,PRJEB33885,Vibrio parahaemolyticus,10290,Clinical (Human),Clinical (Human)
GCF_905331705,SAMEA8103036,PRJEB39490,Vibrio parahaemolyticus,10290,Clinical (Human),Clinical (Human)
GCF_905331785,SAMEA8103027,PRJEB39490,Vibrio parahaemolyticus,10290,Clinical (Human),Clinical (Human)
GCF_905331835,SAMEA8103023,PRJEB39490,Vibrio parahaemolyticus,,Clinical (Human),Clinical (Human)
GCF_905331885,SAMEA8103016,PRJEB39490,Vibrio parahaemolyticus,,Clinical (Human),Clinical (Human)
GCF_905331905,SAMEA8103010,PRJEB39490,Vibrio parahaemolyticus,,Clinical (Human),Clinical (Human)
GCF_905331995,SAMEA8103015,PRJEB39490,Vibrio parahaemolyticus,,Clinical (Human),Clinical (Human)
GCF_948193275,SAMEA112324424,PRJEB39490,Vibrio parahaemolyticus,,Clinical (Human),Clinical (Human)
GCF_004028465,SAMN10761833,PRJNA515151,Vibrio parahaemolyticus,HZ16-018,Clinical (Human),Clinical (Human)
GCF_004310025,SAMN10963619,PRJNA523099,Vibrio parahaemolyticus,HZ16-101,Clinical (Human),Clinical (Human)
GCF_013414365,SAMN10970912,PRJNA523111,Vibrio parahaemolyticus,HZ16-115,Clinical (Human),Clinical (Human)
GCF_004358245,SAMN11125768,PRJNA527019,Vibrio parahaemolyticus,HZ16-148,Clinical (Human),Clinical (Human)
GCF_004358285,SAMN11125784,PRJNA527020,Vibrio parahaemolyticus,HZ16-165,Clinical (Human),Clinical (Human)
GCF_004923355,SAMN11267087,PRJNA529447,Vibrio parahaemolyticus,HZ16-178,Clinical (Human),Clinical (Human)
GCF_009653605,SAMN11318966,PRJNA530573,Vibrio parahaemolyticus,HZ16-187,Clinical (Human),Clinical (Human)
GCF_009391175,SAMN11547019,PRJNA540575,Vibrio parahaemolyticus,HZ16-189,Clinical (Human),Clinical (Human)
GCF_009391125,SAMN11547020,PRJNA540575,Vibrio parahaemolyticus,HZ16-194,Clinical (Human),Clinical (Human)
GCF_009391145,SAMN11547021,PRJNA540575,Vibrio parahaemolyticus,HZ16-215,Clinical (Human),Clinical (Human)
GCF_009391115,SAMN11547022,PRJNA540575,Vibrio parahaemolyticus,HZ16-237,Clinical (Human),Clinical (Human)
GCF_009391015,SAMN11547027,PRJNA540575,Vibrio parahaemolyticus,HZ16-242,Clinical (Human),Clinical (Human)
GCF_009390945,SAMN11547031,PRJNA540575,Vibrio parahaemolyticus,HZ16-248,Clinical (Human),Clinical (Human)
GCF_009390895,SAMN11547033,PRJNA540575,Vibrio parahaemolyticus,HZ16-259,Clinical (Human),Clinical (Human)
GCF_009390855,SAMN11547035,PRJNA540575,Vibrio parahaemolyticus,HZ16-260,Clinical (Human),Clinical (Human)
GCF_009390825,SAMN11547036,PRJNA540575,Vibrio parahaemolyticus,HZ16-270,Clinical (Human),Clinical (Human)
GCF_009390795,SAMN11547037,PRJNA540575,Vibrio parahaemolyticus,HZ16-290,Clinical (Human),Clinical (Human)
GCF_009390765,SAMN11547039,PRJNA540575,Vibrio parahaemolyticus,HZ16-307,Clinical (Human),Clinical (Human)
GCF_009390695,SAMN11547041,PRJNA540575,Vibrio parahaemolyticus,HZ16-323,Clinical (Human),Clinical (Human)
GCF_009390725,SAMN11547042,PRJNA540575,Vibrio parahaemolyticus,HZ16-329,Clinical (Human),Clinical (Human)
GCF_009390215,SAMN11547067,PRJNA540575,Vibrio parahaemolyticus,731,Clinical (Human),Clinical (Human)
GCF_013114385,SAMN12668376,PRJNA563078,Vibrio cholerae,,Clinical (Human),Clinical (Human)
GCF_002098365,SAMN06263875,PRJNA363983,Vibrio cholerae,V-126-16,Clinical (Human),Clinical (Human)
GCF_014489035,SAMN15930188,PRJNA659910,Vibrio parahaemolyticus,SD2016062,Clinical (Human),Clinical (Human)
GCF_026537765,SAMN29790245,PRJNA859558,Vibrio parahaemolyticus,R-14810/1,Clinical (Human),Clinical (Human)
GCF_050876295,SAMN48588244,PRJNA1265187,Vibrio fluvialis,53,Clinical (Human),Clinical (Human)
GCF_035782505,SAMN13404277,PRJNA593663,Vibrio parahaemolyticus,MAVP-127,Clinical (Human),Clinical (Human)
GCF_001007545,SAMN03177809,PRJNA263814,Vibrio paracholerae,2016V-1114,Clinical (Human),Clinical (Human)
GCF_009390705,SAMN11547043,PRJNA540575,Vibrio parahaemolyticus,HZ17-011,Clinical (Human),Clinical (Human)
GCF_009390675,SAMN11547044,PRJNA540575,Vibrio parahaemolyticus,HZ17-017,Clinical (Human),Clinical (Human)
GCF_009390655,SAMN11547045,PRJNA540575,Vibrio parahaemolyticus,HZ17-025,Clinical (Human),Clinical (Human)
GCF_009390605,SAMN11547046,PRJNA540575,Vibrio parahaemolyticus,HZ17-118,Clinical (Human),Clinical (Human)
GCF_009390615,SAMN11547047,PRJNA540575,Vibrio parahaemolyticus,HZ17-143,Clinical (Human),Clinical (Human)
GCF_009390595,SAMN11547048,PRJNA540575,Vibrio parahaemolyticus,HZ17-150,Clinical (Human),Clinical (Human)
GCF_009390555,SAMN11547049,PRJNA540575,Vibrio parahaemolyticus,HZ17-157,Clinical (Human),Clinical (Human)
GCF_009390565,SAMN11547050,PRJNA540575,Vibrio parahaemolyticus,HZ17-162,Clinical (Human),Clinical (Human)
GCF_009390515,SAMN11547051,PRJNA540575,Vibrio parahaemolyticus,HZ17-167,Clinical (Human),Clinical (Human)
GCF_009390495,SAMN11547052,PRJNA540575,Vibrio parahaemolyticus,HZ17-194,Clinical (Human),Clinical (Human)
GCF_009390465,SAMN11547053,PRJNA540575,Vibrio parahaemolyticus,HZ17-210,Clinical (Human),Clinical (Human)
GCF_009390505,SAMN11547054,PRJNA540575,Vibrio parahaemolyticus,HZ17-212,Clinical (Human),Clinical (Human)
GCF_009390455,SAMN11547055,PRJNA540575,Vibrio parahaemolyticus,HZ17-224,Clinical (Human),Clinical (Human)
GCF_009390415,SAMN11547056,PRJNA540575,Vibrio parahaemolyticus,HZ17-253,Clinical (Human),Clinical (Human)
GCF_009390385,SAMN11547057,PRJNA540575,Vibrio parahaemolyticus,HZ17-255,Clinical (Human),Clinical (Human)
GCF_009390395,SAMN11547058,PRJNA540575,Vibrio parahaemolyticus,HZ17-265,Clinical (Human),Clinical (Human)
GCF_009390325,SAMN11547061,PRJNA540575,Vibrio parahaemolyticus,HZ17-272,Clinical (Human),Clinical (Human)
GCF_009390255,SAMN11547064,PRJNA540575,Vibrio parahaemolyticus,HZ17-290,Clinical (Human),Clinical (Human)
GCF_009390265,SAMN11547065,PRJNA540575,Vibrio parahaemolyticus,HZ17-395,Clinical (Human),Clinical (Human)
GCF_009389865,SAMN11547082,PRJNA540575,Vibrio parahaemolyticus,HZ17-018,Clinical (Human),Clinical (Human)
GCF_009389965,SAMN11547078,PRJNA540575,Vibrio parahaemolyticus,2214-17,Clinical (Human),Clinical (Human)
GCF_009389855,SAMN11547081,PRJNA540575,Vibrio parahaemolyticus,686-17,Clinical (Human),Clinical (Human)
GCF_040010455,SAMN41518099,PRJNA1115946,Vibrio vulnificus,39,Clinical (Human),Clinical (Human)
GCF_002221395,SAMN05713797,PRJNA263814,Vibrio tarriae,2017 V-1038,Clinical (Human),Clinical (Human)
GCF_021014565,SAMN06484414,PRJNA378296,Vibrio cholerae,7/2894,Clinical (Human),Clinical (Human)
GCF_029228765,SAMN26879531,PRJNA818794,Vibrio furnissii,VFBJ05,Clinical (Human),Clinical (Human)
GCF_029228795,SAMN26879532,PRJNA818794,Vibrio furnissii,VFBJ07,Clinical (Human),Clinical (Human)
GCF_050875825,SAMN48588020,PRJNA1265187,Vibrio alginolyticus,DWS39,Clinical (Human),Clinical (Human)
GCF_050875805,SAMN48588029,PRJNA1265187,Vibrio alginolyticus,DWS29,Clinical (Human),Clinical (Human)
GCF_015168795,SAMN16483972,PRJNA670109,Vibrio fluvialis,19-VB00936,Clinical (Human),Clinical (Human)
GCF_021014645,SAMN06484420,PRJNA378290,Vibrio cholerae,12/237,Clinical (Human),Clinical (Human)
GCF_040010725,SAMN41518068,PRJNA1115946,Vibrio vulnificus,S1,Clinical (Human),Clinical (Human)
GCF_040010055,SAMN41518069,PRJNA1115946,Vibrio vulnificus,S11,Clinical (Human),Clinical (Human)
GCF_040010035,SAMN41518070,PRJNA1115946,Vibrio vulnificus,S21,Clinical (Human),Clinical (Human)
GCF_040010545,SAMN41518071,PRJNA1115946,Vibrio vulnificus,S4,Clinical (Human),Clinical (Human)
GCF_040011175,SAMN41518073,PRJNA1115946,Vibrio vulnificus,S7,Clinical (Human),Clinical (Human)
GCF_040009965,SAMN41518074,PRJNA1115946,Vibrio vulnificus,S8,Clinical (Human),Clinical (Human)
GCF_016825335,SAMN16783108,PRJNA677930,Vibrio cholerae,173,Clinical (Human),Clinical (Human)
GCF_040010855,SAMN41518096,PRJNA1115946,Vibrio diabolicus,1,Clinical (Human),Clinical (Human)
GCF_040240235,SAMN41809252,PRJNA1123387,Vibrio diabolicus,14,Clinical (Human),Clinical (Human)
GCF_040239875,SAMN41809262,PRJNA1123387,Vibrio alginolyticus,16,Clinical (Human),Clinical (Human)
GCF_040240045,SAMN41809272,PRJNA1123387,Vibrio alginolyticus,17,Clinical (Human),Clinical (Human)
GCF_050877125,SAMN48588242,PRJNA1265187,Vibrio parahaemolyticus,43,Clinical (Human),Clinical (Human)
GCF_050876105,SAMN48588250,PRJNA1265187,Vibrio alginolyticus,15,Clinical (Human),Clinical (Human)
GCF_050875265,SAMN48588013,PRJNA1265187,Vibrio furnissii,50,Clinical (Human),Clinical (Human)
GCF_050875765,SAMN48588031,PRJNA1265187,Vibrio alginolyticus,12,Clinical (Human),Clinical (Human)
GCF_000454245,SAMN02189719,PRJNA176632,Vibrio cholerae,NGY2020-031,Clinical (Human),Clinical (Human)
GCF_000223095,SAMN02470783,PRJNA68553,Vibrio cholerae,735,Clinical (Human),Clinical (Human)
GCF_040240115,SAMN41809255,PRJNA1123387,Vibrio alginolyticus,21,Clinical (Human),Clinical (Human)
GCF_047524995,SAMN44771342,PRJNA1186719,Vibrio alginolyticus,26,Clinical (Human),Clinical (Human)
GCF_050876205,SAMN48588248,PRJNA1265187,Vibrio fluvialis,55,Clinical (Human),Clinical (Human)
GCF_050875425,SAMN48588026,PRJNA1265187,Vibrio diabolicus,3,Clinical (Human),Clinical (Human)
GCF_054329495,SAMN54286582,PRJNA1393258,Vibrio cholerae,VC0452,Clinical (Human),Clinical (Human)
GCF_054329475,SAMN54286586,PRJNA1393258,Vibrio cholerae,VC0453,Clinical (Human),Clinical (Human)
GCF_040010795,SAMN41518097,PRJNA1115946,Vibrio alginolyticus,7,Clinical (Human),Clinical (Human)
GCF_040240005,SAMN41809259,PRJNA1123387,Vibrio alginolyticus,24,Clinical (Human),Clinical (Human)
GCF_047524675,SAMN44771359,PRJNA1186719,Vibrio alginolyticus,35,Clinical (Human),Clinical (Human)
GCF_050875385,SAMN48586877,PRJNA1265187,Vibrio alginolyticus,37,Clinical (Human),Clinical (Human)
GCF_050876125,SAMN48588253,PRJNA1265187,Vibrio diabolicus,38,Clinical (Human),Clinical (Human)
GCF_050875605,SAMN48588016,PRJNA1265187,Vibrio alginolyticus,8,Clinical (Human),Clinical (Human)
GCF_050875505,SAMN48588024,PRJNA1265187,Vibrio alginolyticus,25,Clinical (Human),Clinical (Human)
GCF_050875525,SAMN48588012,PRJNA1265187,Vibrio alginolyticus,36,Clinical (Human),Clinical (Human)
GCF_050876325,SAMN48588238,PRJNA1265187,Vibrio alginolyticus,29,Clinical (Human),Clinical (Human)
GCF_050876145,SAMN48588251,PRJNA1265187,Vibrio parahaemolyticus,42,Clinical (Human),Clinical (Human)
GCF_037150455,SAMN40160518,PRJNA1081302,Vibrio parahaemolyticus,S2022383,Clinical (Human),Clinical (Human)
GCF_037150485,SAMN40160519,PRJNA1081302,Vibrio parahaemolyticus,S2022384,Clinical (Human),Clinical (Human)
GCF_037154215,SAMN40160499,PRJNA1081302,Vibrio parahaemolyticus,S2022385,Clinical (Human),Clinical (Human)
GCF_037154275,SAMN40160503,PRJNA1081302,Vibrio parahaemolyticus,S2022386,Clinical (Human),Clinical (Human)
GCF_037154445,SAMN40160507,PRJNA1081302,Vibrio parahaemolyticus,S2022387,Clinical (Human),Clinical (Human)
GCF_037154535,SAMN40160501,PRJNA1081302,Vibrio parahaemolyticus,S2022390,Clinical (Human),Clinical (Human)
GCF_037154555,SAMN40160500,PRJNA1081302,Vibrio parahaemolyticus,S2022391,Clinical (Human),Clinical (Human)
GCF_037154575,SAMN40160509,PRJNA1081302,Vibrio parahaemolyticus,S2022392,Clinical (Human),Clinical (Human)
GCF_037150415,SAMN40160524,PRJNA1081302,Vibrio parahaemolyticus,S2022393,Clinical (Human),Clinical (Human)
GCF_040735825,SAMN40377900,PRJNA1086473,Vibrio parahaemolyticus,S2022394,Clinical (Human),Clinical (Human)
GCF_046271895,SAMN41071121,PRJNA1101017,Vibrio parahaemolyticus,S2022396,Clinical (Human),Clinical (Human)
GCF_046271965,SAMN41071134,PRJNA1101017,Vibrio parahaemolyticus,S2022397,Clinical (Human),Clinical (Human)
GCF_039581465,SAMN41144949,PRJNA1106634,Vibrio parahaemolyticus,S2022398,Clinical (Human),Clinical (Human)
GCF_040010065,SAMN41518061,PRJNA1115946,Vibrio parahaemolyticus,S2022399,Clinical (Human),Clinical (Human)
GCF_009763345,SAMN12648261,PRJNA266293,Vibrio parahaemolyticus,S2022582,Clinical (Human),Clinical (Human)
GCF_044784405,SAMN44524177,PRJNA1180583,Vibrio parahaemolyticus,S2022583,Clinical (Human),Clinical (Human)
GCF_037168865,SAMN39783961,PRJNA1072230,Vibrio alginolyticus,Q40381,Clinical (Human),Clinical (Human)
GCF_037168885,SAMN39783962,PRJNA1072230,Vibrio alginolyticus,Q45976,Clinical (Human),Clinical (Human)
GCF_037168925,SAMN39783963,PRJNA1072230,Vibrio cholerae,Q65805,Clinical (Human),Clinical (Human)
GCF_037168905,SAMN39783964,PRJNA1072230,Vibrio alginolyticus,Q72830,Clinical (Human),Clinical (Human)
GCF_036881125,SAMN39962931,PRJNA1077272,Vibrio alginolyticus,Q12745,Clinical (Human),Clinical (Human)
GCF_040010195,SAMN41518092,PRJNA1115946,Vibrio parahaemolyticus,40,Clinical (Human),Clinical (Human)
GCF_040010815,SAMN41518095,PRJNA1115946,Vibrio fluvialis,51,Clinical (Human),Clinical (Human)
GCF_050875725,SAMN48586876,PRJNA1265187,Vibrio diabolicus,2,Clinical (Human),Clinical (Human)
GCF_050875215,SAMN48588019,PRJNA1265187,Vibrio diabolicus,28,Clinical (Human),Clinical (Human)
GCF_040009915,SAMN41518062,PRJNA1115946,Vibrio parahaemolyticus,S2023484,Clinical (Human),Clinical (Human)
GCF_040010675,SAMN41518063,PRJNA1115946,Vibrio parahaemolyticus,S2023533,Clinical (Human),Clinical (Human)
GCF_040010485,SAMN41518064,PRJNA1115946,Vibrio parahaemolyticus,S2023536,Clinical (Human),Clinical (Human)
GCF_040010515,SAMN41518065,PRJNA1115946,Vibrio parahaemolyticus,S2023537,Clinical (Human),Clinical (Human)
GCF_040010475,SAMN41518067,PRJNA1115946,Vibrio parahaemolyticus,S2023538,Clinical (Human),Clinical (Human)
GCF_054225725,SAMN54210353,PRJNA1390987,Vibrio parahaemolyticus,LN041103202300079,Clinical (Human),Clinical (Human)
GCF_054225645,SAMN54210352,PRJNA1390987,Vibrio parahaemolyticus,LN041104202300069,Clinical (Human),Clinical (Human)
GCF_054330115,SAMN54286549,PRJNA1393258,Vibrio parahaemolyticus,LN041116202300087,Clinical (Human),Clinical (Human)
GCF_054330095,SAMN54286551,PRJNA1393258,Vibrio parahaemolyticus,LN041116202300114,Clinical (Human),Clinical (Human)
GCF_054329895,SAMN54286554,PRJNA1393258,Vibrio parahaemolyticus,LN041116202300116,Clinical (Human),Clinical (Human)
GCF_040240025,SAMN41809258,PRJNA1123387,Vibrio alginolyticus,22,Clinical (Human),Clinical (Human)
GCF_050875485,SAMN48588025,PRJNA1265187,Vibrio fluvialis,52,Clinical (Human),Clinical (Human)
GCF_050875865,SAMN48586880,PRJNA1265187,Vibrio fluvialis,54,Clinical (Human),Clinical (Human)
GCF_054329515,SAMN54286581,PRJNA1393258,Vibrio cholerae,VC1026,Clinical (Human),Clinical (Human)
GCF_001247525,SAMEA889163,PRJEB2215,Vibrio parahaemolyticus,,Clinical (Human),Clinical (Human)
GCF_002097915,SAMN06263900,PRJNA363983,Vibrio mimicus,MB-451,Clinical (Human),Clinical (Human)
GCF_006382755,SAMN09742597,PRJNA483379,Vibrio parahaemolyticus,VP840119,Clinical (Human),Clinical (Human)
GCF_006382735,SAMN09742595,PRJNA483379,Vibrio parahaemolyticus,VP900008,Clinical (Human),Clinical (Human)
GCF_054329335,SAMN54286590,PRJNA1393258,Vibrio cholerae,4260B,Clinical (Human),Clinical (Human)
GCF_033971515,SAMN13779944,PRJNA599386,Vibrio cholerae,S-616,Clinical (Human),Clinical (Human)
GCF_033971425,SAMN13779948,PRJNA599386,Vibrio cholerae,S-617,Clinical (Human),Clinical (Human)
GCF_009991755,SAMN12364843,PRJNA556706,Vibrio cholerae,8048,Clinical (Human),Clinical (Human)
GCF_033971715,SAMN13779933,PRJNA599386,Vibrio cholerae,752,Clinical (Human),Clinical (Human)
GCF_000960565,SAMN03349602,PRJNA275536,Vibrio cholerae,YN97083,Clinical (Human),Clinical (Human)
GCF_033971385,SAMN13779946,PRJNA599386,Vibrio cholerae,S-567,Clinical (Human),Clinical (Human)
GCF_036881635,SAMN39962933,PRJNA1077272,Vibrio parahaemolyticus,GTVSS-032,Clinical (Human),Clinical (Human)
GCF_006383325,SAMN09737248,PRJNA483379,Vibrio cholerae,I-1334,Clinical (Human),Clinical (Human)
GCF_006383355,SAMN09742579,PRJNA483379,Vibrio cholerae,I-1298,Clinical (Human),Clinical (Human)
GCF_006383225,SAMN09742580,PRJNA483379,Vibrio cholerae,I-1344,Clinical (Human),Clinical (Human)
GCF_037026695,SAMN40202097,PRJNA1077272,Vibrio parahaemolyticus,GTVSS-031,Clinical (Human),Clinical (Human)
GCF_001895595,SAMN05935535,PRJNA350230,Vibrio cholerae,CISM_105,Clinical (Human),Clinical (Human)
GCF_001895365,SAMN05935538,PRJNA350230,Vibrio cholerae,CISM_134,Clinical (Human),Clinical (Human)
GCF_001895465,SAMN05935539,PRJNA350230,Vibrio cholerae,CISM_146,Clinical (Human),Clinical (Human)
GCF_001895635,SAMN05935540,PRJNA350230,Vibrio cholerae,CISM_147,Clinical (Human),Clinical (Human)
GCF_002221005,SAMN06042549,PRJNA354199,Vibrio cholerae,CISM_178,Clinical (Human),Clinical (Human)
GCF_002220995,SAMN06042547,PRJNA354199,Vibrio cholerae,CISM_179,Clinical (Human),Clinical (Human)
GCF_002220985,SAMN06042545,PRJNA354199,Vibrio cholerae,CISM_188,Clinical (Human),Clinical (Human)
GCF_001913735,SAMN06162268,PRJNA357947,Vibrio cholerae,CISM_189,Clinical (Human),Clinical (Human)
GCF_001913745,SAMN06163187,PRJNA357986,Vibrio cholerae,CISM_191,Clinical (Human),Clinical (Human)
GCF_001913775,SAMN06166873,PRJNA358142,Vibrio cholerae,CISM_196,Clinical (Human),Clinical (Human)
GCF_003057115,SAMN08741634,PRJNA439176,Vibrio parahaemolyticus,CAIM 1772,Clinical (Human),Clinical (Human)
GCF_000878785,SAMN03287714,PRJNA272927,Vibrio parahaemolyticus,CDC_K4762,Clinical (Human),Clinical (Human)
GCF_000878565,SAMN03287765,PRJNA272927,Vibrio parahaemolyticus,CDC_K4763,Clinical (Human),Clinical (Human)
GCF_001727585,SAMN02368324,PRJNA273159,Vibrio parahaemolyticus,CDC_K4558G,Clinical (Human),Clinical (Human)
GCF_001728095,SAMN02368294,PRJNA273159,Vibrio parahaemolyticus,CDC_K4858,Clinical (Human),Clinical (Human)
GCF_000878735,SAMN03287762,PRJNA272927,Vibrio parahaemolyticus,CDC_K4638,Clinical (Human),Clinical (Human)
GCF_000878665,SAMN03287760,PRJNA272927,Vibrio parahaemolyticus,CDC_K4637G,Clinical (Human),Clinical (Human)
GCF_000878675,SAMN03287761,PRJNA272927,Vibrio parahaemolyticus,CDC_K4637W,Clinical (Human),Clinical (Human)
GCF_000878575,SAMN03287766,PRJNA272927,Vibrio parahaemolyticus,CDC_K4764D,Clinical (Human),Clinical (Human)
GCF_000878585,SAMN03287767,PRJNA272927,Vibrio parahaemolyticus,CDC_K4764L,Clinical (Human),Clinical (Human)
GCF_000878645,SAMN03287763,PRJNA272927,Vibrio parahaemolyticus,CDC_K4639G,Clinical (Human),Clinical (Human)
GCF_000878595,SAMN03287764,PRJNA272927,Vibrio parahaemolyticus,CDC_K4639W,Clinical (Human),Clinical (Human)
GCF_001727925,SAMN02368286,PRJNA273159,Vibrio parahaemolyticus,CDC_K4842,Clinical (Human),Clinical (Human)
GCF_002209665,SAMN05578010,PRJNA263814,Vibrio metoecus,06-2478,Clinical (Human),Clinical (Human)
GCF_001728415,SAMN03358833,PRJNA273159,Vibrio parahaemolyticus,CDC_K4556R,Clinical (Human),Clinical (Human)
GCF_000878805,SAMN03287715,PRJNA272927,Vibrio parahaemolyticus,CDC_K4859,Clinical (Human),Clinical (Human)
GCF_001727475,SAMN02368316,PRJNA273159,Vibrio parahaemolyticus,CDC_K5276,Clinical (Human),Clinical (Human)
GCF_000878705,SAMN03287759,PRJNA272927,Vibrio parahaemolyticus,CDC_K5330,Clinical (Human),Clinical (Human)
GCF_001727895,SAMN03358830,PRJNA273159,Vibrio parahaemolyticus,CDC_K5308,Clinical (Human),Clinical (Human)
GCF_001609515,SAMN04377387,PRJNA304021,Vibrio parahaemolyticus,Gxw_7004,Clinical (Human),Clinical (Human)
GCF_001727485,SAMN02368315,PRJNA273159,Vibrio parahaemolyticus,CDC_K5512,Clinical (Human),Clinical (Human)
GCF_001728375,SAMN03358832,PRJNA273159,Vibrio parahaemolyticus,CDC_K5278,Clinical (Human),Clinical (Human)
GCF_001727825,SAMN03358829,PRJNA273159,Vibrio parahaemolyticus,CDC_K5280,Clinical (Human),Clinical (Human)
GCF_001727845,SAMN02368283,PRJNA273159,Vibrio parahaemolyticus,CDC_K5281,Clinical (Human),Clinical (Human)
GCF_001728335,SAMN02368307,PRJNA273159,Vibrio parahaemolyticus,CDC_K5433,Clinical (Human),Clinical (Human)
GCF_001727975,SAMN02368288,PRJNA273159,Vibrio parahaemolyticus,CDC_K5345G,Clinical (Human),Clinical (Human)
GCF_001727965,SAMN03358831,PRJNA273159,Vibrio parahaemolyticus,CDC_K5345W,Clinical (Human),Clinical (Human)
GCF_001727575,SAMN02368312,PRJNA273159,Vibrio parahaemolyticus,CDC_K5457,Clinical (Human),Clinical (Human)
GCF_001727915,SAMN02368287,PRJNA273159,Vibrio parahaemolyticus,CDC_K5331,Clinical (Human),Clinical (Human)
GCF_001728085,SAMN02368293,PRJNA273159,Vibrio parahaemolyticus,CDC_K5429,Clinical (Human),Clinical (Human)
GCF_001728345,SAMN02368308,PRJNA273159,Vibrio parahaemolyticus,CDC_K5435,Clinical (Human),Clinical (Human)
GCF_001727995,SAMN02368290,PRJNA273159,Vibrio parahaemolyticus,CDC_K5346,Clinical (Human),Clinical (Human)
GCF_001728405,SAMN02368309,PRJNA273159,Vibrio parahaemolyticus,CDC_K5437,Clinical (Human),Clinical (Human)
GCF_001727385,SAMN02368325,PRJNA273159,Vibrio parahaemolyticus,CDC_K5635,Clinical (Human),Clinical (Human)
GCF_001727655,SAMN02368310,PRJNA273159,Vibrio parahaemolyticus,CDC_K5438,Clinical (Human),Clinical (Human)
GCF_001728485,SAMN02368323,PRJNA273159,Vibrio parahaemolyticus,CDC_K5701,Clinical (Human),Clinical (Human)
GCF_001727665,SAMN02368320,PRJNA273159,Vibrio parahaemolyticus,CDC_K5582,Clinical (Human),Clinical (Human)
GCF_001728425,SAMN02368321,PRJNA273159,Vibrio parahaemolyticus,CDC_K5629,Clinical (Human),Clinical (Human)
GCF_004121795,SAMN10653479,PRJNA449860,Vibrio parahaemolyticus,VP080007,Clinical (Human),Clinical (Human)
GCF_002150465,SAMN06169655,PRJNA358262,Vibrio paracholerae,CISM_300506,Clinical (Human),Clinical (Human)
GCF_009763785,SAMN12648259,PRJNA266293,Vibrio cholerae,3528-08,Clinical (Human),Clinical (Human)
GCF_001601695,SAMN04358201,PRJNA304021,Vibrio parahaemolyticus,100136,Clinical (Human),Clinical (Human)
GCF_009763645,SAMN12648282,PRJNA266293,Vibrio cholerae,3569-08,Clinical (Human),Clinical (Human)
GCF_001921805,SAMN06169820,PRJNA358320,Vibrio cholerae,CISM_302015,Clinical (Human),Clinical (Human)
GCF_001952955,SAMN06209376,PRJNA360363,Vibrio cholerae,CISM_302029,Clinical (Human),Clinical (Human)
GCF_001541625,SAMN04349756,PRJNA306404,Vibrio parahaemolyticus,100147,Clinical (Human),Clinical (Human)
GCF_001609695,SAMN04377551,PRJNA304021,Vibrio parahaemolyticus,Gxw_9143,Clinical (Human),Clinical (Human)
GCF_001517845,SAMN04417215,PRJNA308888,Vibrio parahaemolyticus,100148,Clinical (Human),Clinical (Human)
GCF_004121965,SAMN10653950,PRJNA449860,Vibrio parahaemolyticus,VP090004,Clinical (Human),Clinical (Human)
GCF_002144535,SAMN05301458,PRJNA327110,Vibrio parahaemolyticus,100157,Clinical (Human),Clinical (Human)
GCF_001541615,SAMN04349747,PRJNA306401,Vibrio parahaemolyticus,100146,Clinical (Human),Clinical (Human)
GCF_001597945,SAMN04296643,PRJNA304180,Vibrio parahaemolyticus,100142,Clinical (Human),Clinical (Human)
GCF_000706845,SAMN02741363,PRJNA245882,Vibrio parahaemolyticus,CFSAN007452,Clinical (Human),Clinical (Human)
GCF_001517855,SAMN04417250,PRJNA308901,Vibrio parahaemolyticus,100151,Clinical (Human),Clinical (Human)
GCF_000706865,SAMN02741364,PRJNA245882,Vibrio parahaemolyticus,CFSAN007453,Clinical (Human),Clinical (Human)
GCF_002209605,SAMN05578011,PRJNA263814,Vibrio parahaemolyticus,2010V-1106,Clinical (Human),Clinical (Human)
GCF_022289115,SAMN20804978,PRJNA754786,Vibrio cholerae,C1,Clinical (Human),Clinical (Human)
GCF_001006115,SAMN03349607,PRJNA275536,Vibrio cholerae,NHCC-05,Clinical (Human),Clinical (Human)
GCF_002209725,SAMN05579852,PRJNA263814,Vibrio metoecus,2011V-1015,Clinical (Human),Clinical (Human)
GCF_021166935,SAMN23296542,PRJNA781803,Vibrio cholerae,C6,Clinical (Human),Clinical (Human)
GCF_022289185,SAMN20804979,PRJNA754786,Vibrio cholerae,C22,Clinical (Human),Clinical (Human)
GCF_015482825,SAMN16705019,PRJNA675358,Vibrio fluvialis,PV9,Clinical (Human),Clinical (Human)
GCF_001895615,SAMN05935523,PRJNA350230,Vibrio parahaemolyticus,GIMxtfL61-2011.05,Clinical (Human),Clinical (Human)
GCF_001895705,SAMN05935526,PRJNA350230,Vibrio parahaemolyticus,GIMxtfL65-2011.05,Clinical (Human),Clinical (Human)
GCF_001895515,SAMN05935527,PRJNA350230,Vibrio parahaemolyticus,GIMxtfL71-2011.05,Clinical (Human),Clinical (Human)
GCF_001895745,SAMN05935530,PRJNA350230,Vibrio parahaemolyticus,GIMxtfL83-2011.05,Clinical (Human),Clinical (Human)
GCF_001895535,SAMN05935531,PRJNA350230,Vibrio parahaemolyticus,GIMxtfL88-2011.05,Clinical (Human),Clinical (Human)
GCF_004121685,SAMN10654121,PRJNA449860,Vibrio parahaemolyticus,VP110008,Clinical (Human),Clinical (Human)
GCF_001006125,SAMN03349608,PRJNA275536,Vibrio cholerae,NHCM-033,Clinical (Human),Clinical (Human)
GCF_002198135,SAMN03945135,PRJNA245882,Vibrio cholerae,2012HC-07,Clinical (Human),Clinical (Human)
GCF_002198195,SAMN03945129,PRJNA245882,Vibrio cholerae,2012HC-08,Clinical (Human),Clinical (Human)
GCF_002198185,SAMN03945137,PRJNA245882,Vibrio cholerae,2012HC-16,Clinical (Human),Clinical (Human)
GCF_000707325,SAMN02741360,PRJNA245882,Vibrio parahaemolyticus,CFSAN007438,Clinical (Human),Clinical (Human)
GCF_000958585,SAMN02712351,PRJNA242823,Vibrio parahaemolyticus,CFSAN007429,Clinical (Human),Clinical (Human)
GCF_000701045,SAMN02252525,PRJNA245882,Vibrio parahaemolyticus,CFSAN007430,Clinical (Human),Clinical (Human)
GCF_000706825,SAMN02741349,PRJNA245882,Vibrio parahaemolyticus,CFSAN007431,Clinical (Human),Clinical (Human)
GCF_000736855,SAMN02693887,PRJNA242443,Vibrio parahaemolyticus,CFSAN006129,Clinical (Human),Clinical (Human)
GCF_000707865,SAMN02741362,PRJNA245882,Vibrio parahaemolyticus,CFSAN007448,Clinical (Human),Clinical (Human)
GCF_000707845,SAMN02741361,PRJNA245882,Vibrio parahaemolyticus,CFSAN007447,Clinical (Human),Clinical (Human)
GCF_002890525,SAMN05578963,PRJNA325600,Vibrio parahaemolyticus,100154,Clinical (Human),Clinical (Human)
GCF_002209675,SAMN05578013,PRJNA263814,Vibrio fluvialis,2012V-1235,Clinical (Human),Clinical (Human)
GCF_009763085,SAMN12648291,PRJNA266293,Vibrio furnissii,2013V-1001,Clinical (Human),Clinical (Human)
GCF_006383385,SAMN09742582,PRJNA483379,Vibrio parahaemolyticus,ICDC-VP1329,Clinical (Human),Clinical (Human)
GCF_000736765,SAMN02693888,PRJNA242443,Vibrio parahaemolyticus,CFSAN006130,Clinical (Human),Clinical (Human)
GCF_000706965,SAMN02741396,PRJNA245882,Vibrio parahaemolyticus,CFSAN007462,Clinical (Human),Clinical (Human)
GCF_000707625,SAMN02741350,PRJNA245882,Vibrio parahaemolyticus,CFSAN007432,Clinical (Human),Clinical (Human)
GCF_000736955,SAMN02693882,PRJNA242443,Vibrio parahaemolyticus,CFSAN006132,Clinical (Human),Clinical (Human)
GCF_002209775,SAMN05578017,PRJNA263814,Vibrio parahaemolyticus,2013V-1174,Clinical (Human),Clinical (Human)
GCF_000737005,SAMN02693884,PRJNA242443,Vibrio parahaemolyticus,CFSAN006131,Clinical (Human),Clinical (Human)
GCF_000736945,SAMN02693881,PRJNA242443,Vibrio parahaemolyticus,CFSAN006133,Clinical (Human),Clinical (Human)
GCF_000707245,SAMN02741354,PRJNA245882,Vibrio parahaemolyticus,CFSAN007433,Clinical (Human),Clinical (Human)
GCF_000736845,SAMN02693883,PRJNA242443,Vibrio parahaemolyticus,CFSAN006134,Clinical (Human),Clinical (Human)
GCF_000707525,SAMN02741355,PRJNA245882,Vibrio parahaemolyticus,CFSAN007434,Clinical (Human),Clinical (Human)
GCF_000736935,SAMN02693891,PRJNA242443,Vibrio parahaemolyticus,CFSAN006135,Clinical (Human),Clinical (Human)
GCF_002210265,SAMN05578019,PRJNA263814,Vibrio parahaemolyticus,2013V-1176,Clinical (Human),Clinical (Human)
GCF_003311815,SAMN09261043,PRJNA266293,Vibrio parahaemolyticus,2013V-1181,Clinical (Human),Clinical (Human)
GCF_000707225,SAMN02741358,PRJNA245882,Vibrio parahaemolyticus,CFSAN007435,Clinical (Human),Clinical (Human)
GCF_000707405,SAMN02741365,PRJNA245882,Vibrio parahaemolyticus,CFSAN007460,Clinical (Human),Clinical (Human)
GCF_002209735,SAMN05578016,PRJNA263814,Vibrio parahaemolyticus,2013V-1146,Clinical (Human),Clinical (Human)
GCF_000706925,SAMN02741359,PRJNA245882,Vibrio parahaemolyticus,CFSAN007436,Clinical (Human),Clinical (Human)
GCF_000186585,SAMN02603666,PRJNA59881,Vibrio parahaemolyticus,2013V-1244,Clinical (Human),Clinical (Human)
GCF_002144515,SAMN05301360,PRJNA327110,Vibrio parahaemolyticus,100156,Clinical (Human),Clinical (Human)
GCF_000707425,SAMN02741366,PRJNA245882,Vibrio parahaemolyticus,CFSAN007461,Clinical (Human),Clinical (Human)
GCF_001597935,SAMN04296647,PRJNA304180,Vibrio parahaemolyticus,100143,Clinical (Human),Clinical (Human)
GCF_003311805,SAMN09261046,PRJNA266293,Vibrio fluvialis,2013V-1300,Clinical (Human),Clinical (Human)
GCF_032820055,SAMN36689554,PRJNA997795,Vibrio alginolyticus,2014V-1011,Clinical (Human),Clinical (Human)
GCF_003716515,SAMN10360548,PRJNA266293,Vibrio parahaemolyticus,2014V-1066,Clinical (Human),Clinical (Human)
GCF_022290445,SAMN20804970,PRJNA754786,Vibrio cholerae,C17,Clinical (Human),Clinical (Human)
GCF_019350795,SAMN10532224,PRJNA449860,Vibrio parahaemolyticus,VP140355,Clinical (Human),Clinical (Human)
GCF_022289865,SAMN20804975,PRJNA754786,Vibrio cholerae,C23,Clinical (Human),Clinical (Human)
GCF_003716505,SAMN10360549,PRJNA266293,Vibrio parahaemolyticus,2014V-1125,Clinical (Human),Clinical (Human)
GCF_019350615,SAMN10531979,PRJNA449860,Vibrio parahaemolyticus,VP140862,Clinical (Human),Clinical (Human)
GCF_009763865,SAMN12648262,PRJNA266293,Vibrio fluvialis,2015AW-0077,Clinical (Human),Clinical (Human)
GCF_009763905,SAMN12648263,PRJNA266293,Vibrio fluvialis,2015AW-0221,Clinical (Human),Clinical (Human)
GCF_019350715,SAMN10532215,PRJNA449860,Vibrio parahaemolyticus,VP150244,Clinical (Human),Clinical (Human)
GCF_009764075,SAMN12648277,PRJNA266293,Vibrio parahaemolyticus,2015AW-0174,Clinical (Human),Clinical (Human)
GCF_012275005,SAMN12648279,PRJNA266293,Vibrio cholerae,2015V-1118,Clinical (Human),Clinical (Human)
GCF_032820035,SAMN36689555,PRJNA997795,Vibrio cholerae,2015V-1126,Clinical (Human),Clinical (Human)
GCF_001609675,SAMN04377553,PRJNA304021,Vibrio cholerae,M1275D,Clinical (Human),Clinical (Human)
GCF_012972715,SAMN14687401,PRJNA627808,Vibrio cholerae,HfVC1,Clinical (Human),Clinical (Human)
GCF_016761635,SAMN15763362,PRJNA655991,Vibrio cholerae,HfVC2,Clinical (Human),Clinical (Human)
GCF_016761575,SAMN15763365,PRJNA655991,Vibrio cholerae,HfVC3,Clinical (Human),Clinical (Human)
GCF_016761595,SAMN15763366,PRJNA655991,Vibrio cholerae,HfVC4,Clinical (Human),Clinical (Human)
GCF_014654695,SAMN15808366,PRJNA656914,Vibrio cholerae,HfVC5,Clinical (Human),Clinical (Human)
GCF_014489005,SAMN15929483,PRJNA659869,Vibrio cholerae,HfVC6,Clinical (Human),Clinical (Human)
GCF_014489095,SAMN15930068,PRJNA659896,Vibrio cholerae,HfVC7,Clinical (Human),Clinical (Human)
GCF_004121875,SAMN10653970,PRJNA449860,Vibrio parahaemolyticus,VP160152,Clinical (Human),Clinical (Human)
GCF_010692765,SAMN13893117,PRJNA602337,Vibrio cholerae,VC_hf7,Clinical (Human),Clinical (Human)
GCF_004121945,SAMN10653949,PRJNA449860,Vibrio parahaemolyticus,VP160675,Clinical (Human),Clinical (Human)
GCF_004121895,SAMN10654001,PRJNA449860,Vibrio parahaemolyticus,VP160483,Clinical (Human),Clinical (Human)
GCF_019350895,SAMN10532229,PRJNA449860,Vibrio parahaemolyticus,VP160968,Clinical (Human),Clinical (Human)
GCF_004123215,SAMN10803227,PRJNA449860,Vibrio parahaemolyticus,VP160744,Clinical (Human),Clinical (Human)
GCF_004122005,SAMN10654173,PRJNA449860,Vibrio parahaemolyticus,VP161168,Clinical (Human),Clinical (Human)
GCF_000222145,SAMN02470633,PRJNA47421,Vibrio parahaemolyticus,VP161504,Clinical (Human),Clinical (Human)
GCF_006382705,SAMN09742598,PRJNA483379,Vibrio parahaemolyticus,VP161602,Clinical (Human),Clinical (Human)
GCF_002098355,SAMN06263876,PRJNA363983,Vibrio cholerae,28,Clinical (Human),Clinical (Human)
GCF_002097755,SAMN06263908,PRJNA363983,Vibrio cholerae,114,Clinical (Human),Clinical (Human)
GCF_006382785,SAMN09742591,PRJNA483379,Vibrio parahaemolyticus,VP161904,Clinical (Human),Clinical (Human)
GCF_006382765,SAMN09742593,PRJNA483379,Vibrio parahaemolyticus,VP162180,Clinical (Human),Clinical (Human)
GCF_006382895,SAMN09742583,PRJNA483379,Vibrio cholerae,NALMLE47,Clinical (Human),Clinical (Human)
GCF_029228675,SAMN26879533,PRJNA818794,Vibrio cholerae,N17-0919,Clinical (Human),Clinical (Human)
GCF_006383425,SAMN09737247,PRJNA483379,Vibrio parahaemolyticus,VP170075,Clinical (Human),Clinical (Human)
GCF_029228665,SAMN26879536,PRJNA818794,Vibrio cholerae,N17-1677,Clinical (Human),Clinical (Human)
GCF_029228705,SAMN26879534,PRJNA818794,Vibrio cholerae,N17-2024,Clinical (Human),Clinical (Human)
GCF_015686785,SAMN16805801,PRJNA670109,Vibrio parahaemolyticus,PV85,Clinical (Human),Clinical (Human)
GCF_009991645,SAMN12364845,PRJNA556706,Vibrio cholerae,NAG1,Clinical (Human),Clinical (Human)
GCF_009193065,SAMN12359103,PRJNA556528,Vibrio cholerae,Inaba IN2,Clinical (Human),Clinical (Human)
GCF_015686745,SAMN16805802,PRJNA670109,Vibrio furnissii,PV88,Clinical (Human),Clinical (Human)
GCF_029228685,SAMN26879535,PRJNA818794,Vibrio cholerae,N18-0269,Clinical (Human),Clinical (Human)
GCF_032820155,SAMN36689552,PRJNA997795,Vibrio cholerae,N18-0491,Clinical (Human),Clinical (Human)
GCF_023488285,SAMN27723935,PRJNA830476,Vibrio cholerae,N18-1211,Clinical (Human),Clinical (Human)
GCF_024220035,SAMN29395242,PRJNA853528,Vibrio cholerae,N18-1318,Clinical (Human),Clinical (Human)
GCF_006383315,SAMN09742575,PRJNA483379,Vibrio cholerae,Santiago,Clinical (Human),Clinical (Human)
GCF_033971705,SAMN13779931,PRJNA599386,Vibrio fluvialis,GCCln29,Clinical (Human),Clinical (Human)
GCF_046581405,SAMN04457467,PRJNA553648,Vibrio vulnificus,Vv180806,Clinical (Human),Clinical (Human)
GCF_948193295,SAMEA112324431,PRJEB39490,Vibrio cholerae,CNRVC190247,Clinical (Human),Clinical (Human)
GCF_024495365,SAMN29856467,PRJNA860711,Vibrio cholerae,N18-1514,Clinical (Human),Clinical (Human)
GCF_024495185,SAMN29856470,PRJNA860711,Vibrio cholerae,N18-1603,Clinical (Human),Clinical (Human)
GCF_028802805,SAMN33296474,PRJNA872212,Vibrio cholerae,N18-1761,Clinical (Human),Clinical (Human)
GCF_015686735,SAMN16805800,PRJNA670109,Vibrio furnissii,PV57,Clinical (Human),Clinical (Human)
GCF_028802785,SAMN33297839,PRJNA872212,Vibrio cholerae,N18-2119,Clinical (Human),Clinical (Human)
GCF_029906585,SAMN34315296,PRJNA960680,Vibrio cholerae,N18-2287,Clinical (Human),Clinical (Human)
GCF_033971645,SAMN13779932,PRJNA599386,Vibrio fluvialis,GCCln32,Clinical (Human),Clinical (Human)
GCF_033971405,SAMN13779950,PRJNA599386,Vibrio fluvialis,GCCln43,Clinical (Human),Clinical (Human)
GCF_015686835,SAMN16805797,PRJNA670109,Vibrio furnissii,PV_169_S,Clinical (Human),Clinical (Human)
GCF_015686715,SAMN16805798,PRJNA670109,Vibrio furnissii,PV169,Clinical (Human),Clinical (Human)
GCF_015686775,SAMN16805799,PRJNA670109,Vibrio parahaemolyticus,PV280,Clinical (Human),Clinical (Human)
GCF_050875185,SAMN48588018,PRJNA1265187,Vibrio cholerae,NOVC02,Clinical (Human),Clinical (Human)
GCF_030316215,SAMN35555507,PRJNA978498,Vibrio cholerae,N19-2759,Clinical (Human),Clinical (Human)
GCF_032819675,SAMN36689564,PRJNA997795,Vibrio cholerae,N19-2759,Clinical (Human),Clinical (Human)
GCF_030316235,SAMN35555508,PRJNA978498,Vibrio cholerae,N19-2973,Clinical (Human),Clinical (Human)
GCF_032820475,SAMN36689543,PRJNA997795,Vibrio cholerae,N19-2998,Clinical (Human),Clinical (Human)
GCF_032820395,SAMN36689545,PRJNA997795,Vibrio cholerae,N20-0610,Clinical (Human),Clinical (Human)
GCF_029228815,SAMN26879530,PRJNA818794,Vibrio cholerae,2352495169,Clinical (Human),Clinical (Human)
GCF_050875455,SAMN48588028,PRJNA1265187,Vibrio cholerae,NOVC01,Clinical (Human),Clinical (Human)
GCF_041983325,SAMN40891084,PRJNA1062747,Vibrio parahaemolyticus,S0433,Clinical (Human),Clinical (Human)
GCF_050876055,SAMN48588252,PRJNA1265187,Vibrio parahaemolyticus,S2020433,Clinical (Human),Clinical (Human)
GCF_041983125,SAMN40891092,PRJNA1062747,Vibrio parahaemolyticus,S0466,Clinical (Human),Clinical (Human)
GCF_050875305,SAMN48586870,PRJNA1265187,Vibrio parahaemolyticus,S2020466,Clinical (Human),Clinical (Human)
GCF_036441855,SAMN39715795,PRJNA1071824,Vibrio parahaemolyticus,S2020183,Clinical (Human),Clinical (Human)
GCF_022290575,SAMN20804968,PRJNA754786,Vibrio parahaemolyticus,JX-FB-vp8,Clinical (Human),Clinical (Human)
GCF_020169615,SAMN18332103,PRJNA714541,Vibrio parahaemolyticus,JX-FB-vp1,Clinical (Human),Clinical (Human)
GCF_000237785,SAMN00765528,PRJNA73589,Vibrio parahaemolyticus,JX-FB-vp22,Clinical (Human),Clinical (Human)
GCF_021166915,SAMN23296545,PRJNA781803,Vibrio parahaemolyticus,V215,Clinical (Human),Clinical (Human)
GCF_021228575,SAMN23961531,PRJNA788327,Vibrio parahaemolyticus,V216,Clinical (Human),Clinical (Human)
GCF_030028735,SAMN26343542,PRJNA811553,Vibrio parahaemolyticus,V217,Clinical (Human),Clinical (Human)
GCF_030028755,SAMN26343544,PRJNA811553,Vibrio parahaemolyticus,V218,Clinical (Human),Clinical (Human)
GCF_030028665,SAMN26343545,PRJNA811553,Vibrio parahaemolyticus,V219,Clinical (Human),Clinical (Human)
GCF_030028655,SAMN26343546,PRJNA811553,Vibrio parahaemolyticus,V220,Clinical (Human),Clinical (Human)
GCF_030028915,SAMN26343538,PRJNA811553,Vibrio parahaemolyticus,V221,Clinical (Human),Clinical (Human)
GCF_030028685,SAMN26343547,PRJNA811553,Vibrio parahaemolyticus,V222,Clinical (Human),Clinical (Human)
GCF_025505095,SAMN26804326,PRJNA817617,Vibrio parahaemolyticus,V223,Clinical (Human),Clinical (Human)
GCF_025505035,SAMN26804329,PRJNA817617,Vibrio parahaemolyticus,V224,Clinical (Human),Clinical (Human)
GCF_025505005,SAMN26804330,PRJNA817617,Vibrio parahaemolyticus,V225,Clinical (Human),Clinical (Human)
GCF_025504985,SAMN26804331,PRJNA817617,Vibrio parahaemolyticus,V226,Clinical (Human),Clinical (Human)
GCF_025505075,SAMN26804327,PRJNA817617,Vibrio parahaemolyticus,V227,Clinical (Human),Clinical (Human)
GCF_029229005,SAMN26879519,PRJNA818794,Vibrio parahaemolyticus,V228,Clinical (Human),Clinical (Human)
GCF_029229025,SAMN26879520,PRJNA818794,Vibrio parahaemolyticus,V229,Clinical (Human),Clinical (Human)
GCF_029228985,SAMN26879521,PRJNA818794,Vibrio parahaemolyticus,V231,Clinical (Human),Clinical (Human)
GCF_029228965,SAMN26879522,PRJNA818794,Vibrio parahaemolyticus,V232,Clinical (Human),Clinical (Human)
GCF_029228875,SAMN26879523,PRJNA818794,Vibrio parahaemolyticus,V233,Clinical (Human),Clinical (Human)
GCF_022289145,SAMN20931810,PRJNA754786,Vibrio parahaemolyticus,JX-FB-vp23,Clinical (Human),Clinical (Human)
GCF_018140575,SAMN18795813,PRJNA722921,Vibrio parahaemolyticus,JX-FB-vp2,Clinical (Human),Clinical (Human)
GCF_029228845,SAMN26879528,PRJNA818794,Vibrio cholerae,FJ2101,Clinical (Human),Clinical (Human)
GCF_029228775,SAMN26879529,PRJNA818794,Vibrio cholerae,FJ2102,Clinical (Human),Clinical (Human)
GCF_017562355,SAMN17256633,PRJNA690672,Vibrio cholerae,VCH20210731,Clinical (Human),Clinical (Human)
GCF_900460385,SAMEA3643325,PRJEB6403,Vibrio parahaemolyticus,S2021424,Clinical (Human),Clinical (Human)
GCF_022289205,SAMN20804977,PRJNA754786,Vibrio parahaemolyticus,JX-FB-vp36,Clinical (Human),Clinical (Human)
GCF_045764325,SAMN40891659,PRJNA1062747,Vibrio parahaemolyticus,S1424,Clinical (Human),Clinical (Human)
GCF_050875565,SAMN48588021,PRJNA1265187,Vibrio parahaemolyticus,S2021424,Clinical (Human),Clinical (Human)
GCF_032820375,SAMN36689546,PRJNA997795,Vibrio cholerae,N21-2192,Clinical (Human),Clinical (Human)
GCF_032820335,SAMN36689548,PRJNA997795,Vibrio cholerae,N21-2239,Clinical (Human),Clinical (Human)
GCF_029228895,SAMN26879526,PRJNA818794,Vibrio parahaemolyticus,GZ21016,Clinical (Human),Clinical (Human)
GCF_029228945,SAMN26879527,PRJNA818794,Vibrio parahaemolyticus,GZ21031,Clinical (Human),Clinical (Human)
GCF_032820195,SAMN36689550,PRJNA997795,Vibrio cholerae,N21-3370,Clinical (Human),Clinical (Human)
GCF_032820175,SAMN36689551,PRJNA997795,Vibrio cholerae,N21-3623,Clinical (Human),Clinical (Human)
GCF_029228865,SAMN26879524,PRJNA818794,Vibrio cholerae,153,Clinical (Human),Clinical (Human)
GCF_036442015,SAMN39715785,PRJNA1071824,Vibrio parahaemolyticus,S2022394,Clinical (Human),Clinical (Human)
GCF_037164395,SAMN39783915,PRJNA1072230,Vibrio parahaemolyticus,S2022535,Clinical (Human),Clinical (Human)
GCF_037164525,SAMN39783922,PRJNA1072230,Vibrio parahaemolyticus,S2022646,Clinical (Human),Clinical (Human)
GCF_037164505,SAMN39783920,PRJNA1072230,Vibrio parahaemolyticus,S2022544,Clinical (Human),Clinical (Human)
GCF_037164535,SAMN39783921,PRJNA1072230,Vibrio parahaemolyticus,S2022642,Clinical (Human),Clinical (Human)
GCF_036440635,SAMN39715759,PRJNA1071824,Vibrio parahaemolyticus,S2022393,Clinical (Human),Clinical (Human)
GCF_036440715,SAMN39715762,PRJNA1071824,Vibrio parahaemolyticus,S2022399,Clinical (Human),Clinical (Human)
GCF_037164545,SAMN39783923,PRJNA1072230,Vibrio parahaemolyticus,S2022661,Clinical (Human),Clinical (Human)
GCF_045764265,SAMN40891661,PRJNA1062747,Vibrio parahaemolyticus,S2640,Clinical (Human),Clinical (Human)
GCF_036441675,SAMN39715769,PRJNA1071824,Vibrio parahaemolyticus,S2641,Clinical (Human),Clinical (Human)
GCF_054106215,SAMN53475254,PRJNA1265882,Vibrio parahaemolyticus,S2022640,Clinical (Human),Clinical (Human)
GCF_054106185,SAMN53475255,PRJNA1265882,Vibrio parahaemolyticus,S2022641,Clinical (Human),Clinical (Human)
GCF_040009955,SAMN41518075,PRJNA1115946,Vibrio cholerae,MLK166,Clinical (Human),Clinical (Human)
GCF_040011115,SAMN41518076,PRJNA1115946,Vibrio cholerae,MLK229,Clinical (Human),Clinical (Human)
GCF_050572895,SAMN48634479,PRJNA1265882,Vibrio parahaemolyticus,S2023141,Clinical (Human),Clinical (Human)
GCF_937000115,SAMEA9995352,PRJEB47951,Vibrio cholerae,vc962760,Clinical (Human),Clinical (Human)
GCF_037168625,SAMN39783949,PRJNA1072230,Vibrio parahaemolyticus,S2023695,Clinical (Human),Clinical (Human)
GCF_900460245,SAMEA3539715,PRJEB6403,Vibrio cholerae,964015,Clinical (Human),Clinical (Human)
GCF_037168565,SAMN39783946,PRJNA1072230,Vibrio parahaemolyticus,S2023694,Clinical (Human),Clinical (Human)
GCF_036881655,SAMN39962930,PRJNA1077272,Vibrio cholerae,CQ23_0008,Clinical (Human),Clinical (Human)
GCF_037168665,SAMN39783951,PRJNA1072230,Vibrio parahaemolyticus,S2023705,Clinical (Human),Clinical (Human)
GCF_037164655,SAMN39783928,PRJNA1072230,Vibrio parahaemolyticus,S2023537,Clinical (Human),Clinical (Human)
GCF_037168645,SAMN39783950,PRJNA1072230,Vibrio parahaemolyticus,S2023698,Clinical (Human),Clinical (Human)
GCF_037164605,SAMN39783925,PRJNA1072230,Vibrio parahaemolyticus,S2023204,Clinical (Human),Clinical (Human)
GCF_050875245,SAMN48588017,PRJNA1265187,Vibrio cholerae,RAHLVCL010,Clinical (Human),Clinical (Human)
GCF_000524535,SAMN01923894,PRJNA176635,Vibrio parahaemolyticus,RIMD4000701,Clinical (Human),Clinical (Human)
GCF_037164665,SAMN39783927,PRJNA1072230,Vibrio parahaemolyticus,S2023536,Clinical (Human),Clinical (Human)
GCF_050573255,SAMN48634481,PRJNA1265882,Vibrio parahaemolyticus,S2023705,Clinical (Human),Clinical (Human)
GCF_037164615,SAMN39783926,PRJNA1072230,Vibrio parahaemolyticus,S2023533,Clinical (Human),Clinical (Human)
GCF_037164585,SAMN39783924,PRJNA1072230,Vibrio parahaemolyticus,S2023141,Clinical (Human),Clinical (Human)
GCF_037168205,SAMN39783929,PRJNA1072230,Vibrio parahaemolyticus,S2023538,Clinical (Human),Clinical (Human)
GCF_050573355,SAMN48634482,PRJNA1265882,Vibrio parahaemolyticus,S2024265,Clinical (Human),Clinical (Human)
GCF_050691795,SAMN48764599,PRJNA1265882,Vibrio parahaemolyticus,S2024623,Clinical (Human),Clinical (Human)
GCF_053220715,SAMN49797543,PRJNA1286777,Vibrio parahaemolyticus,S2024629,Clinical (Human),Clinical (Human)
GCF_032819855,SAMN36689559,PRJNA997795,Vibrio cholerae,SPH 24-01,Clinical (Human),Clinical (Human)
GCF_050875665,SAMN48586871,PRJNA1265187,Vibrio cholerae,RAHLVCL005,Clinical (Human),Clinical (Human)
GCF_050875345,SAMN48586873,PRJNA1265187,Vibrio cholerae,RAHLVCL007,Clinical (Human),Clinical (Human)
GCF_050875745,SAMN48586875,PRJNA1265187,Vibrio cholerae,RAHLVCL008,Clinical (Human),Clinical (Human)
GCF_050876025,SAMN48588255,PRJNA1265187,Vibrio cholerae,RAHLVCL018,Clinical (Human),Clinical (Human)
GCF_050875895,SAMN48586872,PRJNA1265187,Vibrio cholerae,RAHLVCL019,Clinical (Human),Clinical (Human)
GCF_053220695,SAMN49797544,PRJNA1286777,Vibrio parahaemolyticus,S2025527,Clinical (Human),Clinical (Human)
GCF_016103065,SAMN15930180,PRJNA659903,Vibrio cholerae,Amazonia,Clinical (Human),Clinical (Human)
GCF_032819635,SAMN36689565,PRJNA997795,Vibrio parahaemolyticus,3259,Clinical (Human),Clinical (Human)
GCF_032819615,SAMN36689566,PRJNA997795,Vibrio parahaemolyticus,861,Clinical (Human),Clinical (Human)
GCF_032819595,SAMN36689567,PRJNA997795,Vibrio parahaemolyticus,NIHCB0757,Clinical (Human),Clinical (Human)
GCF_032819415,SAMN36689568,PRJNA997795,Vibrio parahaemolyticus,VP-NY4,Clinical (Human),Clinical (Human)
GCF_032819455,SAMN36689569,PRJNA997795,Vibrio parahaemolyticus,VPTS-2009,Clinical (Human),Clinical (Human)
GCF_009762915,SAMN12648320,PRJNA266293,Vibrio vulnificus,MO6-24/O,Clinical (Human),Clinical (Human)
GCF_000877765,SAMN02204313,PRJNA188212,Vibrio fluvialis,ATCC 33809,Clinical (Human),Clinical (Human)
GCF_001609395,SAMN04358133,PRJNA304021,Vibrio parahaemolyticus,04-2548_1,Clinical (Human),Clinical (Human)
GCF_001609415,SAMN04358134,PRJNA304021,Vibrio parahaemolyticus,04-2548_100,Clinical (Human),Clinical (Human)
GCF_001609345,SAMN04358135,PRJNA304021,Vibrio parahaemolyticus,09-3216_1,Clinical (Human),Clinical (Human)
GCF_001609445,SAMN04358136,PRJNA304021,Vibrio parahaemolyticus,09-3216_100,Clinical (Human),Clinical (Human)
GCF_000516875,SAMN02597369,PRJNA176641,Vibrio diabolicus,FDAARGOS_105,Clinical (Human),Clinical (Human)
GCF_054328755,SAMN54286599,PRJNA1393258,Vibrio parahaemolyticus,12310,Clinical (Human),Clinical (Human)
GCF_029228885,SAMN26879525,PRJNA818794,Vibrio furnissii,104486766,Clinical (Human),Clinical (Human)
GCF_002098695,SAMN06263860,PRJNA363983,Vibrio cholerae,CISM_710180.8,Clinical (Human),Clinical (Human)
GCF_002098625,SAMN06263864,PRJNA363983,Vibrio cholerae,CISM_769845.7,Clinical (Human),Clinical (Human)
GCF_002098595,SAMN06263865,PRJNA363983,Vibrio cholerae,CISM_770067.4,Clinical (Human),Clinical (Human)
GCF_002098555,SAMN06263866,PRJNA363983,Vibrio cholerae,CISM_770180.8,Clinical (Human),Clinical (Human)
GCF_002098445,SAMN06263871,PRJNA363983,Vibrio cholerae,CISM_780298.0,Clinical (Human),Clinical (Human)
GCF_002098435,SAMN06263872,PRJNA363983,Vibrio cholerae,CISM_S/Nida,Clinical (Human),Clinical (Human)
GCF_033971445,SAMN13779945,PRJNA599386,Vibrio cholerae,H1(2020),Clinical (Human),Clinical (Human)
GCF_009991435,SAMN12364838,PRJNA556706,Vibrio cholerae,77N,Clinical (Human),Clinical (Human)
GCF_002098225,SAMN06263882,PRJNA363983,Vibrio cholerae,155,Clinical (Human),Clinical (Human)
GCF_000877495,SAMN02204309,PRJNA188206,Vibrio parahaemolyticus,FDAARGOS_120,Clinical (Human),Clinical (Human)
GCF_002221385,SAMN05713798,PRJNA263814,Vibrio cholerae,2015V-1118,Clinical (Human),Clinical (Human)
GCF_002209595,SAMN05578009,PRJNA263814,Vibrio cholerae,2015V-1126,Clinical (Human),Clinical (Human)
GCF_002209625,SAMN05578012,PRJNA263814,Vibrio parahaemolyticus,2012V-1116,Clinical (Human),Clinical (Human)
GCF_003312085,SAMN09261054,PRJNA266293,Vibrio fluvialis,2013V-1197,Clinical (Human),Clinical (Human)
GCF_009763625,SAMN12648281,PRJNA266293,Vibrio parahaemolyticus,AM46865,Clinical (Human),Clinical (Human)
GCF_000878755,SAMN03287757,PRJNA272927,Vibrio parahaemolyticus,CDC_K5323G,Clinical (Human),Clinical (Human)
GCF_000878725,SAMN03287758,PRJNA272927,Vibrio parahaemolyticus,CDC_K5323W,Clinical (Human),Clinical (Human)
GCF_001727415,SAMN02368317,PRJNA273159,Vibrio parahaemolyticus,CDC_K5277,Clinical (Human),Clinical (Human)
GCF_001727815,SAMN03358828,PRJNA273159,Vibrio parahaemolyticus,CDC_K5279,Clinical (Human),Clinical (Human)
GCF_001727885,SAMN02368284,PRJNA273159,Vibrio parahaemolyticus,CDC_K5328,Clinical (Human),Clinical (Human)
GCF_001727625,SAMN02368311,PRJNA273159,Vibrio parahaemolyticus,CDC_K5456,Clinical (Human),Clinical (Human)
GCF_032819935,SAMN36689558,PRJNA997795,Vibrio furnissii,2420-04,Clinical (Human),Clinical (Human)
GCF_001728465,SAMN02368322,PRJNA273159,Vibrio parahaemolyticus,CDC_K5638,Clinical (Human),Clinical (Human)
GCF_000330905,SAMN02470062,PRJNA176181,Vibrio parahaemolyticus,FDAARGOS_662,Clinical (Human),Clinical (Human)
GCF_000877425,SAMN02204316,PRJNA188197,Vibrio mimicus,FDAARGOS_113,Clinical (Human),Clinical (Human)
GCF_000500755,SAMN01924261,PRJNA176630,Vibrio diabolicus,FDAARGOS_96,Clinical (Human),Clinical (Human)
GCF_001857345,SAMN05590419,PRJNA339415,Vibrio cholerae,2523-87,Environmental (other),Environmental (other)
GCF_001857405,SAMN05590422,PRJNA339415,Vibrio cholerae,1074-78,Environmental (other),Environmental (other)
GCF_001857425,SAMN05590423,PRJNA339415,Vibrio cholerae,2633-78,Environmental (other),Environmental (other)
GCF_001857225,SAMN05590411,PRJNA339415,Vibrio cholerae,2631-78,Environmental (other),Environmental (other)
GCF_000707545,SAMN02741356,PRJNA245882,Vibrio cholerae,VCE232,Environmental (other),Environmental (other)
GCF_000764355,SAMN02708867,PRJNA242769,Vibrio navarrensis,2232,Environmental (other),Environmental (other)
GCF_001857325,SAMN05590417,PRJNA339415,Vibrio cholerae,1496-86,Environmental (other),Environmental (other)
GCF_001857305,SAMN05590416,PRJNA339415,Vibrio cholerae,2479-86,Environmental (other),Environmental (other)
GCF_001857245,SAMN05590413,PRJNA339415,Vibrio cholerae,2512-86,Environmental (other),Environmental (other)
GCF_001857355,SAMN05590418,PRJNA339415,Vibrio cholerae,2497-86,Environmental (other),Environmental (other)
GCF_045445895,SAMN42940237,PRJNA1142238,Vibrio cholerae,179_92,Environmental (other),Environmental (other)
GCF_004121695,SAMN10654154,PRJNA449860,Vibrio cholerae,451_92,Environmental (other),Environmental (other)
GCF_004121915,SAMN10654009,PRJNA449860,Vibrio cholerae,456_92,Environmental (other),Environmental (other)
GCF_004123205,SAMN10799733,PRJNA449860,Vibrio cholerae,138_93,Environmental (other),Environmental (other)
GCF_045445245,SAMN42940272,PRJNA1142238,Vibrio cholerae,56,Environmental (other),Environmental (other)
GCF_050606225,SAMN42940231,PRJNA1142238,Vibrio cholerae,M1425,Environmental (other),Environmental (other)
GCF_024744255,SAMN28767242,PRJNA843722,Vibrio cholerae,M1457,Environmental (other),Environmental (other)
GCF_024744215,SAMN28767244,PRJNA843722,Vibrio cholerae,M1504,Environmental (other),Environmental (other)
GCF_024743935,SAMN28767258,PRJNA843722,Vibrio cholerae,111,Environmental (other),Environmental (other)
GCF_024744305,SAMN28767239,PRJNA843722,Vibrio cholerae,M1517,Environmental (other),Environmental (other)
GCF_024744155,SAMN28767247,PRJNA843722,Vibrio cholerae,M1519,Environmental (other),Environmental (other)
GCF_024744105,SAMN28767248,PRJNA843722,Vibrio cholerae,M1527,Environmental (other),Environmental (other)
GCF_024744495,SAMN28767230,PRJNA843722,Vibrio fluvialis,CRA_S10,Environmental (other),Environmental (other)
GCF_024744475,SAMN28767231,PRJNA843722,Vibrio fluvialis,CRA_S5,Environmental (other),Environmental (other)
GCF_024744455,SAMN28767232,PRJNA843722,Vibrio cholerae,CRA_S17,Environmental (other),Environmental (other)
GCF_009899555,SAMN13049604,PRJNA449860,Vibrio cholerae,2205_01,Environmental (other),Environmental (other)
GCF_009899525,SAMN13049607,PRJNA449860,Vibrio cholerae,458_02,Environmental (other),Environmental (other)
GCF_019400755,SAMN13165149,PRJNA449860,Vibrio cholerae,234_01,Environmental (other),Environmental (other)
GCF_015830025,SAMN12839199,PRJNA449860,Vibrio cholerae,234_03,Environmental (other),Environmental (other)
GCF_019400805,SAMN13165180,PRJNA449860,Vibrio cholerae,1375_03,Environmental (other),Environmental (other)
GCF_015830035,SAMN12839210,PRJNA449860,Vibrio cholerae,237_01,Environmental (other),Environmental (other)
GCF_024744755,SAMN28767216,PRJNA843722,Vibrio cholerae,VC36,Environmental (other),Environmental (other)
GCF_024743535,SAMN28767277,PRJNA843722,Vibrio cholerae,VC77,Environmental (other),Environmental (other)
GCF_024744545,SAMN28767227,PRJNA843722,Vibrio cholerae,YB2A06,Environmental (other),Environmental (other)
GCF_024744285,SAMN28767240,PRJNA843722,Vibrio cholerae,YB2G01,Environmental (other),Environmental (other)
GCF_024744275,SAMN28767241,PRJNA843722,Vibrio cholerae,YB2G07,Environmental (other),Environmental (other)
GCF_024744015,SAMN28767254,PRJNA843722,Vibrio cholerae,YB3B05,Environmental (other),Environmental (other)
GCF_024743995,SAMN28767255,PRJNA843722,Vibrio cholerae,YB3G04,Environmental (other),Environmental (other)
GCF_024743915,SAMN28767261,PRJNA843722,Vibrio cholerae,YB4B03,Environmental (other),Environmental (other)
GCF_024743805,SAMN28767264,PRJNA843722,Vibrio cholerae,YB4C07,Environmental (other),Environmental (other)
GCF_024743675,SAMN28767271,PRJNA843722,Vibrio cholerae,YB4G05,Environmental (other),Environmental (other)
GCF_024743565,SAMN28767275,PRJNA843722,Vibrio cholerae,YB4G06,Environmental (other),Environmental (other)
GCF_024743595,SAMN28767276,PRJNA843722,Vibrio cholerae,YB4H02,Environmental (other),Environmental (other)
GCF_024743495,SAMN28767279,PRJNA843722,Vibrio metoecus,YB5B04,Environmental (other),Environmental (other)
GCF_024744735,SAMN28767217,PRJNA843722,Vibrio cholerae,YB8E08,Environmental (other),Environmental (other)
GCF_024744775,SAMN28767218,PRJNA843722,Vibrio cholerae,EC-051,Environmental (other),Environmental (other)
GCF_002808365,SAMN07599805,PRJNA371610,Vibrio cholerae,S000100_C5,Environmental (other),Environmental (other)
GCF_019793275,SAMN15510354,PRJNA645603,Vibrio cholerae,107V1216,Environmental (other),Environmental (other)
GCF_019793285,SAMN15510357,PRJNA645603,Vibrio fluvialis,PV92,Environmental (other),Environmental (other)
GCF_024744895,SAMN28767210,PRJNA843722,Vibrio cholerae,Cam21,Environmental (other),Environmental (other)
GCF_024744795,SAMN28767215,PRJNA843722,Vibrio cholerae,Cam22,Environmental (other),Environmental (other)
GCF_024743615,SAMN28767274,PRJNA843722,Vibrio cholerae,Cam16,Environmental (other),Environmental (other)
GCF_024743735,SAMN28767268,PRJNA843722,Vibrio cholerae,Cam13,Environmental (other),Environmental (other)
GCF_024744025,SAMN28767253,PRJNA843722,Vibrio paracholerae,Cam10,Environmental (other),Environmental (other)
GCF_021014515,SAMN06483920,PRJNA378272,Vibrio fluvialis,GCEnv1,Environmental (other),Environmental (other)
GCF_036873405,SAMN15646505,PRJNA648696,Vibrio fluvialis,GCEnv3,Environmental (other),Environmental (other)
GCF_036543605,SAMN39832059,PRJNA1073530,Vibrio fluvialis,GCEnv6,Environmental (other),Environmental (other)
GCF_021014545,SAMN06483955,PRJNA378270,Vibrio diabolicus,R-31,Environmental (other),Environmental (other)
GCF_000500485,SAMN02471134,PRJNA222562,Vibrio diabolicus,R-31,Environmental (other),Environmental (other)
GCF_001270125,SAMN03799832,PRJNA288141,Vibrio furnissii,VFN3,Environmental (other),Environmental (other)
GCF_024743875,SAMN28767259,PRJNA843722,Vibrio cholerae,Cam23,Environmental (other),Environmental (other)
GCF_024743655,SAMN28767273,PRJNA843722,Vibrio cholerae,FJ22FZ0118,Environmental (other),Environmental (other)
GCF_041950465,SAMN43550337,PRJNA1158810,Vibrio parahaemolyticus,LMC003,Environmental (other),Environmental (other)
GCF_024743745,SAMN28767267,PRJNA843722,Vibrio cholerae,NB-183,Environmental (other),Environmental (other)
GCF_001856035,SAMN05194681,PRJNA324078,Vibrio natriegens,JSH01,Environmental (other),Environmental (other)
GCF_051024585,SAMN45047349,PRJNA1190303,Vibrio alginolyticus,L1,Environmental (other),Environmental (other)
GCF_003030845,SAMN08634427,PRJNA380428,Vibrio diabolicus,L2,Environmental (other),Environmental (other)
GCF_032463505,SAMN37503413,PRJNA1019917,Vibrio diabolicus,V1,Environmental (other),Environmental (other)
GCF_024744655,SAMN28767221,PRJNA843722,Vibrio cholerae,Vc_2025-MPS2,Environmental (other),Environmental (other)
GCF_024744615,SAMN28767223,PRJNA843722,Vibrio cholerae,Vc_2025-MPS3,Environmental (other),Environmental (other)
GCF_024744575,SAMN28767226,PRJNA843722,Vibrio cholerae,Vc_2025-MPS5,Environmental (other),Environmental (other)
GCF_026537685,SAMN29790255,PRJNA859558,Vibrio cholerae,NCDC_ViCho_008,Environmental (other),Environmental (other)
GCF_026537805,SAMN29790243,PRJNA859558,Vibrio cholerae,NCDC_ViCho_001,Environmental (other),Environmental (other)
GCF_026538205,SAMN29790240,PRJNA859558,Vibrio cholerae,NCDC_ViCho_002,Environmental (other),Environmental (other)
GCF_026537705,SAMN29790251,PRJNA859558,Vibrio cholerae,NCDC_ViCho_003,Environmental (other),Environmental (other)
GCF_030995125,SAMN29333275,PRJNA852548,Vibrio crassostreae,18_FP_1,Environmental (other),Environmental (other)
GCF_045445915,SAMN42940241,PRJNA1142238,Vibrio crassostreae,26_O_11,Environmental (other),Environmental (other)
GCF_045445435,SAMN42940264,PRJNA1142238,Vibrio crassostreae,27_O_14,Environmental (other),Environmental (other)
GCF_045445795,SAMN42940244,PRJNA1142238,Vibrio crassostreae,28_O_19,Environmental (other),Environmental (other)
GCF_045445575,SAMN42940254,PRJNA1142238,Vibrio crassostreae,29_O_38,Environmental (other),Environmental (other)
GCF_050606185,SAMN42940261,PRJNA1142238,Vibrio crassostreae,30_P_64,Environmental (other),Environmental (other)
GCF_056683235,SAMN56917247,PRJNA1447195,Vibrio crassostreae,30_P_66,Environmental (other),Environmental (other)
GCF_002903825,SAMN07739070,PRJNA413285,Vibrio crassostreae,33_O_92,Environmental (other),Environmental (other)
GCF_002903505,SAMN07739081,PRJNA413285,Vibrio crassostreae,34_P_130,Environmental (other),Environmental (other)
GCF_013085265,SAMN14852540,PRJNA631126,Vibrio crassostreae,38_O_207,Environmental (other),Environmental (other)
GCF_013364395,SAMN14923068,PRJNA632837,Vibrio crassostreae,42_P_264,Environmental (other),Environmental (other)
GCF_000222645,SAMN02951904,PRJNA68623,Vibrio crassostreae,8H1_4,Environmental (other),Environmental (other)
GCF_025994915,SAMD00506751,PRJDB11927,Vibrio crassostreae,8T5_11,Environmental (other),Environmental (other)
GCF_026537565,SAMN29790256,PRJNA859558,Vibrio cholerae,FDAARGOS_103,Environmental (other),Environmental (other)
GCF_019793245,SAMN15510355,PRJNA645603,Vibrio cholerae,2012EL-1097,Environmental (other),Environmental (other)
GCF_024743795,SAMN28767266,PRJNA843722,Vibrio cholerae,ICDC-VC702,Environmental (other),Environmental (other)
GCF_002198445,SAMN03945151,PRJNA245882,Vibrio parahaemolyticus,81TDH2,Food/Retail (post-harvest),Food/Retail (post-harvest)
GCF_003574775,SAMN09662877,PRJNA481244,Vibrio parahaemolyticus,VIP4-0219,Food/Retail (post-harvest),Food/Retail (post-harvest)
GCF_002198475,SAMN03945148,PRJNA245882,Vibrio parahaemolyticus,S195-7,Food/Retail (post-harvest),Food/Retail (post-harvest)
GCF_013111605,SAMN13897693,PRJNA266293,Vibrio cholerae,3568-07,Food/Retail (post-harvest),Food/Retail (post-harvest)
GCF_043756335,SAMN34993715,PRJNA970070,Vibrio parahaemolyticus,ISF-29-3,Food/Retail (post-harvest),Food/Retail (post-harvest)
GCF_006802205,SAMN12169088,PRJNA551929,Vibrio alginolyticus,ISF-10-3,Food/Retail (post-harvest),Food/Retail (post-harvest)
GCF_002198555,SAMN03945149,PRJNA245882,Vibrio parahaemolyticus,S349-10,Food/Retail (post-harvest),Food/Retail (post-harvest)
GCF_002198565,SAMN03945150,PRJNA245882,Vibrio parahaemolyticus,S383-6,Food/Retail (post-harvest),Food/Retail (post-harvest)
GCF_024746635,SAMN28767298,PRJNA843723,Vibrio alginolyticus,ISF-22-6,Food/Retail (post-harvest),Food/Retail (post-harvest)
GCF_044343075,SAMN34993716,PRJNA970070,Vibrio parahaemolyticus,ISF-50-4,Food/Retail (post-harvest),Food/Retail (post-harvest)
GCF_043755855,SAMN34993718,PRJNA970070,Vibrio parahaemolyticus,ISF-50-9,Food/Retail (post-harvest),Food/Retail (post-harvest)
GCF_043754845,SAMN34993721,PRJNA970070,Vibrio alginolyticus,ISF-61-5,Food/Retail (post-harvest),Food/Retail (post-harvest)
GCF_008271195,SAMN12639444,PRJNA562393,Vibrio alginolyticus,ISF-74-1,Food/Retail (post-harvest),Food/Retail (post-harvest)
GCF_008269355,SAMN12640772,PRJNA562433,Vibrio cholerae,ISF-77-7,Food/Retail (post-harvest),Food/Retail (post-harvest)
GCF_024744715,SAMN28767219,PRJNA843722,Vibrio parahaemolyticus,xtf22,Food/Retail (post-harvest),Food/Retail (post-harvest)
GCF_024744695,SAMN28767220,PRJNA843722,Vibrio parahaemolyticus,xtf27,Food/Retail (post-harvest),Food/Retail (post-harvest)
GCF_013085075,SAMN13734987,PRJNA598947,Vibrio parahaemolyticus,ISF-136-11,Food/Retail (post-harvest),Food/Retail (post-harvest)
GCF_024745445,SAMN28767359,PRJNA843723,Vibrio alginolyticus,RM-17-4,Food/Retail (post-harvest),Food/Retail (post-harvest)
GCF_024745415,SAMN28767360,PRJNA843723,Vibrio alginolyticus,RM-17-5,Food/Retail (post-harvest),Food/Retail (post-harvest)
GCF_055284575,SAMN55333172,PRJNA1423162,Vibrio alginolyticus,RM-11-1,Food/Retail (post-harvest),Food/Retail (post-harvest)
GCF_047315125,SAMN44731497,PRJNA1184448,Vibrio alginolyticus,RM-18-1,Food/Retail (post-harvest),Food/Retail (post-harvest)
GCF_032335315,SAMN30418558,PRJNA871367,Vibrio alginolyticus,RM-18-3,Food/Retail (post-harvest),Food/Retail (post-harvest)
GCF_001267625,SAMN03795186,PRJNA288141,Vibrio alginolyticus,RM-14-4,Food/Retail (post-harvest),Food/Retail (post-harvest)
GCF_016403045,SAMN16844329,PRJNA631126,Vibrio alginolyticus,RM-16-10,Food/Retail (post-harvest),Food/Retail (post-harvest)
GCF_001471275,SAMN03996338,PRJNA231221,Vibrio alginolyticus,RM-16-11,Food/Retail (post-harvest),Food/Retail (post-harvest)
GCF_000500525,SAMN02471131,PRJNA222561,Vibrio alginolyticus,RM-20-4,Food/Retail (post-harvest),Food/Retail (post-harvest)
GCF_032335415,SAMN30418570,PRJNA871367,Vibrio alginolyticus,RM-32-1,Food/Retail (post-harvest),Food/Retail (post-harvest)
GCF_032335435,SAMN30418580,PRJNA871367,Vibrio alginolyticus,RM-32-14,Food/Retail (post-harvest),Food/Retail (post-harvest)
GCF_032335375,SAMN30418559,PRJNA871367,Vibrio alginolyticus,RM-41-6,Food/Retail (post-harvest),Food/Retail (post-harvest)
GCF_039992115,SAMN34128360,PRJNA953322,Vibrio alginolyticus,RM-44-2,Food/Retail (post-harvest),Food/Retail (post-harvest)
GCF_024746755,SAMN28767294,PRJNA843723,Vibrio alginolyticus,RM-33-1,Food/Retail (post-harvest),Food/Retail (post-harvest)
GCF_024745955,SAMN28767333,PRJNA843723,Vibrio alginolyticus,RM-35-7,Food/Retail (post-harvest),Food/Retail (post-harvest)
GCF_024745855,SAMN28767339,PRJNA843723,Vibrio alginolyticus,RM-47-7,Food/Retail (post-harvest),Food/Retail (post-harvest)
GCF_024745305,SAMN28767364,PRJNA843723,Vibrio alginolyticus,RM-38-7,Food/Retail (post-harvest),Food/Retail (post-harvest)
GCF_024745265,SAMN28767366,PRJNA843723,Vibrio alginolyticus,RM-39-4,Food/Retail (post-harvest),Food/Retail (post-harvest)
GCF_024745155,SAMN28767371,PRJNA843723,Vibrio alginolyticus,RM-39-6,Food/Retail (post-harvest),Food/Retail (post-harvest)
GCF_024745115,SAMN28767374,PRJNA843723,Vibrio alginolyticus,RM-46-1,Food/Retail (post-harvest),Food/Retail (post-harvest)
GCF_024745065,SAMN28767376,PRJNA843723,Vibrio alginolyticus,RM-51-4,Food/Retail (post-harvest),Food/Retail (post-harvest)
GCF_024745095,SAMN28767377,PRJNA843723,Vibrio alginolyticus,RM-51-5,Food/Retail (post-harvest),Food/Retail (post-harvest)
GCF_039658515,SAMN40643599,PRJNA1092968,Vibrio alginolyticus,RM-49-4,Food/Retail (post-harvest),Food/Retail (post-harvest)
GCF_051131115,SAMN40643622,PRJNA1092971,Vibrio alginolyticus,RM-49-6,Food/Retail (post-harvest),Food/Retail (post-harvest)
GCF_053757375,SAMN53361116,PRJNA1368306,Vibrio alginolyticus,RM-69-5,Food/Retail (post-harvest),Food/Retail (post-harvest)
GCF_053757335,SAMN53361117,PRJNA1368306,Vibrio alginolyticus,RM-69-8,Food/Retail (post-harvest),Food/Retail (post-harvest)
GCF_001268005,SAMN03795184,PRJNA288141,Vibrio diabolicus,RM-75-1,Food/Retail (post-harvest),Food/Retail (post-harvest)
GCF_024745775,SAMN28767343,PRJNA843723,Vibrio alginolyticus,RM-58-1,Food/Retail (post-harvest),Food/Retail (post-harvest)
GCF_024745635,SAMN28767349,PRJNA843723,Vibrio alginolyticus,RM-58-2,Food/Retail (post-harvest),Food/Retail (post-harvest)
GCF_028898925,SAMN33268487,PRJNA934166,Vibrio alginolyticus,RM-31-4,Food/Retail (post-harvest),Food/Retail (post-harvest)
GCF_024745755,SAMN28767342,PRJNA843723,Vibrio alginolyticus,RM-48-6,Food/Retail (post-harvest),Food/Retail (post-harvest)
GCF_024745555,SAMN28767352,PRJNA843723,Vibrio alginolyticus,RM-63-2,Food/Retail (post-harvest),Food/Retail (post-harvest)
GCF_024745565,SAMN28767353,PRJNA843723,Vibrio alginolyticus,RM-67-3,Food/Retail (post-harvest),Food/Retail (post-harvest)
GCF_053757315,SAMN53361112,PRJNA1368306,Vibrio alginolyticus,RM-62-1,Food/Retail (post-harvest),Food/Retail (post-harvest)
GCF_053757355,SAMN53361115,PRJNA1368306,Vibrio alginolyticus,RM-62-3,Food/Retail (post-harvest),Food/Retail (post-harvest)
GCF_000967055,SAMN03349353,PRJNA275514,Vibrio diabolicus,RM-55-3,Food/Retail (post-harvest),Food/Retail (post-harvest)
GCF_013085105,SAMN13734988,PRJNA598947,Vibrio alginolyticus,ISF-189-4,Food/Retail (post-harvest),Food/Retail (post-harvest)
GCF_013085165,SAMN13734989,PRJNA598947,Vibrio parahaemolyticus,ISF-199-2,Food/Retail (post-harvest),Food/Retail (post-harvest)
GCF_014217395,SAMN15756141,PRJNA598947,Vibrio parahaemolyticus,ISF-199-3,Food/Retail (post-harvest),Food/Retail (post-harvest)
GCF_017948285,SAMN18636297,PRJNA720118,Vibrio parahaemolyticus,ISF-200-8,Food/Retail (post-harvest),Food/Retail (post-harvest)
GCF_054875955,SAMN54888644,PRJNA1413949,Vibrio alginolyticus,RM-89-5,Food/Retail (post-harvest),Food/Retail (post-harvest)
GCF_001268015,SAMN03795185,PRJNA288141,Vibrio parahaemolyticus,RM-89-6,Food/Retail (post-harvest),Food/Retail (post-harvest)
GCF_024745585,SAMN28767354,PRJNA843723,Vibrio alginolyticus,RM-85-1,Food/Retail (post-harvest),Food/Retail (post-harvest)
GCF_024745515,SAMN28767355,PRJNA843723,Vibrio alginolyticus,RM-92-1,Food/Retail (post-harvest),Food/Retail (post-harvest)
GCF_024745495,SAMN28767356,PRJNA843723,Vibrio alginolyticus,RM-92-2,Food/Retail (post-harvest),Food/Retail (post-harvest)
GCF_004355205,SAMN10360789,PRJNA503483,Vibrio parahaemolyticus,,Food/Retail (post-harvest),Food/Retail (post-harvest)
GCF_043763905,SAMN34993703,PRJNA970070,Vibrio parahaemolyticus,ISF-221-6,Food/Retail (post-harvest),Food/Retail (post-harvest)
GCF_043763295,SAMN34993704,PRJNA970070,Vibrio parahaemolyticus,ISF-234-6,Food/Retail (post-harvest),Food/Retail (post-harvest)
GCF_034439275,SAMN31329524,PRJNA886115,Vibrio cholerae,ISF-208-1,Food/Retail (post-harvest),Food/Retail (post-harvest)
GCF_034438915,SAMN31329111,PRJNA886115,Vibrio cholerae,ISF-208-2,Food/Retail (post-harvest),Food/Retail (post-harvest)
GCF_026768315,SAMN31618921,PRJNA898631,Vibrio cholerae,ISF-208-5,Food/Retail (post-harvest),Food/Retail (post-harvest)
GCF_043762865,SAMN34993705,PRJNA970070,Vibrio cholerae,ISF-208-8,Food/Retail (post-harvest),Food/Retail (post-harvest)
GCF_044905045,SAMN34993722,PRJNA970070,Vibrio parahaemolyticus,ISF-209-3,Food/Retail (post-harvest),Food/Retail (post-harvest)
GCF_043766955,SAMN34993706,PRJNA970070,Vibrio parahaemolyticus,ISF-209-5,Food/Retail (post-harvest),Food/Retail (post-harvest)
GCF_044905055,SAMN34993723,PRJNA970070,Vibrio parahaemolyticus,ISF-210-7,Food/Retail (post-harvest),Food/Retail (post-harvest)
GCF_043765735,SAMN34993702,PRJNA970070,Vibrio parahaemolyticus,ISF-210-8,Food/Retail (post-harvest),Food/Retail (post-harvest)
GCF_024745055,SAMN28767378,PRJNA843723,Vibrio cholerae,ISF-208-6,Food/Retail (post-harvest),Food/Retail (post-harvest)
GCF_024744955,SAMN28767379,PRJNA843723,Vibrio parahaemolyticus,ISF-238-3,Food/Retail (post-harvest),Food/Retail (post-harvest)
GCF_002198615,SAMN03945153,PRJNA245882,Vibrio parahaemolyticus,HZ17-383,Food/Retail (post-harvest),Food/Retail (post-harvest)
GCF_044343085,SAMN34993713,PRJNA970070,Vibrio parahaemolyticus,ISF-270-13,Food/Retail (post-harvest),Food/Retail (post-harvest)
GCF_043759795,SAMN34993710,PRJNA970070,Vibrio cholerae,ISF-243-9,Food/Retail (post-harvest),Food/Retail (post-harvest)
GCF_043757505,SAMN34993714,PRJNA970070,Vibrio cholerae,ISF-271-2,Food/Retail (post-harvest),Food/Retail (post-harvest)
GCF_043760675,SAMN34993707,PRJNA970070,Vibrio parahaemolyticus,ISF-242-6,Food/Retail (post-harvest),Food/Retail (post-harvest)
GCF_043760105,SAMN34993708,PRJNA970070,Vibrio parahaemolyticus,ISF-242-9,Food/Retail (post-harvest),Food/Retail (post-harvest)
GCF_043758405,SAMN34993711,PRJNA970070,Vibrio cholerae,ISF-256-8,Food/Retail (post-harvest),Food/Retail (post-harvest)
GCF_008039905,SAMN12495047,PRJNA558539,Vibrio cholerae,RM-160-1,Food/Retail (post-harvest),Food/Retail (post-harvest)
GCF_024745475,SAMN28767357,PRJNA843723,Vibrio metoecus,RM-195-2,Food/Retail (post-harvest),Food/Retail (post-harvest)
GCF_024746515,SAMN28767305,PRJNA843723,Vibrio parahaemolyticus,VP3/1,Food/Retail (post-harvest),Food/Retail (post-harvest)
GCF_024746395,SAMN28767313,PRJNA843723,Vibrio parahaemolyticus,VP18/2,Food/Retail (post-harvest),Food/Retail (post-harvest)
GCF_024746315,SAMN28767317,PRJNA843723,Vibrio parahaemolyticus,VP1/1,Food/Retail (post-harvest),Food/Retail (post-harvest)
GCF_054174885,SAMN53840715,PRJNA1378529,Vibrio parahaemolyticus,VP26,Food/Retail (post-harvest),Food/Retail (post-harvest)
GCF_054174285,SAMN53840735,PRJNA1378529,Vibrio parahaemolyticus,VP7,Food/Retail (post-harvest),Food/Retail (post-harvest)
GCF_000430405,SAMN02179882,PRJNA203445,Vibrio parahaemolyticus,VP39,Food/Retail (post-harvest),Food/Retail (post-harvest)
GCF_024746475,SAMN28767307,PRJNA843723,Vibrio parahaemolyticus,VP37/2,Food/Retail (post-harvest),Food/Retail (post-harvest)
GCF_054174785,SAMN53840720,PRJNA1378529,Vibrio parahaemolyticus,VP30/2,Food/Retail (post-harvest),Food/Retail (post-harvest)
GCF_054174825,SAMN53840718,PRJNA1378529,Vibrio parahaemolyticus,VP35/2,Food/Retail (post-harvest),Food/Retail (post-harvest)
GCF_054174725,SAMN53840719,PRJNA1378529,Vibrio parahaemolyticus,VP42,Food/Retail (post-harvest),Food/Retail (post-harvest)
GCF_024746215,SAMN28767319,PRJNA843723,Vibrio parahaemolyticus,VP11,Food/Retail (post-harvest),Food/Retail (post-harvest)
GCF_001281665,SAMN04023225,PRJNA294352,Vibrio parahaemolyticus,22-VB00040-0,Food/Retail (post-harvest),Food/Retail (post-harvest)
GCF_003056955,SAMN08741621,PRJNA439168,Vibrio fluvialis,22-VB00044-0,Food/Retail (post-harvest),Food/Retail (post-harvest)
GCF_004123225,SAMN10799707,PRJNA449860,Vibrio fluvialis,22-VB00045-0,Food/Retail (post-harvest),Food/Retail (post-harvest)
GCF_004310265,SAMN10963736,PRJNA523119,Vibrio parahaemolyticus,22-VB00049-0,Food/Retail (post-harvest),Food/Retail (post-harvest)
GCF_054174705,SAMN53840721,PRJNA1378529,Vibrio cholerae,VC0968,Food/Retail (post-harvest),Food/Retail (post-harvest)
GCF_054174585,SAMN53840724,PRJNA1378529,Vibrio cholerae,VC0969,Food/Retail (post-harvest),Food/Retail (post-harvest)
GCF_054174405,SAMN53840729,PRJNA1378529,Vibrio cholerae,VC0904,Food/Retail (post-harvest),Food/Retail (post-harvest)
GCF_054174905,SAMN53840714,PRJNA1378529,Vibrio cholerae,VC0902,Food/Retail (post-harvest),Food/Retail (post-harvest)
GCF_054174375,SAMN53840730,PRJNA1378529,Vibrio cholerae,VC0901,Food/Retail (post-harvest),Food/Retail (post-harvest)
GCF_054174365,SAMN53840731,PRJNA1378529,Vibrio cholerae,VC0899,Food/Retail (post-harvest),Food/Retail (post-harvest)
GCF_054174325,SAMN53840733,PRJNA1378529,Vibrio cholerae,VC0898,Food/Retail (post-harvest),Food/Retail (post-harvest)
GCF_002198395,SAMN03945146,PRJNA245882,Vibrio parahaemolyticus,NB215,Food/Retail (post-harvest),Food/Retail (post-harvest)
GCF_054174945,SAMN53840712,PRJNA1378529,Vibrio alginolyticus,NCTC10675,Food/Retail (post-harvest),Food/Retail (post-harvest)
GCF_008271325,SAMN12640819,PRJNA562446,Vibrio parahaemolyticus,FDA_R31,Food/Retail (post-harvest),Food/Retail (post-harvest)
GCF_002198525,SAMN03945147,PRJNA245882,Vibrio vulnificus,SC9629,Food/Retail (post-harvest),Food/Retail (post-harvest)
GCF_024744915,SAMN28767209,PRJNA843722,Vibrio parahaemolyticus,xtf19,Food/Retail (post-harvest),Food/Retail (post-harvest)
GCF_024744355,SAMN28767237,PRJNA843722,Vibrio parahaemolyticus,Vb0624,Food/Retail (post-harvest),Food/Retail (post-harvest)
GCF_024744395,SAMN28767235,PRJNA843722,Vibrio parahaemolyticus,L70,Food/Retail (post-harvest),Food/Retail (post-harvest)
GCF_013111585,SAMN13897696,PRJNA266293,Vibrio vulnificus,Vv21,Food/Retail (post-harvest),Food/Retail (post-harvest)
GCF_024744645,SAMN28767224,PRJNA843722,Vibrio cholerae,Vc3024,Food/Retail (post-harvest),Food/Retail (post-harvest)
GCF_024744595,SAMN28767225,PRJNA843722,Vibrio cholerae,HZ20-124,Food/Retail (post-harvest),Food/Retail (post-harvest)
GCF_009649015,SAMN02952920,PRJNA541971,Vibrio parahaemolyticus,F3C,Food/Retail (post-harvest),Food/Retail (post-harvest)
GCF_006802155,SAMN12169087,PRJNA551929,Vibrio fluvialis,10M-VF,Food/Retail (post-harvest),Food/Retail (post-harvest)
GCF_021249365,SAMN23839833,PRJNA787740,Vibrio parahaemolyticus,NJIFDCVp17,Food/Retail (post-harvest),Food/Retail (post-harvest)
GCF_030851385,SAMN15567610,PRJNA646889,Vibrio parahaemolyticus,NJIFDCVp7,Food/Retail (post-harvest),Food/Retail (post-harvest)
GCF_054175005,SAMN53840710,PRJNA1378529,Vibrio paracholerae,ZJ22JX0006VC,Food/Retail (post-harvest),Food/Retail (post-harvest)
GCF_054174345,SAMN53840732,PRJNA1378529,Vibrio paracholerae,ZJ22JX0083VC,Food/Retail (post-harvest),Food/Retail (post-harvest)
GCF_054174645,SAMN53840722,PRJNA1378529,Vibrio paracholerae,ZJ23JX0311VC,Food/Retail (post-harvest),Food/Retail (post-harvest)
GCF_054174855,SAMN53840716,PRJNA1378529,Vibrio paracholerae,ZJ23JX0404VC,Food/Retail (post-harvest),Food/Retail (post-harvest)
GCF_040010115,SAMN41518078,PRJNA1115946,Vibrio furnissii,SZ-V16,Food/Retail (post-harvest),Food/Retail (post-harvest)
GCF_002073065,SAMN03483372,PRJNA281155,Vibrio parahaemolyticus,SZ-V94,Food/Retail (post-harvest),Food/Retail (post-harvest)
GCF_004121905,SAMN10653497,PRJNA449860,Vibrio parahaemolyticus,SZ-V229,Food/Retail (post-harvest),Food/Retail (post-harvest)
GCF_013111635,SAMN13897694,PRJNA266293,Vibrio parahaemolyticus,SZ-V197,Food/Retail (post-harvest),Food/Retail (post-harvest)
GCF_056386135,SAMN56518618,PRJNA1437751,Vibrio parahaemolyticus,VP-H11-1,Food/Retail (post-harvest),Food/Retail (post-harvest)
GCF_056386145,SAMN56518620,PRJNA1437751,Vibrio parahaemolyticus,VP-H14-2,Food/Retail (post-harvest),Food/Retail (post-harvest)
GCF_056386095,SAMN56518622,PRJNA1437751,Vibrio parahaemolyticus,VP-H2,Food/Retail (post-harvest),Food/Retail (post-harvest)
GCF_056385915,SAMN56518634,PRJNA1437751,Vibrio parahaemolyticus,VP-X5,Food/Retail (post-harvest),Food/Retail (post-harvest)
GCF_055329765,SAMN55333167,PRJNA1423162,Vibrio parahaemolyticus,CB-B2-1,Food/Retail (post-harvest),Food/Retail (post-harvest)
GCF_055284695,SAMN55333175,PRJNA1423162,Vibrio parahaemolyticus,CB-S12-1,Food/Retail (post-harvest),Food/Retail (post-harvest)
GCF_055329685,SAMN55333170,PRJNA1423162,Vibrio parahaemolyticus,CB-H1-2,Food/Retail (post-harvest),Food/Retail (post-harvest)
GCF_948193355,SAMEA112324434,PRJEB39490,Vibrio parahaemolyticus,CB-H7-1,Food/Retail (post-harvest),Food/Retail (post-harvest)
GCF_056386035,SAMN56518625,PRJNA1437751,Vibrio parahaemolyticus,CB-X15-1,Food/Retail (post-harvest),Food/Retail (post-harvest)
GCF_056386015,SAMN56518626,PRJNA1437751,Vibrio parahaemolyticus,CB-X17-1,Food/Retail (post-harvest),Food/Retail (post-harvest)
GCF_056385975,SAMN56518628,PRJNA1437751,Vibrio parahaemolyticus,CB-X24-2,Food/Retail (post-harvest),Food/Retail (post-harvest)
GCF_046736365,SAMN41299324,PRJNA1109855,Vibrio parahaemolyticus,PB_A,Food/Retail (post-harvest),Food/Retail (post-harvest)
GCF_002198305,SAMN03945138,PRJNA245882,Vibrio parahaemolyticus,PB_D,Food/Retail (post-harvest),Food/Retail (post-harvest)
GCF_002198215,SAMN03945128,PRJNA245882,Vibrio parahaemolyticus,PB_S7,Food/Retail (post-harvest),Food/Retail (post-harvest)
GCF_002198515,SAMN03945145,PRJNA245882,Vibrio parahaemolyticus,PB_S8,Food/Retail (post-harvest),Food/Retail (post-harvest)
GCF_056385955,SAMN56518629,PRJNA1437751,Vibrio parahaemolyticus,D4-X1,Food/Retail (post-harvest),Food/Retail (post-harvest)
GCF_056385895,SAMN56518631,PRJNA1437751,Vibrio parahaemolyticus,D5-X4,Food/Retail (post-harvest),Food/Retail (post-harvest)
GCF_056386215,SAMN56518613,PRJNA1437751,Vibrio parahaemolyticus,SY-H1,Food/Retail (post-harvest),Food/Retail (post-harvest)
GCF_056386185,SAMN56518616,PRJNA1437751,Vibrio parahaemolyticus,SY-H5,Food/Retail (post-harvest),Food/Retail (post-harvest)
GCF_056386075,SAMN56518623,PRJNA1437751,Vibrio parahaemolyticus,ZG-H3,Food/Retail (post-harvest),Food/Retail (post-harvest)
GCF_056385875,SAMN56518635,PRJNA1437751,Vibrio parahaemolyticus,ZG-X10,Food/Retail (post-harvest),Food/Retail (post-harvest)
GCF_056385835,SAMN56518637,PRJNA1437751,Vibrio parahaemolyticus,ZG-X2,Food/Retail (post-harvest),Food/Retail (post-harvest)
GCF_001857505,SAMN05590437,PRJNA339415,Vibrio parahaemolyticus,ZG-X8,Food/Retail (post-harvest),Food/Retail (post-harvest)
GCF_006802075,SAMN12169095,PRJNA551929,Vibrio parahaemolyticus,VA031,Food/Retail (post-harvest),Food/Retail (post-harvest)
GCF_016103055,SAMN15929508,PRJNA659870,Vibrio parahaemolyticus,VA101,Food/Retail (post-harvest),Food/Retail (post-harvest)
GCF_002221245,SAMN06917277,PRJNA263814,Vibrio parahaemolyticus,VA141,Food/Retail (post-harvest),Food/Retail (post-harvest)
GCF_001675875,SAMN05172610,PRJNA322700,Vibrio parahaemolyticus,VA171,Food/Retail (post-harvest),Food/Retail (post-harvest)
GCF_000500545,SAMN02471137,PRJNA222563,Vibrio parahaemolyticus,VA232,Food/Retail (post-harvest),Food/Retail (post-harvest)
GCF_040364555,SAMD00662003,PRJDB17101,Vibrio parahaemolyticus,VA262,Food/Retail (post-harvest),Food/Retail (post-harvest)
GCF_055394615,SAMD00816383,PRJDB18651,Vibrio parahaemolyticus,VA321,Food/Retail (post-harvest),Food/Retail (post-harvest)
GCF_055389885,SAMD00899488,PRJDB18651,Vibrio parahaemolyticus,VA342,Food/Retail (post-harvest),Food/Retail (post-harvest)
GCF_013111935,SAMN13897680,PRJNA266293,Vibrio parahaemolyticus,VA411,Food/Retail (post-harvest),Food/Retail (post-harvest)
GCF_013111875,SAMN13897681,PRJNA266293,Vibrio parahaemolyticus,VA412,Food/Retail (post-harvest),Food/Retail (post-harvest)
GCF_013111855,SAMN13897683,PRJNA266293,Vibrio parahaemolyticus,VA431,Food/Retail (post-harvest),Food/Retail (post-harvest)
GCF_013111735,SAMN13897687,PRJNA266293,Vibrio parahaemolyticus,VA441,Food/Retail (post-harvest),Food/Retail (post-harvest)
GCF_013111745,SAMN13897688,PRJNA266293,Vibrio parahaemolyticus,VA442,Food/Retail (post-harvest),Food/Retail (post-harvest)
GCF_013111685,SAMN13897690,PRJNA266293,Vibrio parahaemolyticus,VA463,Food/Retail (post-harvest),Food/Retail (post-harvest)
GCF_002198575,SAMN03945152,PRJNA245882,Vibrio alginolyticus,FDAARGOS_97,Food/Retail (post-harvest),Food/Retail (post-harvest)
GCF_054174925,SAMN53840713,PRJNA1378529,Vibrio rotiferianus,AM7,Food/Retail (post-harvest),Food/Retail (post-harvest)
GCF_040010615,SAMN41518077,PRJNA1115946,Vibrio parahaemolyticus,10329,Food/Retail (post-harvest),Food/Retail (post-harvest)
GCF_054174305,SAMN53840734,PRJNA1378529,Vibrio parahaemolyticus,FORC_022,Food/Retail (post-harvest),Food/Retail (post-harvest)
GCF_021322875,SAMN14142485,PRJNA607647,Vibrio natriegens,ATCC 14048,Marine (environmental),Marine (environmental)
GCF_036904115,SAMN15667317,PRJNA649490,Vibrio parahaemolyticus,BB22OP,Marine (environmental),Marine (environmental)
GCF_013110955,SAMN13704164,PRJNA598367,Vibrio cholerae,2740-80,Marine (environmental),Marine (environmental)
GCF_001402545,SAMN03488011,PRJNA281423,Vibrio parahaemolyticus,CFSAN001616,Marine (environmental),Marine (environmental)
GCF_001402425,SAMN03488010,PRJNA281423,Vibrio parahaemolyticus,CFSAN001615,Marine (environmental),Marine (environmental)
GCF_043844675,SAMN40584503,PRJNA1090258,Vibrio alginolyticus,FDAARGOS_98,Marine (environmental),Marine (environmental)
GCF_014879975,SAMN16339685,PRJNA666987,Vibrio parahaemolyticus,CFSAN001621,Marine (environmental),Marine (environmental)
GCF_006802345,SAMN12168983,PRJNA551929,Vibrio cholerae,R18350,Marine (environmental),Marine (environmental)
GCF_043843495,SAMN40564672,PRJNA1090258,Vibrio vulnificus,VN-0206,Marine (environmental),Marine (environmental)
GCF_013110995,SAMN13704161,PRJNA598367,Vibrio cholerae,857,Marine (environmental),Marine (environmental)
GCF_041470205,SAMN41905141,PRJNA328102,Vibrio toranzoniae,96-373,Marine (environmental),Marine (environmental)
GCF_001411585,SAMN03488008,PRJNA281423,Vibrio parahaemolyticus,CFSAN001611,Marine (environmental),Marine (environmental)
GCF_053220495,SAMN49797555,PRJNA1286777,Vibrio mimicus,VM602,Marine (environmental),Marine (environmental)
GCF_053220535,SAMN49797553,PRJNA1286777,Vibrio mimicus,VM535,Marine (environmental),Marine (environmental)
GCF_001402275,SAMN03488012,PRJNA281423,Vibrio parahaemolyticus,CFSAN001620,Marine (environmental),Marine (environmental)
GCF_036904045,SAMN15667315,PRJNA649490,Vibrio parahaemolyticus,J-C2-34,Marine (environmental),Marine (environmental)
GCF_043843665,SAMN40565714,PRJNA1090258,Vibrio vulnificus,VN-0208,Marine (environmental),Marine (environmental)
GCF_006802815,SAMN12168599,PRJNA551929,Vibrio cholerae,R18297,Marine (environmental),Marine (environmental)
GCF_006802495,SAMN12168619,PRJNA551929,Vibrio cholerae,R18301,Marine (environmental),Marine (environmental)
GCF_037168085,SAMN40108469,PRJNA1080184,Vibrio cholerae,M12,Marine (environmental),Marine (environmental)
GCF_045689275,SAMN37852906,PRJNA1028811,Vibrio cholerae,MGL788,Marine (environmental),Marine (environmental)
GCF_013357845,SAMN14944112,PRJNA633476,Vibrio cholerae,MGL845,Marine (environmental),Marine (environmental)
GCF_005145915,SAMN11522376,PRJNA328102,Vibrio diabolicus,CAIM 1802,Marine (environmental),Marine (environmental)
GCF_001402605,SAMN03488013,PRJNA281423,Vibrio parahaemolyticus,K1203,Marine (environmental),Marine (environmental)
GCF_036904035,SAMN15667316,PRJNA649490,Vibrio parahaemolyticus,CFSAN001614,Marine (environmental),Marine (environmental)
GCF_017917465,SAMN18238027,PRJNA712984,Vibrio parahaemolyticus,CFSAN018764,Marine (environmental),Marine (environmental)
GCF_018682735,SAMN18238040,PRJNA712984,Vibrio parahaemolyticus,CFSAN018765,Marine (environmental),Marine (environmental)
GCF_017917035,SAMN18238050,PRJNA712984,Vibrio parahaemolyticus,CFSAN018766,Marine (environmental),Marine (environmental)
GCF_000256205,SAMN02470295,PRJNA81871,Vibrio parahaemolyticus,FDAARGOS_53,Marine (environmental),Marine (environmental)
GCF_013357605,SAMN14944057,PRJNA633476,Vibrio cholerae,MGL2619,Marine (environmental),Marine (environmental)
GCF_013111395,SAMN13897706,PRJNA266293,Vibrio parahaemolyticus,605,Marine (environmental),Marine (environmental)
GCF_043840525,SAMN40575548,PRJNA1090258,Vibrio bivalvicida,1F146,Marine (environmental),Marine (environmental)
GCF_043843335,SAMN40561044,PRJNA1090258,Vibrio kanaloae,1S120,Marine (environmental),Marine (environmental)
GCF_043840685,SAMN40584213,PRJNA1090258,Vibrio kanaloae,1S77,Marine (environmental),Marine (environmental)
GCF_043840725,SAMN40584254,PRJNA1090258,Vibrio kanaloae,5S240,Marine (environmental),Marine (environmental)
GCF_043840745,SAMN40584261,PRJNA1090258,Vibrio bivalvicida,FF482,Marine (environmental),Marine (environmental)
GCF_013111005,SAMN13704160,PRJNA598367,Vibrio parahaemolyticus,In711,Marine (environmental),Marine (environmental)
GCF_013110925,SAMN13704165,PRJNA598367,Vibrio parahaemolyticus,G149,Marine (environmental),Marine (environmental)
GCF_043843995,SAMN40566081,PRJNA1090258,Vibrio parahaemolyticus,752,Marine (environmental),Marine (environmental)
GCF_043843045,SAMN40560812,PRJNA1090258,Vibrio parahaemolyticus,783,Marine (environmental),Marine (environmental)
GCF_043843015,SAMN40560813,PRJNA1090258,Vibrio parahaemolyticus,658,Marine (environmental),Marine (environmental)
GCF_043844015,SAMN40566114,PRJNA1090258,Vibrio parahaemolyticus,765,Marine (environmental),Marine (environmental)
GCF_964199265,SAMEA115610386,PRJEB75743,Vibrio parahaemolyticus,VP551,Marine (environmental),Marine (environmental)
GCF_000176235,SAMN02393817,PRJNA40487,Vibrio cholerae,DL4211,Marine (environmental),Marine (environmental)
GCF_013357745,SAMN14944080,PRJNA633476,Vibrio cholerae,4119,Marine (environmental),Marine (environmental)
GCF_024747575,SAMN28494996,PRJNA772001,Vibrio vulnificus,VN-0288,Marine (environmental),Marine (environmental)
GCF_043843675,SAMN40565715,PRJNA1090258,Vibrio vulnificus,VN-0101,Marine (environmental),Marine (environmental)
GCF_013111315,SAMN13897709,PRJNA266293,Vibrio parahaemolyticus,VPCR-2010,Marine (environmental),Marine (environmental)
GCF_004214665,SAMN09386766,PRJNA475262,Vibrio cholerae,A110621W3,Marine (environmental),Marine (environmental)
GCF_039833975,SAMN30916814,PRJNA881843,Vibrio cholerae,2012EL-1097,Marine (environmental),Marine (environmental)
GCF_043844625,SAMN40584490,PRJNA1090258,Vibrio alginolyticus,AQP8714,Marine (environmental),Marine (environmental)
GCF_000272165,SAMN02470441,PRJNA167004,Vibrio cidicii,VN-3125,Marine (environmental),Marine (environmental)
GCF_004214765,SAMN09386818,PRJNA475262,Vibrio cholerae,A120416W2,Marine (environmental),Marine (environmental)
GCF_004214555,SAMN09386767,PRJNA475262,Vibrio cholerae,A120502W2,Marine (environmental),Marine (environmental)
GCF_004214525,SAMN09386624,PRJNA475262,Vibrio cholerae,A121001W1,Marine (environmental),Marine (environmental)
GCF_004214475,SAMN09386759,PRJNA475262,Vibrio cholerae,A12JL36W17,Marine (environmental),Marine (environmental)
GCF_004214395,SAMN09386758,PRJNA475262,Vibrio cholerae,A12JL36W75,Marine (environmental),Marine (environmental)
GCF_004215095,SAMN09386619,PRJNA475262,Vibrio cholerae,A12JL4W15,Marine (environmental),Marine (environmental)
GCF_003312585,SAMN09537147,PRJNA479421,Vibrio cholerae,A12JL4W81,Marine (environmental),Marine (environmental)
GCF_009859325,SAMN09694273,PRJNA482034,Vibrio cholerae,A12JL5W24,Marine (environmental),Marine (environmental)
GCF_009859285,SAMN09694275,PRJNA482034,Vibrio cholerae,A12JL5W97,Marine (environmental),Marine (environmental)
GCF_018310255,SAMN18961237,PRJNA726746,Vibrio jasicida,200612G,Marine (environmental),Marine (environmental)
GCF_003408895,SAMN05890675,PRJNA347505,Vibrio jasicida,201212A,Marine (environmental),Marine (environmental)
GCF_043844585,SAMN40584488,PRJNA1090258,Vibrio parahaemolyticus,AQP10324,Marine (environmental),Marine (environmental)
GCF_043844605,SAMN40584489,PRJNA1090258,Vibrio alginolyticus,AQP10327,Marine (environmental),Marine (environmental)
GCF_006803125,SAMN12168575,PRJNA551929,Vibrio cholerae,M1518,Marine (environmental),Marine (environmental)
GCF_013111355,SAMN13897710,PRJNA266293,Vibrio cholerae,BD01,Marine (environmental),Marine (environmental)
GCF_001641685,SAMN04417201,PRJNA308883,Vibrio cholerae,BD07,Marine (environmental),Marine (environmental)
GCF_013111275,SAMN13704147,PRJNA598367,Vibrio cholerae,BD31,Marine (environmental),Marine (environmental)
GCF_013111295,SAMN13704148,PRJNA598367,Vibrio cholerae,BD33,Marine (environmental),Marine (environmental)
GCF_016094345,SAMN07515190,PRJNA355116,Vibrio cholerae,BD08,Marine (environmental),Marine (environmental)
GCF_006381955,SAMN09208625,PRJNA471379,Vibrio cholerae,BD14,Marine (environmental),Marine (environmental)
GCF_035782295,SAMN13404284,PRJNA593663,Vibrio cholerae,BD20,Marine (environmental),Marine (environmental)
GCF_035782235,SAMN13404285,PRJNA593663,Vibrio cholerae,BD22,Marine (environmental),Marine (environmental)
GCF_035782315,SAMN13404287,PRJNA593663,Vibrio cholerae,BD29,Marine (environmental),Marine (environmental)
GCF_013111245,SAMN13704149,PRJNA598367,Vibrio cholerae,BD43,Marine (environmental),Marine (environmental)
GCF_013111215,SAMN13704150,PRJNA598367,Vibrio cholerae,BD44,Marine (environmental),Marine (environmental)
GCF_013111195,SAMN13704151,PRJNA598367,Vibrio cholerae,BD55,Marine (environmental),Marine (environmental)
GCF_013111175,SAMN13704152,PRJNA598367,Vibrio cholerae,BD57,Marine (environmental),Marine (environmental)
GCF_013111025,SAMN13704158,PRJNA598367,Vibrio cholerae,BD58,Marine (environmental),Marine (environmental)
GCF_013110985,SAMN13704159,PRJNA598367,Vibrio cholerae,BD59,Marine (environmental),Marine (environmental)
GCF_001680085,SAMN05302751,PRJNA327130,Vibrio diabolicus,CW-9-11-1,Marine (environmental),Marine (environmental)
GCF_006802935,SAMN12168584,PRJNA551929,Vibrio fluvialis,S3,Marine (environmental),Marine (environmental)
GCF_000967465,SAMN03323806,PRJNA242743,Vibrio parahaemolyticus,F6_4,Marine (environmental),Marine (environmental)
GCF_000877415,SAMN02204304,PRJNA188198,Vibrio parahaemolyticus,F4_8,Marine (environmental),Marine (environmental)
GCF_002196135,SAMN06768133,PRJNA383628,Vibrio parahaemolyticus,F8_3,Marine (environmental),Marine (environmental)
GCF_013357885,SAMN14944058,PRJNA633476,Vibrio parahaemolyticus,G2_6,Marine (environmental),Marine (environmental)
GCF_026613685,SAMN16268028,PRJNA665749,Vibrio parahaemolyticus,A4_9,Marine (environmental),Marine (environmental)
GCF_026613655,SAMN16268032,PRJNA665749,Vibrio parahaemolyticus,B8_8,Marine (environmental),Marine (environmental)
GCF_026613585,SAMN16268034,PRJNA665749,Vibrio parahaemolyticus,B9_7,Marine (environmental),Marine (environmental)
GCF_026613495,SAMN16268039,PRJNA665749,Vibrio parahaemolyticus,C1_9,Marine (environmental),Marine (environmental)
GCF_026613455,SAMN16268041,PRJNA665749,Vibrio parahaemolyticus,C3_9,Marine (environmental),Marine (environmental)
GCF_026613395,SAMN16268043,PRJNA665749,Vibrio parahaemolyticus,C5_10,Marine (environmental),Marine (environmental)
GCF_026613435,SAMN16268044,PRJNA665749,Vibrio parahaemolyticus,C7_2,Marine (environmental),Marine (environmental)
GCF_000788495,SAMN03104881,PRJNA263670,Vibrio parahaemolyticus,C7_3,Marine (environmental),Marine (environmental)
GCF_000788715,SAMN03104885,PRJNA263670,Vibrio parahaemolyticus,D4_5,Marine (environmental),Marine (environmental)
GCF_000454475,SAMN02435811,PRJNA176659,Vibrio alginolyticus,VA195,Marine (environmental),Marine (environmental)
GCF_003348735,SAMN08982477,PRJNA281423,Vibrio alginolyticus,VA40,Marine (environmental),Marine (environmental)
GCF_002876795,SAMN05418035,PRJNA328102,Vibrio alginolyticus,VA115,Marine (environmental),Marine (environmental)
GCF_002875745,SAMN05418039,PRJNA328102,Vibrio alginolyticus,VA82,Marine (environmental),Marine (environmental)
GCF_051020655,SAMN44841004,PRJNA1188529,Vibrio alginolyticus,VA123,Marine (environmental),Marine (environmental)
GCF_051020625,SAMN44841005,PRJNA1188529,Vibrio alginolyticus,VA132,Marine (environmental),Marine (environmental)
GCF_000519365,SAMN02597368,PRJNA176634,Vibrio alginolyticus,VA133,Marine (environmental),Marine (environmental)
GCF_002872705,SAMN05418240,PRJNA328102,Vibrio bathopelagicus,Sal10,Marine (environmental),Marine (environmental)
GCF_043843835,SAMN40566025,PRJNA1090258,Vibrio alginolyticus,UCD-53C,Marine (environmental),Marine (environmental)
GCF_043843855,SAMN40566039,PRJNA1090258,Vibrio alginolyticus,UCD-9C,Marine (environmental),Marine (environmental)
GCF_000328405,SAMN02604302,PRJNA170885,Vibrio cholerae,NIHE_54,Marine (environmental),Marine (environmental)
GCF_000417905,SAMN02472057,PRJNA207547,Vibrio cholerae,NIHE_58,Marine (environmental),Marine (environmental)
GCF_000958655,SAMN02712353,PRJNA242825,Vibrio cholerae,NIHE_60,Marine (environmental),Marine (environmental)
GCF_000707885,SAMN02741351,PRJNA245882,Vibrio cholerae,NIHE_65,Marine (environmental),Marine (environmental)
GCF_002072915,SAMN03945127,PRJNA245882,Vibrio cholerae,NIHE_67,Marine (environmental),Marine (environmental)
GCF_001696145,SAMN03941072,PRJNA245882,Vibrio cholerae,NIHE_69,Marine (environmental),Marine (environmental)
GCF_001696165,SAMN03941073,PRJNA245882,Vibrio cholerae,NIHE_70,Marine (environmental),Marine (environmental)
GCF_024748395,SAMN28494999,PRJNA772001,Vibrio cholerae,920008-15,Marine (environmental),Marine (environmental)
GCF_006802735,SAMN12168603,PRJNA551929,Vibrio cholerae,EDC_688,Marine (environmental),Marine (environmental)
GCF_006802705,SAMN12168608,PRJNA551929,Vibrio cholerae,EDC_689,Marine (environmental),Marine (environmental)
GCF_006802595,SAMN12168612,PRJNA551929,Vibrio cholerae,EDC_692,Marine (environmental),Marine (environmental)
GCF_006802485,SAMN12168617,PRJNA551929,Vibrio cholerae,EDC_694,Marine (environmental),Marine (environmental)
GCF_026933785,SAMN16560716,PRJNA672209,Vibrio cholerae,EDC_696,Marine (environmental),Marine (environmental)
GCF_026933745,SAMN16560717,PRJNA672209,Vibrio cholerae,EDC_701,Marine (environmental),Marine (environmental)
GCF_026936025,SAMN16560721,PRJNA672209,Vibrio cholerae,EDC_727,Marine (environmental),Marine (environmental)
GCF_026933545,SAMN16560722,PRJNA672209,Vibrio cholerae,EDC_728,Marine (environmental),Marine (environmental)
GCF_026933625,SAMN16560723,PRJNA672209,Vibrio cholerae,EDC_754,Marine (environmental),Marine (environmental)
GCF_026933415,SAMN16560726,PRJNA672209,Vibrio cholerae,EDC_755,Marine (environmental),Marine (environmental)
GCF_026933335,SAMN16560727,PRJNA672209,Vibrio cholerae,EDC_794,Marine (environmental),Marine (environmental)
GCF_026933175,SAMN16560729,PRJNA672209,Vibrio cholerae,EDC_800,Marine (environmental),Marine (environmental)
GCF_013357625,SAMN14944065,PRJNA633476,Vibrio cholerae,195V0316,Marine (environmental),Marine (environmental)
GCF_026798015,SAMN31841003,PRJNA904367,Vibrio cholerae,EDC 753,Marine (environmental),Marine (environmental)
GCF_033100075,SAMN37853693,PRJNA1028838,Vibrio cholerae,2843,Marine (environmental),Marine (environmental)
GCF_003348675,SAMN08982482,PRJNA281423,Vibrio parahaemolyticus,R-14810,Marine (environmental),Marine (environmental)
GCF_037462765,SAMN37977892,PRJNA1031992,Vibrio cholerae,20000,Marine (environmental),Marine (environmental)
GCF_026168085,SAMN05194683,PRJNA324080,Vibrio parahaemolyticus,WC15,Marine (environmental),Marine (environmental)
GCF_026168135,SAMN05195061,PRJNA324095,Vibrio parahaemolyticus,WY3,Marine (environmental),Marine (environmental)
GCF_017426815,SAMN06196907,PRJNA359496,Vibrio paracholerae,NALMLE46,Marine (environmental),Marine (environmental)
GCF_034317045,SAMN38494069,PRJNA1046414,Vibrio diabolicus,,Marine (environmental),Marine (environmental)
GCF_036348235,SAMN39528351,PRJNA1067388,Vibrio diabolicus,,Marine (environmental),Marine (environmental)
GCF_040718895,SAMN41254064,PRJNA1108781,Vibrio rotiferianus,,Marine (environmental),Marine (environmental)
GCF_040705275,SAMN41254067,PRJNA1108781,Vibrio diabolicus,,Marine (environmental),Marine (environmental)
GCF_001974605,SAMN05768151,PRJNA328102,Vibrio parahaemolyticus,DHO76,Marine (environmental),Marine (environmental)
GCF_002877415,SAMN05418117,PRJNA328102,Vibrio parahaemolyticus,XMO116,Marine (environmental),Marine (environmental)
GCF_036889725,SAMN40019047,PRJNA1073530,Vibrio diabolicus,FA3,Marine (environmental),Marine (environmental)
GCF_037407335,SAMN40453158,PRJNA1087707,Vibrio alginolyticus,VaAphrodite1_A,Marine (environmental),Marine (environmental)
GCF_037402835,SAMN40453154,PRJNA1087707,Vibrio alginolyticus,VaAphrodite1_B,Marine (environmental),Marine (environmental)
GCF_037402815,SAMN40453155,PRJNA1087707,Vibrio alginolyticus,VaAres1_A,Marine (environmental),Marine (environmental)
GCF_001856105,SAMN05386387,PRJNA328962,Vibrio alginolyticus,VaAres1_B,Marine (environmental),Marine (environmental)
GCF_006538425,SAMD00166353,PRJDB8137,Vibrio alginolyticus,VaAres1_C,Marine (environmental),Marine (environmental)
GCF_900089855,SAMEA4029004,PRJEB14353,Vibrio alginolyticus,VaphiSt2_A,Marine (environmental),Marine (environmental)
GCF_004764665,SAMEA4755329,PRJEB27439,Vibrio alginolyticus,VaphiSt2_B,Marine (environmental),Marine (environmental)
GCF_050338155,SAMN24907464,PRJNA796716,Vibrio kanaloae,A6-11SW3,Marine (environmental),Marine (environmental)
GCF_050338015,SAMN24907466,PRJNA796716,Vibrio kanaloae,WXL161,Marine (environmental),Marine (environmental)
GCF_050338315,SAMN24907460,PRJNA796716,Vibrio gigantis,YSX12,Marine (environmental),Marine (environmental)
GCF_008370535,SAMN12671329,PRJNA563297,Vibrio cholerae,B20286,Marine (environmental),Marine (environmental)
GCF_008370545,SAMN12671334,PRJNA563302,Vibrio alginolyticus,2020RZ1,Marine (environmental),Marine (environmental)
GCF_018920425,SAMN16532817,PRJNA671144,Vibrio alginolyticus,2020RZ10,Marine (environmental),Marine (environmental)
GCF_022289935,SAMN20805047,PRJNA754786,Vibrio diabolicus,2020RZ101,Marine (environmental),Marine (environmental)
GCF_003716365,SAMN10360553,PRJNA266293,Vibrio diabolicus,2020RZ102,Marine (environmental),Marine (environmental)
GCF_053323715,SAMN52950331,PRJNA1354620,Vibrio alginolyticus,2020RZ108,Marine (environmental),Marine (environmental)
GCF_053323735,SAMN52950332,PRJNA1354620,Vibrio diabolicus,2020RZ11,Marine (environmental),Marine (environmental)
GCF_053323765,SAMN52950333,PRJNA1354620,Vibrio alginolyticus,2020RZ110,Marine (environmental),Marine (environmental)
GCF_053325035,SAMN52950338,PRJNA1354620,Vibrio diabolicus,2020RZ112,Marine (environmental),Marine (environmental)
GCF_001471585,SAMN03996320,PRJNA231221,Vibrio alginolyticus,2020RZ113,Marine (environmental),Marine (environmental)
GCF_026168225,SAMN05195118,PRJNA324103,Vibrio alginolyticus,2020RZ117,Marine (environmental),Marine (environmental)
GCF_014705665,SAMN14988329,PRJNA634321,Vibrio diabolicus,2020RZ118,Marine (environmental),Marine (environmental)
GCF_019137695,SAMN19957696,PRJNA742499,Vibrio alginolyticus,2020RZ119,Marine (environmental),Marine (environmental)
GCF_019137735,SAMN19957697,PRJNA742499,Vibrio diabolicus,2020RZ120,Marine (environmental),Marine (environmental)
GCF_019137705,SAMN19957698,PRJNA742499,Vibrio alginolyticus,2020RZ125,Marine (environmental),Marine (environmental)
GCF_019137595,SAMN19957699,PRJNA742499,Vibrio diabolicus,2020RZ126,Marine (environmental),Marine (environmental)
GCF_019137605,SAMN19957700,PRJNA742499,Vibrio alginolyticus,2020RZ127,Marine (environmental),Marine (environmental)
GCF_019137625,SAMN19957701,PRJNA742499,Vibrio alginolyticus,2020RZ13,Marine (environmental),Marine (environmental)
GCF_019137655,SAMN19957702,PRJNA742499,Vibrio diabolicus,2020RZ131,Marine (environmental),Marine (environmental)
GCF_019137645,SAMN19957703,PRJNA742499,Vibrio alginolyticus,2020RZ134,Marine (environmental),Marine (environmental)
GCF_054110305,SAMN54103316,PRJNA1381281,Vibrio diabolicus,2020RZ135,Marine (environmental),Marine (environmental)
GCF_006364355,SAMN11056492,PRJNA231221,Vibrio alginolyticus,2020RZ139,Marine (environmental),Marine (environmental)
GCF_011750865,SAMN13887711,PRJNA602297,Vibrio diabolicus,2020RZ14,Marine (environmental),Marine (environmental)
GCF_011750775,SAMN13887713,PRJNA602297,Vibrio alginolyticus,2020RZ140,Marine (environmental),Marine (environmental)
GCF_011750835,SAMN13887712,PRJNA602297,Vibrio alginolyticus,2020RZ141,Marine (environmental),Marine (environmental)
GCF_019846235,SAMN17214697,PRJNA689694,Vibrio alginolyticus,2020RZ142,Marine (environmental),Marine (environmental)
GCF_019846195,SAMN17215411,PRJNA689733,Vibrio diabolicus,2020RZ144,Marine (environmental),Marine (environmental)
GCF_019846825,SAMN17225554,PRJNA690007,Vibrio alginolyticus,2020RZ146,Marine (environmental),Marine (environmental)
GCF_052271875,SAMN49713705,PRJNA1274202,Vibrio diabolicus,2020RZ148,Marine (environmental),Marine (environmental)
GCF_051903295,SAMN49713706,PRJNA1274202,Vibrio diabolicus,2020RZ149,Marine (environmental),Marine (environmental)
GCF_051903285,SAMN49713707,PRJNA1274202,Vibrio diabolicus,2020RZ15,Marine (environmental),Marine (environmental)
GCF_019846155,SAMN17213680,PRJNA689660,Vibrio alginolyticus,2020RZ151,Marine (environmental),Marine (environmental)
GCF_019846815,SAMN17221876,PRJNA689915,Vibrio alginolyticus,2020RZ152,Marine (environmental),Marine (environmental)
GCF_019846795,SAMN17225431,PRJNA690004,Vibrio diabolicus,2020RZ157,Marine (environmental),Marine (environmental)
GCF_000818715,SAMD00019137,PRJDB3039,Vibrio diabolicus,2020RZ158,Marine (environmental),Marine (environmental)
GCF_000829615,SAMD00019138,PRJDB3039,Vibrio alginolyticus,2020RZ2,Marine (environmental),Marine (environmental)
GCF_007990935,SAMD00169732,PRJDB343,Vibrio diabolicus,2020RZ20,Marine (environmental),Marine (environmental)
GCF_054590015,SAMD01620614,PRJDB37406,Vibrio alginolyticus,2020RZ21,Marine (environmental),Marine (environmental)
GCF_903986725,SAMEA7060543,PRJEB39286,Vibrio alginolyticus,2020RZ28,Marine (environmental),Marine (environmental)
GCF_903986945,SAMEA7061706,PRJEB39286,Vibrio alginolyticus,2020RZ29,Marine (environmental),Marine (environmental)
GCF_903986985,SAMEA7061698,PRJEB39286,Vibrio parahaemolyticus,2020RZ32,Marine (environmental),Marine (environmental)
GCF_903986995,SAMEA7061703,PRJEB39286,Vibrio diabolicus,2020RZ34,Marine (environmental),Marine (environmental)
GCF_928501225,SAMEA12312942,PRJEB49488,Vibrio alginolyticus,2020RZ35,Marine (environmental),Marine (environmental)
GCF_928502355,SAMEA12312943,PRJEB49488,Vibrio alginolyticus,2020RZ38,Marine (environmental),Marine (environmental)
GCF_928506355,SAMEA12312935,PRJEB49488,Vibrio alginolyticus,2020RZ39,Marine (environmental),Marine (environmental)
GCF_928506835,SAMEA12312936,PRJEB49488,Vibrio alginolyticus,2020RZ4,Marine (environmental),Marine (environmental)
GCF_947492095,SAMEA112157107,PRJEB57783,Vibrio alginolyticus,2020RZ5,Marine (environmental),Marine (environmental)
GCF_947497845,SAMEA112157104,PRJEB57783,Vibrio alginolyticus,2020RZ61,Marine (environmental),Marine (environmental)
GCF_947498945,SAMEA112157108,PRJEB57783,Vibrio alginolyticus,2020RZ7,Marine (environmental),Marine (environmental)
GCF_947501345,SAMEA112157109,PRJEB57783,Vibrio alginolyticus,2020RZ70,Marine (environmental),Marine (environmental)
GCF_947503745,SAMEA112157105,PRJEB57783,Vibrio furnissii,2020RZ75,Marine (environmental),Marine (environmental)
GCF_000707045,SAMN02741348,PRJNA245882,Vibrio diabolicus,2020RZ76,Marine (environmental),Marine (environmental)
GCF_002072885,SAMN02741352,PRJNA245882,Vibrio alginolyticus,2020RZ79,Marine (environmental),Marine (environmental)
GCF_002072845,SAMN02741353,PRJNA245882,Vibrio diabolicus,2020RZ80,Marine (environmental),Marine (environmental)
GCF_000707565,SAMN02741357,PRJNA245882,Vibrio alginolyticus,2020RZ83,Marine (environmental),Marine (environmental)
GCF_000707585,SAMN01816333,PRJNA245882,Vibrio alginolyticus,2020RZ84,Marine (environmental),Marine (environmental)
GCF_013420895,SAMN05161900,PRJNA322386,Vibrio alginolyticus,2020RZ85,Marine (environmental),Marine (environmental)
GCF_041467135,SAMN41920694,PRJNA328102,Vibrio alginolyticus,2020RZ87,Marine (environmental),Marine (environmental)
GCF_041466545,SAMN41920669,PRJNA328102,Vibrio alginolyticus,2020RZ88,Marine (environmental),Marine (environmental)
GCF_041467115,SAMN41920696,PRJNA328102,Vibrio alginolyticus,2020RZ89,Marine (environmental),Marine (environmental)
GCF_041466345,SAMN41920658,PRJNA328102,Vibrio diabolicus,2020RZ93,Marine (environmental),Marine (environmental)
GCF_041466655,SAMN41920674,PRJNA328102,Vibrio diabolicus,2020RZ95,Marine (environmental),Marine (environmental)
GCF_041466795,SAMN41920679,PRJNA328102,Vibrio diabolicus,2020RZ97,Marine (environmental),Marine (environmental)
GCF_043840435,SAMN40575477,PRJNA1090258,Vibrio neptunius,B158,Marine (environmental),Marine (environmental)
GCF_015709065,SAMN06013680,PRJNA353288,Vibrio mediterranei,Mu-109,Marine (environmental),Marine (environmental)
GCF_002874555,SAMN05418200,PRJNA328102,Vibrio alginolyticus,Mu-54,Marine (environmental),Marine (environmental)
GCF_036904135,SAMN15667311,PRJNA649490,Vibrio natriegens,ATCC 14048,Marine (environmental),Marine (environmental)
GCF_023206515,SAMN15889568,PRJNA633360,Vibrio natriegens,DSM 759,Marine (environmental),Marine (environmental)
GCF_043843935,SAMN40566047,PRJNA1090258,Vibrio alginolyticus,ATCC 33787,Marine (environmental),Marine (environmental)
GCF_051020685,SAMN44841002,PRJNA1188529,Vibrio cholerae,I-616,Marine (environmental),Marine (environmental)
GCF_001691185,SAMN04867927,PRJNA318805,Vibrio campbellii,DS40M4,Marine (environmental),Marine (environmental)
GCF_017426985,SAMN06198347,PRJNA359496,Vibrio cholerae,I-1175,Marine (environmental),Marine (environmental)
GCF_024747555,SAMN28495001,PRJNA772001,Vibrio cholerae,676,Marine (environmental),Marine (environmental)
GCF_002874205,SAMN05418143,PRJNA328102,Vibrio campbellii,KNH1,Marine (environmental),Marine (environmental)
GCF_037150515,SAMN40160523,PRJNA1081302,Vibrio cholerae,135-98-V,Marine (environmental),Marine (environmental)
GCF_037462795,SAMN37977890,PRJNA1031992,Vibrio cholerae,I-1330,Marine (environmental),Marine (environmental)
GCF_030464265,SAMN11877819,PRJNA545187,Vibrio parahaemolyticus,IFVp18,Marine (environmental),Marine (environmental)
GCF_018458085,SAMN18298702,PRJNA714277,Vibrio alginolyticus,AT1219,Marine (environmental),Marine (environmental)
GCF_022290635,SAMN20805035,PRJNA754786,Vibrio cholerae,SA3G,Marine (environmental),Marine (environmental)
GCF_022290255,SAMN20805038,PRJNA754786,Vibrio cholerae,SL4G,Marine (environmental),Marine (environmental)
GCF_022290135,SAMN20805042,PRJNA754786,Vibrio cholerae,SP6G,Marine (environmental),Marine (environmental)
GCF_022290675,SAMN20805033,PRJNA754786,Vibrio cholerae,SA7G,Marine (environmental),Marine (environmental)
GCF_002874235,SAMN05418144,PRJNA328102,Vibrio fluvialis,JAMM0863,Marine (environmental),Marine (environmental)
GCF_002874275,SAMN05418149,PRJNA328102,Vibrio alginolyticus,JAMM0885,Marine (environmental),Marine (environmental)
GCF_002875165,SAMN05417997,PRJNA328102,Vibrio alginolyticus,JAMM0888,Marine (environmental),Marine (environmental)
GCF_002214395,SAMN06076929,PRJNA355548,Vibrio cholerae,W10G,Marine (environmental),Marine (environmental)
GCF_001525595,SAMN03996257,PRJNA231221,Vibrio azureus,LC2-005,Marine (environmental),Marine (environmental)
GCF_002875965,SAMN05418054,PRJNA328102,Vibrio tasmaniensis,JAMM1741,Marine (environmental),Marine (environmental)
GCF_002874435,SAMN05418175,PRJNA328102,Vibrio alginolyticus,JAMM1931,Marine (environmental),Marine (environmental)
GCF_043843355,SAMN40561775,PRJNA1090258,Vibrio kanaloae,5S-149,Marine (environmental),Marine (environmental)
GCF_002873375,SAMN05418176,PRJNA328102,Vibrio cyclitrophicus,1F53,Marine (environmental),Marine (environmental)
GCF_002874445,SAMN05418180,PRJNA328102,Vibrio cyclitrophicus,1F97,Marine (environmental),Marine (environmental)
GCF_002876225,SAMN05418078,PRJNA328102,Vibrio cyclitrophicus,1F273,Marine (environmental),Marine (environmental)
GCF_002876255,SAMN05418079,PRJNA328102,Vibrio cyclitrophicus,FF75,Marine (environmental),Marine (environmental)
GCF_002877115,SAMN05418084,PRJNA328102,Vibrio cyclitrophicus,ZF14,Marine (environmental),Marine (environmental)
GCF_002876365,SAMN05418089,PRJNA328102,Vibrio cyclitrophicus,ZF207,Marine (environmental),Marine (environmental)
GCF_002876415,SAMN05418093,PRJNA328102,Vibrio cyclitrophicus,ZF255,Marine (environmental),Marine (environmental)
GCF_043843955,SAMN40566076,PRJNA1090258,Vibrio diabolicus,FF273,Marine (environmental),Marine (environmental)
GCF_000834085,SAMN03280974,PRJNA272353,Vibrio vulnificus,VA-WGS-18035,Marine (environmental),Marine (environmental)
GCF_043844705,SAMN40584504,PRJNA1090258,Vibrio coralliilyticus,S2052,Marine (environmental),Marine (environmental)
GCF_018831165,SAMN18253121,PRJNA713495,Vibrio nigripulchritudo,S2604,Marine (environmental),Marine (environmental)
GCF_000732995,SAMN02912085,PRJNA255331,Vibrio vulnificus,VA-WGS-18025,Marine (environmental),Marine (environmental)
GCF_002073055,SAMN03470190,PRJNA280798,Vibrio vulnificus,VA-WGS-18041,Marine (environmental),Marine (environmental)
GCF_001469735,SAMN04320555,PRJNA305220,Vibrio vulnificus,VA-WGS-18061,Marine (environmental),Marine (environmental)
GCF_000834155,SAMN03280973,PRJNA272352,Vibrio vulnificus,VA-WGS-18028,Marine (environmental),Marine (environmental)
GCF_002150885,SAMN03483332,PRJNA281153,Vibrio vulnificus,VA-WGS-18044,Marine (environmental),Marine (environmental)
GCF_002073095,SAMN03483416,PRJNA281160,Vibrio vulnificus,VA-WGS-18048,Marine (environmental),Marine (environmental)
GCF_001306845,SAMN04088219,PRJNA295764,Vibrio vulnificus,VA-WGS-18051,Marine (environmental),Marine (environmental)
GCF_001306875,SAMN04088220,PRJNA295769,Vibrio vulnificus,VA-WGS-18052,Marine (environmental),Marine (environmental)
GCF_028609705,SAMN13706828,PRJNA503785,Vibrio parahaemolyticus,Vp 329,Marine (environmental),Marine (environmental)
GCF_004283075,SAMN10688326,PRJNA512575,Vibrio parahaemolyticus,Vp 537,Marine (environmental),Marine (environmental)
GCF_013368925,SAMN11536928,PRJNA540472,Vibrio parahaemolyticus,Vp 651,Marine (environmental),Marine (environmental)
GCF_004349325,SAMN11039182,PRJNA524972,Vibrio parahaemolyticus,Vp 610,Marine (environmental),Marine (environmental)
GCF_006151825,SAMN11937831,PRJNA545939,Vibrio parahaemolyticus,Vp 662,Marine (environmental),Marine (environmental)
GCF_024442235,SAMN13023390,PRJNA577300,Vibrio parahaemolyticus,Vp 737,Marine (environmental),Marine (environmental)
GCF_024442195,SAMN13023392,PRJNA577300,Vibrio parahaemolyticus,Vp 754,Marine (environmental),Marine (environmental)
GCF_013114045,SAMN12668394,PRJNA563078,Vibrio parahaemolyticus,Vp 733,Marine (environmental),Marine (environmental)
GCF_024442175,SAMN13023393,PRJNA577300,Vibrio parahaemolyticus,Vp 878,Marine (environmental),Marine (environmental)
GCF_026613855,SAMN16268020,PRJNA665749,Vibrio cholerae,DL4211,Marine (environmental),Marine (environmental)
GCF_026613875,SAMN16268021,PRJNA665749,Vibrio cholerae,DL4213,Marine (environmental),Marine (environmental)
GCF_026613825,SAMN16268022,PRJNA665749,Vibrio cholerae,DL4215,Marine (environmental),Marine (environmental)
GCF_026613995,SAMN16268012,PRJNA665749,Vibrio cholerae,DL2112,Marine (environmental),Marine (environmental)
GCF_026613975,SAMN16268013,PRJNA665749,Vibrio cholerae,DL2113,Marine (environmental),Marine (environmental)
GCF_026614055,SAMN16268014,PRJNA665749,Vibrio cholerae,DL2114,Marine (environmental),Marine (environmental)
GCF_026613915,SAMN16268016,PRJNA665749,Vibrio cholerae,DL2115,Marine (environmental),Marine (environmental)
GCF_026613945,SAMN16268017,PRJNA665749,Vibrio cholerae,DL2116,Marine (environmental),Marine (environmental)
GCF_026613935,SAMN16268018,PRJNA665749,Vibrio cholerae,DL2117,Marine (environmental),Marine (environmental)
GCF_026614025,SAMN16268010,PRJNA665749,Vibrio cholerae,DL2111,Marine (environmental),Marine (environmental)
GCF_037198155,SAMN40232154,PRJNA1083072,Vibrio cholerae,I-1436,Marine (environmental),Marine (environmental)
GCF_001402285,SAMN03488014,PRJNA281423,Vibrio parahaemolyticus,v70,Marine (environmental),Marine (environmental)
GCF_011801455,SAMN12434698,PRJNA558270,Vibrio parahaemolyticus,IFVp201,Marine (environmental),Marine (environmental)
GCF_043352275,SAMN16072599,PRJNA661987,Vibrio parahaemolyticus,IFVp203,Marine (environmental),Marine (environmental)
GCF_043844335,SAMN40571800,PRJNA1090258,Vibrio lentus,10N.222.54.E4,Marine (environmental),Marine (environmental)
GCF_043844075,SAMN40571708,PRJNA1090258,Vibrio lentus,10N.222.55.B12,Marine (environmental),Marine (environmental)
GCF_043844135,SAMN40571724,PRJNA1090258,Vibrio lentus,10N.222.55.E5,Marine (environmental),Marine (environmental)
GCF_043844155,SAMN40571725,PRJNA1090258,Vibrio lentus,10N.222.46.C3,Marine (environmental),Marine (environmental)
GCF_043844215,SAMN40571771,PRJNA1090258,Vibrio lentus,10N.222.48.A1,Marine (environmental),Marine (environmental)
GCF_043844255,SAMN40571794,PRJNA1090258,Vibrio lentus,10N.222.49.B10,Marine (environmental),Marine (environmental)
GCF_043844175,SAMN40571795,PRJNA1090258,Vibrio kanaloae,10N.222.51.B7,Marine (environmental),Marine (environmental)
GCF_052823845,SAMN40604319,PRJNA1091677,Vibrio cyclitrophicus,10N.222.45.E8,Marine (environmental),Marine (environmental)
GCF_041439505,SAMN42003095,PRJNA1126034,Vibrio breoganii,10N.222.49.A5,Marine (environmental),Marine (environmental)
GCF_001402575,SAMN03488016,PRJNA281423,Vibrio alginolyticus,10N.247.310.11,Marine (environmental),Marine (environmental)
GCF_001402255,SAMN03488017,PRJNA281423,Vibrio alginolyticus,10N.247.310.28,Marine (environmental),Marine (environmental)
GCF_001402585,SAMN03488018,PRJNA281423,Vibrio alginolyticus,10N.247.310.35,Marine (environmental),Marine (environmental)
GCF_001402675,SAMN03488025,PRJNA281423,Vibrio alginolyticus,10N.247.310.49,Marine (environmental),Marine (environmental)
GCF_001402655,SAMN03488023,PRJNA281423,Vibrio alginolyticus,10N.247.310.89,Marine (environmental),Marine (environmental)
GCF_001282605,SAMN03839339,PRJNA285678,Vibrio alginolyticus,10N.247.310.90,Marine (environmental),Marine (environmental)
GCF_043844315,SAMN40571837,PRJNA1090258,Vibrio lentus,10N.261.55.A8,Marine (environmental),Marine (environmental)
GCF_043844405,SAMN40571839,PRJNA1090258,Vibrio cyclitrophicus,10N.261.55.B9,Marine (environmental),Marine (environmental)
GCF_043844425,SAMN40571841,PRJNA1090258,Vibrio lentus,10N.261.55.E5,Marine (environmental),Marine (environmental)
GCF_052823725,SAMN40604357,PRJNA1091677,Vibrio lentus,10N.261.45.B10,Marine (environmental),Marine (environmental)
GCF_052823705,SAMN40604358,PRJNA1091677,Vibrio lentus,10N.261.45.C7,Marine (environmental),Marine (environmental)
GCF_046057115,SAMN40717393,PRJNA1095381,Vibrio lentus,10N.261.45.E3,Marine (environmental),Marine (environmental)
GCF_046057055,SAMN40717396,PRJNA1095381,Vibrio lentus,10N.261.45.F8,Marine (environmental),Marine (environmental)
GCF_046057005,SAMN40717398,PRJNA1095381,Vibrio lentus,10N.261.45.F9,Marine (environmental),Marine (environmental)
GCF_046056605,SAMN40717405,PRJNA1095381,Vibrio lentus,10N.261.46.A1,Marine (environmental),Marine (environmental)
GCF_041439335,SAMN42003104,PRJNA1126034,Vibrio lentus,10N.261.48.A1,Marine (environmental),Marine (environmental)
GCF_041894665,SAMN43405767,PRJNA1153944,Vibrio lentus,10N.261.51.B8,Marine (environmental),Marine (environmental)
GCF_041894655,SAMN43405768,PRJNA1153944,Vibrio lentus,10N.261.51.C9,Marine (environmental),Marine (environmental)
GCF_048844225,SAMN47329818,PRJNA1235477,Vibrio lentus,10N.261.51.F9,Marine (environmental),Marine (environmental)
GCF_056160085,SAMN51861946,PRJNA1334387,Vibrio lentus,10N.261.52.B2,Marine (environmental),Marine (environmental)
GCF_056159965,SAMN51861954,PRJNA1334387,Vibrio lentus,10N.261.52.C7,Marine (environmental),Marine (environmental)
GCF_043844265,SAMN40571797,PRJNA1090258,Vibrio artabrorum,10N.286.46.A5,Marine (environmental),Marine (environmental)
GCF_043844295,SAMN40571798,PRJNA1090258,Vibrio kanaloae,10N.286.52.B2,Marine (environmental),Marine (environmental)
GCF_043844445,SAMN40571849,PRJNA1090258,Vibrio cyclitrophicus,10N.286.54.E5,Marine (environmental),Marine (environmental)
GCF_052827945,SAMN40604332,PRJNA1091677,Vibrio cyclitrophicus,10N.286.54.F2,Marine (environmental),Marine (environmental)
GCF_052827925,SAMN40604333,PRJNA1091677,Vibrio cyclitrophicus,10N.286.54.F4,Marine (environmental),Marine (environmental)
GCF_052827905,SAMN40604334,PRJNA1091677,Vibrio cyclitrophicus,10N.286.54.F9,Marine (environmental),Marine (environmental)
GCF_052824725,SAMN40604373,PRJNA1091677,Vibrio lentus,10N.286.55.C12,Marine (environmental),Marine (environmental)
GCF_052823985,SAMN40604351,PRJNA1091677,Vibrio cyclitrophicus,10N.286.55.C3,Marine (environmental),Marine (environmental)
GCF_052823925,SAMN40604353,PRJNA1091677,Vibrio cyclitrophicus,10N.286.55.C4,Marine (environmental),Marine (environmental)
GCF_052823905,SAMN40604354,PRJNA1091677,Vibrio cyclitrophicus,10N.286.55.E6,Marine (environmental),Marine (environmental)
GCF_052823885,SAMN40604318,PRJNA1091677,Vibrio cyclitrophicus,10N.286.55.F10,Marine (environmental),Marine (environmental)
GCF_046056815,SAMN40717412,PRJNA1095381,Vibrio lentus,10N.286.45.B9,Marine (environmental),Marine (environmental)
GCF_051594925,SAMN41079250,PRJNA1104458,Vibrio lentus,10N.286.45.C1,Marine (environmental),Marine (environmental)
GCF_051594905,SAMN41079251,PRJNA1104458,Vibrio lentus,10N.286.45.C8,Marine (environmental),Marine (environmental)
GCF_051592405,SAMN41079253,PRJNA1104458,Vibrio cyclitrophicus,10N.286.45.F8,Marine (environmental),Marine (environmental)
GCF_040272735,SAMN41842413,PRJNA1124149,Vibrio lentus,10N.286.46.A10,Marine (environmental),Marine (environmental)
GCF_041439775,SAMN42003083,PRJNA1126034,Vibrio lentus,10N.286.46.B8,Marine (environmental),Marine (environmental)
GCF_041439615,SAMN42003092,PRJNA1126034,Vibrio lentus,10N.286.49.C5,Marine (environmental),Marine (environmental)
GCF_041439535,SAMN42003096,PRJNA1126034,Vibrio cyclitrophicus,10N.286.49.E10,Marine (environmental),Marine (environmental)
GCF_041894755,SAMN43405766,PRJNA1153944,Vibrio lentus,10N.286.49.F11,Marine (environmental),Marine (environmental)
GCF_055810695,SAMN55968928,PRJNA1428756,Vibrio lentus,10N.286.51.A1,Marine (environmental),Marine (environmental)
GCF_055810335,SAMN55968931,PRJNA1428756,Vibrio lentus,10N.286.51.F12,Marine (environmental),Marine (environmental)
GCF_055810395,SAMN55968929,PRJNA1428756,Vibrio lentus,10N.286.52.E10,Marine (environmental),Marine (environmental)
GCF_022289815,SAMN20805049,PRJNA754786,Vibrio fluvialis,PV5,Marine (environmental),Marine (environmental)
GCF_003348445,SAMN08982483,PRJNA281423,Vibrio furnissii,PV10,Marine (environmental),Marine (environmental)
GCF_003348295,SAMN08982495,PRJNA281423,Vibrio fluvialis,PV4,Marine (environmental),Marine (environmental)
GCF_037355325,SAMN40232190,PRJNA1083078,Vibrio cholerae,I-1478,Marine (environmental),Marine (environmental)
GCF_017426965,SAMN06198393,PRJNA359496,Vibrio cholerae,I-1475,Marine (environmental),Marine (environmental)
GCF_018458005,SAMN18298706,PRJNA714277,Vibrio alginolyticus,EPGS,Marine (environmental),Marine (environmental)
GCF_000256385,SAMN02470507,PRJNA81891,Vibrio cholerae,2012EL-1094,Marine (environmental),Marine (environmental)
GCF_000256425,SAMN02470483,PRJNA81893,Vibrio cholerae,2012EL-1095,Marine (environmental),Marine (environmental)
GCF_033947405,SAMN28672590,PRJNA842517,Vibrio cholerae,2012EL-1096,Marine (environmental),Marine (environmental)
GCF_023205955,SAMN15889509,PRJNA633360,Vibrio natriegens,ATCC 14048,Marine (environmental),Marine (environmental)
GCF_002878515,SAMN05418191,PRJNA328102,Vibrio vulnificus,S1.4,Marine (environmental),Marine (environmental)
GCF_031703505,SAMN35557946,PRJNA978582,Vibrio alginolyticus,S6-61,Marine (environmental),Marine (environmental)
GCF_001696215,SAMN03941074,PRJNA245882,Vibrio cholerae,2012Env-2,Marine (environmental),Marine (environmental)
GCF_000967475,SAMN03323923,PRJNA242743,Vibrio cholerae,2012Env-9,Marine (environmental),Marine (environmental)
GCF_037168105,SAMN40108470,PRJNA1080184,Vibrio cholerae,PivertGAT2Aug,Marine (environmental),Marine (environmental)
GCF_037168185,SAMN40108472,PRJNA1080184,Vibrio cholerae,PivertGAT3Aug,Marine (environmental),Marine (environmental)
GCF_037168125,SAMN40108468,PRJNA1080184,Vibrio cholerae,PivertUAT2Aug,Marine (environmental),Marine (environmental)
GCF_037168065,SAMN40108471,PRJNA1080184,Vibrio cholerae,PivertUAT4Aug,Marine (environmental),Marine (environmental)
GCF_000256265,SAMN02470506,PRJNA81877,Vibrio cholerae,Env-390,Marine (environmental),Marine (environmental)
GCF_018458345,SAMN18298691,PRJNA714277,Vibrio parahaemolyticus,PV11,Marine (environmental),Marine (environmental)
GCF_026168145,SAMN05195070,PRJNA324096,Vibrio parahaemolyticus,20150710009,Marine (environmental),Marine (environmental)
GCF_043844695,SAMN40584520,PRJNA1090258,Vibrio parahaemolyticus,FIM-S1708+,Marine (environmental),Marine (environmental)
GCF_043844735,SAMN40584521,PRJNA1090258,Vibrio parahaemolyticus,FIM-S1392-,Marine (environmental),Marine (environmental)
GCF_043842935,SAMN40560781,PRJNA1090258,Vibrio alginolyticus,BSW8,Marine (environmental),Marine (environmental)
GCF_043843435,SAMN40564514,PRJNA1090258,Vibrio alginolyticus,BSW15,Marine (environmental),Marine (environmental)
GCF_022288955,SAMN20805069,PRJNA754786,Vibrio fluvialis,PV3,Marine (environmental),Marine (environmental)
GCF_022289055,SAMN20805070,PRJNA754786,Vibrio rotiferianus,B64D1,Marine (environmental),Marine (environmental)
GCF_000732985,SAMN02912086,PRJNA255265,Vibrio campbellii,BoB-90,Marine (environmental),Marine (environmental)
GCF_040718955,SAMN41254074,PRJNA1108781,Vibrio rotiferianus,,Marine (environmental),Marine (environmental)
GCF_052113065,SAMN42500393,PRJNA1136010,Vibrio rotiferianus,,Marine (environmental),Marine (environmental)
GCF_040718975,SAMN41254070,PRJNA1108781,Vibrio owensii,,Marine (environmental),Marine (environmental)
GCF_040718875,SAMN41254073,PRJNA1108781,Vibrio jasicida,,Marine (environmental),Marine (environmental)
GCF_024748375,SAMN28495003,PRJNA772001,Vibrio cyclitrophicus,FRS31,Marine (environmental),Marine (environmental)
GCF_001680065,SAMN05302750,PRJNA327130,Vibrio owensii,BR345,Marine (environmental),Marine (environmental)
GCF_005145945,SAMN11522379,PRJNA328102,Vibrio europaeus,071316F,Marine (environmental),Marine (environmental)
GCF_003347755,SAMN08982525,PRJNA281423,Vibrio alginolyticus,XWV9,Marine (environmental),Marine (environmental)
GCF_037154235,SAMN40160515,PRJNA1081302,Vibrio cholerae,136-2016-N,Marine (environmental),Marine (environmental)
GCF_037154255,SAMN40160513,PRJNA1081302,Vibrio cholerae,156-16-N,Marine (environmental),Marine (environmental)
GCF_003348635,SAMN08982506,PRJNA281423,Vibrio alginolyticus,HNV2,Marine (environmental),Marine (environmental)
GCF_026168245,SAMN05195120,PRJNA324105,Vibrio alginolyticus,LF TCBS 15,Marine (environmental),Marine (environmental)
GCF_002873475,SAMN05418182,PRJNA328102,Vibrio fluvialis,V13,Marine (environmental),Marine (environmental)
GCF_037154295,SAMN40160512,PRJNA1081302,Vibrio cholerae,218-16-N,Marine (environmental),Marine (environmental)
GCF_003348095,SAMN08982504,PRJNA281423,Vibrio alginolyticus,FJV2,Marine (environmental),Marine (environmental)
GCF_022290975,SAMN20805030,PRJNA754786,Vibrio cholerae,89,Marine (environmental),Marine (environmental)
GCF_031703705,SAMN35557944,PRJNA978582,Vibrio mediterranei,117-T6,Marine (environmental),Marine (environmental)
GCF_003347945,SAMN08982514,PRJNA281423,Vibrio alginolyticus,ZZV2,Marine (environmental),Marine (environmental)
GCF_002874085,SAMN05418237,PRJNA328102,Vibrio alginolyticus,BII-5G,Marine (environmental),Marine (environmental)
GCF_002872625,SAMN05418239,PRJNA328102,Vibrio alginolyticus,BII-8G,Marine (environmental),Marine (environmental)
GCF_003347775,SAMN08982523,PRJNA281423,Vibrio alginolyticus,SXV3,Marine (environmental),Marine (environmental)
GCF_002875665,SAMN05418030,PRJNA328102,Vibrio alginolyticus,BW13,Marine (environmental),Marine (environmental)
GCF_002874945,SAMN05418228,PRJNA328102,Vibrio alginolyticus,BII-5F,Marine (environmental),Marine (environmental)
GCF_003348135,SAMN08982502,PRJNA281423,Vibrio fluvialis,PV75,Marine (environmental),Marine (environmental)
GCF_006802945,SAMN12168583,PRJNA551929,Vibrio navarrensis,WAPHLVBRA00023,Marine (environmental),Marine (environmental)
GCF_037462595,SAMN37977900,PRJNA1031992,Vibrio cholerae,20-17,Marine (environmental),Marine (environmental)
GCF_002872565,SAMN05418245,PRJNA328102,Vibrio crassostreae,35_P_149,Marine (environmental),Marine (environmental)
GCF_002874905,SAMN05418224,PRJNA328102,Vibrio alginolyticus,BII-4D,Marine (environmental),Marine (environmental)
GCF_007050345,SAMN09355280,PRJNA474577,Vibrio cholerae,18-VB00162,Marine (environmental),Marine (environmental)
GCF_017426845,SAMN06196909,PRJNA359496,Vibrio cholerae,2-17,Marine (environmental),Marine (environmental)
GCF_002872755,SAMN05418248,PRJNA328102,Vibrio gigantis,43_P_281,Marine (environmental),Marine (environmental)
GCF_017426825,SAMN06196910,PRJNA359496,Vibrio cholerae,3-17,Marine (environmental),Marine (environmental)
GCF_036889635,SAMN40019045,PRJNA1073530,Vibrio cholerae,4-17,Marine (environmental),Marine (environmental)
GCF_017426885,SAMN06196911,PRJNA359496,Vibrio cholerae,6-17,Marine (environmental),Marine (environmental)
GCF_017426915,SAMN06198342,PRJNA359496,Vibrio cholerae,7-17,Marine (environmental),Marine (environmental)
GCF_002875015,SAMN05417988,PRJNA328102,Vibrio crassostreae,45_P_323,Marine (environmental),Marine (environmental)
GCF_037150435,SAMN40160516,PRJNA1081302,Vibrio cholerae,1227,Marine (environmental),Marine (environmental)
GCF_017426785,SAMN06196908,PRJNA359496,Vibrio cholerae,10-17,Marine (environmental),Marine (environmental)
GCF_007050395,SAMN09356179,PRJNA474614,Vibrio cholerae,18-VB00278,Marine (environmental),Marine (environmental)
GCF_002874845,SAMN05418222,PRJNA328102,Vibrio alginolyticus,BII-1B,Marine (environmental),Marine (environmental)
GCF_041879405,SAMN24372623,PRJNA792049,Vibrio cholerae,18-VB00287,Marine (environmental),Marine (environmental)
GCF_007050325,SAMN09355279,PRJNA474578,Vibrio cholerae,18-VB00271,Marine (environmental),Marine (environmental)
GCF_002874765,SAMN05418219,PRJNA328102,Vibrio alginolyticus,BI-9G,Marine (environmental),Marine (environmental)
GCF_002874115,SAMN05418134,PRJNA328102,Vibrio alginolyticus,PV82,Marine (environmental),Marine (environmental)
GCF_005166255,SAMN11522360,PRJNA328102,Vibrio campbellii,LJC011,Marine (environmental),Marine (environmental)
GCF_005146775,SAMN11522363,PRJNA328102,Vibrio campbellii,LJC013,Marine (environmental),Marine (environmental)
GCF_005146755,SAMN11522367,PRJNA328102,Vibrio campbellii,LJC014,Marine (environmental),Marine (environmental)
GCF_005146725,SAMN11522370,PRJNA328102,Vibrio campbellii,LJC015,Marine (environmental),Marine (environmental)
GCF_002874155,SAMN05418135,PRJNA328102,Vibrio diabolicus,PV89,Marine (environmental),Marine (environmental)
GCF_002877465,SAMN05418119,PRJNA328102,Vibrio alginolyticus,BI-1E,Marine (environmental),Marine (environmental)
GCF_002877485,SAMN05418122,PRJNA328102,Vibrio alginolyticus,BI-7D,Marine (environmental),Marine (environmental)
GCF_041468905,SAMN41905203,PRJNA328102,Vibrio diabolicus,L2-2,Marine (environmental),Marine (environmental)
GCF_041879375,SAMN24372626,PRJNA792049,Vibrio cholerae,18-VB00405,Marine (environmental),Marine (environmental)
GCF_013266665,SAMN14533310,PRJNA625269,Vibrio harveyi,fish1,Marine (environmental),Marine (environmental)
GCF_056407035,SAMN56681718,PRJNA1441970,Vibrio harveyi,fish12,Marine (environmental),Marine (environmental)
GCF_056683175,SAMN56917204,PRJNA1447191,Vibrio harveyi,fish3,Marine (environmental),Marine (environmental)
GCF_040969975,SAMN42762578,PRJNA1139145,Vibrio cholerae,18-VB00588,Marine (environmental),Marine (environmental)
GCF_037462705,SAMN37977894,PRJNA1031992,Vibrio cholerae,1-18,Marine (environmental),Marine (environmental)
GCF_002875785,SAMN05418043,PRJNA328102,Vibrio alginolyticus,PV126,Marine (environmental),Marine (environmental)
GCF_041879385,SAMN24372625,PRJNA792049,Vibrio cholerae,18-VB00559,Marine (environmental),Marine (environmental)
GCF_036533835,SAMN32661452,PRJNA984245,Vibrio harveyi,fish10,Marine (environmental),Marine (environmental)
GCF_052113005,SAMN42500396,PRJNA1136010,Vibrio diabolicus,,Marine (environmental),Marine (environmental)
GCF_056329525,SAMN55338814,PRJNA1423254,Vibrio diabolicus,,Marine (environmental),Marine (environmental)
GCF_056329545,SAMN55338815,PRJNA1423254,Vibrio diabolicus,,Marine (environmental),Marine (environmental)
GCF_024442155,SAMN13023394,PRJNA577300,Vibrio fluvialis,PV60,Marine (environmental),Marine (environmental)
GCF_002849855,SAMN06105395,PRJNA356099,Vibrio alginolyticus,B1S-33,Marine (environmental),Marine (environmental)
GCF_006369615,SAMN07338176,PRJNA393608,Vibrio alginolyticus,B1S-50,Marine (environmental),Marine (environmental)
GCF_002906455,SAMN08330869,PRJNA429202,Vibrio alginolyticus,B1S-51,Marine (environmental),Marine (environmental)
GCF_004215315,SAMN09386771,PRJNA475262,Vibrio alginolyticus,B34S-11,Marine (environmental),Marine (environmental)
GCF_004215255,SAMN09386781,PRJNA475262,Vibrio alginolyticus,B34S-44,Marine (environmental),Marine (environmental)
GCF_003347785,SAMN08982527,PRJNA281423,Vibrio parahaemolyticus,WF2-1,Marine (environmental),Marine (environmental)
GCF_026168265,SAMN05216829,PRJNA324852,Vibrio parahaemolyticus,WF2-2,Marine (environmental),Marine (environmental)
GCF_001729125,SAMN05590402,PRJNA339415,Vibrio parahaemolyticus,WS1-1,Marine (environmental),Marine (environmental)
GCF_000259875,SAMN02469786,PRJNA73409,Vibrio parahaemolyticus,PV161,Marine (environmental),Marine (environmental)
GCF_022289695,SAMN20805052,PRJNA754786,Vibrio parahaemolyticus,PV221,Marine (environmental),Marine (environmental)
GCF_003348655,SAMN08982488,PRJNA281423,Vibrio alginolyticus,PV242,Marine (environmental),Marine (environmental)
GCF_003348595,SAMN08982493,PRJNA281423,Vibrio alginolyticus,PV255,Marine (environmental),Marine (environmental)
GCF_003347995,SAMN08982513,PRJNA281423,Vibrio alginolyticus,HYV1,Marine (environmental),Marine (environmental)
GCF_013111885,SAMN13897682,PRJNA266293,Vibrio parahaemolyticus,WIC01-5-VP,Marine (environmental),Marine (environmental)
GCF_002875845,SAMN05418044,PRJNA328102,Vibrio diabolicus,PV270,Marine (environmental),Marine (environmental)
GCF_056329505,SAMN55338813,PRJNA1423254,Vibrio diabolicus,,Marine (environmental),Marine (environmental)
GCF_001402375,SAMN03488007,PRJNA281423,Vibrio diabolicus,,Marine (environmental),Marine (environmental)
GCF_009906155,SAMN13336162,PRJNA590623,Vibrio parahaemolyticus,HQB-22,Marine (environmental),Marine (environmental)
GCF_037150475,SAMN40160521,PRJNA1081302,Vibrio cholerae,1-19,Marine (environmental),Marine (environmental)
GCF_037154315,SAMN40160511,PRJNA1081302,Vibrio cholerae,22-19,Marine (environmental),Marine (environmental)
GCF_013111455,SAMN13897704,PRJNA266293,Vibrio vulnificus,WIC02-6A-VV,Marine (environmental),Marine (environmental)
GCF_013111945,SAMN13964162,PRJNA266293,Vibrio parahaemolyticus,MIL01-6-VP,Marine (environmental),Marine (environmental)
GCF_043351665,SAMN16072619,PRJNA661987,Vibrio parahaemolyticus,HQB-22,Marine (environmental),Marine (environmental)
GCF_003347725,SAMN08982526,PRJNA281423,Vibrio cholerae,S35,Marine (environmental),Marine (environmental)
GCF_043844505,SAMN40584483,PRJNA1090258,Vibrio diabolicus,PHW6,Marine (environmental),Marine (environmental)
GCF_043843255,SAMN40561756,PRJNA1090258,Vibrio diabolicus,PHW7,Marine (environmental),Marine (environmental)
GCF_043844485,SAMN40584484,PRJNA1090258,Vibrio diabolicus,PHW8,Marine (environmental),Marine (environmental)
GCF_008370415,SAMN12671264,PRJNA563270,Vibrio alginolyticus,YYF0001,Marine (environmental),Marine (environmental)
GCF_006377535,SAMN07337874,PRJNA393608,Vibrio cholerae,VC_F0310025,Marine (environmental),Marine (environmental)
GCF_006374605,SAMN07337959,PRJNA393608,Vibrio cholerae,VC_F0310027,Marine (environmental),Marine (environmental)
GCF_006374545,SAMN07337968,PRJNA393608,Vibrio cholerae,VC_F0310029,Marine (environmental),Marine (environmental)
GCF_006369375,SAMN07338162,PRJNA393608,Vibrio cholerae,VC_F1022003,Marine (environmental),Marine (environmental)
GCF_019458465,SAMN11287979,PRJNA529866,Vibrio owensii,Sk93,Marine (environmental),Marine (environmental)
GCF_037462895,SAMN37977883,PRJNA1031992,Vibrio vulnificus,BaltVib12-S-12,Marine (environmental),Marine (environmental)
GCF_037462875,SAMN37977886,PRJNA1031992,Vibrio vulnificus,BaltVib12-S-13,Marine (environmental),Marine (environmental)
GCF_037462815,SAMN37977889,PRJNA1031992,Vibrio vulnificus,BaltVib12-S-15,Marine (environmental),Marine (environmental)
GCF_036541225,SAMN39606344,PRJNA1068959,Vibrio vulnificus,BaltVib12-S-58,Marine (environmental),Marine (environmental)
GCF_036888945,SAMN40032386,PRJNA1079073,Vibrio vulnificus,BaltVib20-S-70,Marine (environmental),Marine (environmental)
GCF_043840085,SAMN40573639,PRJNA1090258,Vibrio vulnificus,BaltVib20-S-92,Marine (environmental),Marine (environmental)
GCF_043843175,SAMN40560843,PRJNA1090258,Vibrio vulnificus,BaltVib20-S-98,Marine (environmental),Marine (environmental)
GCF_042055065,SAMN40560757,PRJNA1090258,Vibrio vulnificus,BaltVib20-W-29,Marine (environmental),Marine (environmental)
GCF_043840105,SAMN40573640,PRJNA1090258,Vibrio vulnificus,BaltVib20-W-54,Marine (environmental),Marine (environmental)
GCF_043840205,SAMN40573829,PRJNA1090258,Vibrio vulnificus,BaltVib20-W-87,Marine (environmental),Marine (environmental)
GCF_043843235,SAMN40560850,PRJNA1090258,Vibrio vulnificus,BaltVib20-W-90,Marine (environmental),Marine (environmental)
GCF_002874165,SAMN05418137,PRJNA328102,Vibrio parahaemolyticus,FXH250,Marine (environmental),Marine (environmental)
GCF_006373845,SAMN07337994,PRJNA393608,Vibrio cholerae,VC_F1013033,Marine (environmental),Marine (environmental)
GCF_006373785,SAMN07338005,PRJNA393608,Vibrio cholerae,VC_F1013034,Marine (environmental),Marine (environmental)
GCF_006373285,SAMN07338025,PRJNA393608,Vibrio cholerae,VC_F1015010,Marine (environmental),Marine (environmental)
GCF_006373265,SAMN07338026,PRJNA393608,Vibrio cholerae,VC_F1015011,Marine (environmental),Marine (environmental)
GCF_006372695,SAMN07338055,PRJNA393608,Vibrio cholerae,VC_F1022002,Marine (environmental),Marine (environmental)
GCF_006374225,SAMN07337979,PRJNA393608,Vibrio cholerae,VC_F0312003,Marine (environmental),Marine (environmental)
GCF_006369205,SAMN07338193,PRJNA393608,Vibrio cholerae,VC_F1126005,Marine (environmental),Marine (environmental)
GCF_036904195,SAMN15667310,PRJNA649490,Vibrio crassostreae,F124,Marine (environmental),Marine (environmental)
GCF_043352305,SAMN16072597,PRJNA661987,Vibrio parahaemolyticus,B1,Marine (environmental),Marine (environmental)
GCF_053220475,SAMN49797556,PRJNA1286777,Vibrio cholerae,non-O1/non-O139,Marine (environmental),Marine (environmental)
GCF_001854425,SAMN04168691,PRJNA263670,Vibrio cholerae,non-O1/non-O139,Marine (environmental),Marine (environmental)
GCF_013111375,SAMN13897708,PRJNA266293,Vibrio cholerae,non-O1/non-O139,Marine (environmental),Marine (environmental)
GCF_013111435,SAMN13897705,PRJNA266293,Vibrio cholerae,non-O1/non-O139,Marine (environmental),Marine (environmental)
GCF_013111465,SAMN13897703,PRJNA266293,Vibrio cholerae,non-O1/non-O139,Marine (environmental),Marine (environmental)
GCF_003594505,SAMN07367887,PRJNA394939,Vibrio vulnificus,Per1,Marine (environmental),Marine (environmental)
GCF_043840355,SAMN40574011,PRJNA1090258,Vibrio alginolyticus,MMRF2244,Marine (environmental),Marine (environmental)
GCF_043840395,SAMN40574063,PRJNA1090258,Vibrio alginolyticus,MMRF2258,Marine (environmental),Marine (environmental)
GCF_043840445,SAMN40575456,PRJNA1090258,Vibrio alginolyticus,MMRF2260,Marine (environmental),Marine (environmental)
GCF_001471455,SAMN03996319,PRJNA231221,Vibrio cholerae,non-O1/non-O139,Marine (environmental),Marine (environmental)
GCF_001188035,SAMN03255433,PRJNA231221,Vibrio cholerae,non-O1/non-O139,Marine (environmental),Marine (environmental)
GCF_001729185,SAMN05590403,PRJNA339415,Vibrio parahaemolyticus,CC1A-27,Marine (environmental),Marine (environmental)
GCF_002220925,SAMN06042541,PRJNA354199,Vibrio parahaemolyticus,CC1B-23,Marine (environmental),Marine (environmental)
GCF_017426745,SAMN06192249,PRJNA359496,Vibrio parahaemolyticus,CK1A-7,Marine (environmental),Marine (environmental)
GCF_017426765,SAMN06196906,PRJNA359496,Vibrio parahaemolyticus,CK2B-83,Marine (environmental),Marine (environmental)
GCF_003594515,SAMN07367889,PRJNA394940,Vibrio vulnificus,Per2,Marine (environmental),Marine (environmental)
GCF_043844565,SAMN40584487,PRJNA1090258,Vibrio owensii,ABH2_043,Marine (environmental),Marine (environmental)
GCF_013111975,SAMN14418867,PRJNA266293,Vibrio parahaemolyticus,LMC003,Marine (environmental),Marine (environmental)
GCF_013111535,SAMN13897699,PRJNA266293,Vibrio parahaemolyticus,LMC004,Marine (environmental),Marine (environmental)
GCF_006368625,SAMN07338224,PRJNA393608,Vibrio vulnificus,Alb2,Marine (environmental),Marine (environmental)
GCF_003594535,SAMN07411660,PRJNA395625,Vibrio vulnificus,Puj1,Marine (environmental),Marine (environmental)
GCF_043840145,SAMN40573830,PRJNA1090258,Vibrio owensii,TBV006,Marine (environmental),Marine (environmental)
GCF_043840245,SAMN40573876,PRJNA1090258,Vibrio diabolicus,TBV011,Marine (environmental),Marine (environmental)
GCF_043840305,SAMN40573877,PRJNA1090258,Vibrio alginolyticus,TBV013,Marine (environmental),Marine (environmental)
GCF_050338175,SAMN24907462,PRJNA796716,Vibrio cholerae,NOVC11,Marine (environmental),Marine (environmental)
GCF_000256095,SAMN02470480,PRJNA81861,Vibrio cholerae,NOVC13,Marine (environmental),Marine (environmental)
GCF_043840335,SAMN40573968,PRJNA1090258,Vibrio alginolyticus,TBV030,Marine (environmental),Marine (environmental)
GCF_003585335,SAMN07367890,PRJNA394941,Vibrio vulnificus,Permar2,Marine (environmental),Marine (environmental)
GCF_003594565,SAMN07411659,PRJNA395626,Vibrio vulnificus,Puj2,Marine (environmental),Marine (environmental)
GCF_043840265,SAMN40573890,PRJNA1090258,Vibrio alginolyticus,TBV023,Marine (environmental),Marine (environmental)
GCF_043844545,SAMN40584486,PRJNA1090258,Vibrio alginolyticus,ABD4_192,Marine (environmental),Marine (environmental)
GCF_000184325,SAMN02603955,PRJNA53247,Vibrio parahaemolyticus,X1,Marine (environmental),Marine (environmental)
GCF_000256115,SAMN02470293,PRJNA81863,Vibrio cholerae,NOVC14,Marine (environmental),Marine (environmental)
GCF_043844525,SAMN40584485,PRJNA1090258,Vibrio alginolyticus,HoVa25,Marine (environmental),Marine (environmental)
GCF_036904095,SAMN15667314,PRJNA649490,Vibrio cholerae,NSM,Marine (environmental),Marine (environmental)
GCF_024747845,SAMN28494981,PRJNA772001,Vibrio alginolyticus,SH018,Marine (environmental),Marine (environmental)
GCF_024747175,SAMN28495042,PRJNA772001,Vibrio alginolyticus,SH019,Marine (environmental),Marine (environmental)
GCF_024747155,SAMN28495044,PRJNA772001,Vibrio alginolyticus,SH023,Marine (environmental),Marine (environmental)
GCF_024748035,SAMN28495050,PRJNA772001,Vibrio alginolyticus,SH035,Marine (environmental),Marine (environmental)
GCF_024748045,SAMN28495051,PRJNA772001,Vibrio alginolyticus,SH036,Marine (environmental),Marine (environmental)
GCF_024746935,SAMN28495058,PRJNA772001,Vibrio parahaemolyticus,SH037,Marine (environmental),Marine (environmental)
GCF_024747695,SAMN28494985,PRJNA772001,Vibrio alginolyticus,SH041,Marine (environmental),Marine (environmental)
GCF_024747745,SAMN28494984,PRJNA772001,Vibrio alginolyticus,SH045,Marine (environmental),Marine (environmental)
GCF_017051735,SAMN18024316,PRJNA703775,Vibrio alginolyticus,SH086,Marine (environmental),Marine (environmental)
GCF_017051795,SAMN18024319,PRJNA703775,Vibrio alginolyticus,SH096,Marine (environmental),Marine (environmental)
GCF_017051655,SAMN18024320,PRJNA703775,Vibrio parahaemolyticus,SH101,Marine (environmental),Marine (environmental)
GCF_017051775,SAMN18024317,PRJNA703775,Vibrio alginolyticus,SH184,Marine (environmental),Marine (environmental)
GCF_045445395,SAMN42940265,PRJNA1142238,Vibrio alginolyticus,SH204,Marine (environmental),Marine (environmental)
GCF_045445375,SAMN42940266,PRJNA1142238,Vibrio parahaemolyticus,SH209,Marine (environmental),Marine (environmental)
GCF_002875825,SAMN05418042,PRJNA328102,Vibrio campbellii,DS40M4,Marine (environmental),Marine (environmental)
GCF_020782035,SAMN22211694,PRJNA770179,Vibrio orientalis,CIP 102891,Marine (environmental),Marine (environmental)
GCF_021397475,SAMN24593137,PRJNA785243,Vibrio furnissii,NCTC 11218,Marine (environmental),Marine (environmental)
GCF_026797995,SAMN31840780,PRJNA904348,Vibrio cholerae,BD02,Marine (environmental),Marine (environmental)
GCF_027921685,SAMN16072610,PRJNA661987,Vibrio parahaemolyticus,IFVp22,Marine (environmental),Marine (environmental)
GCF_006517795,SAMN12123413,PRJNA550287,Vibrio sagamiensis,NBRC 104589,Marine (environmental),Marine (environmental)
GCF_000256165,SAMN02470294,PRJNA81867,Vibrio cholerae,FDAARGOS_101,Marine (environmental),Marine (environmental)
GCF_030464185,SAMN11877823,PRJNA545187,Vibrio parahaemolyticus,IFVp177,Marine (environmental),Marine (environmental)
GCF_050338575,SAMN24907452,PRJNA796716,Vibrio diabolicus,3098,Marine (environmental),Marine (environmental)
GCF_036904075,SAMN15667313,PRJNA649490,Vibrio natriegens,ATCC 14048,Marine (environmental),Marine (environmental)
GCF_036904175,SAMN15667309,PRJNA649490,Vibrio natriegens,CCUG 16371,Marine (environmental),Marine (environmental)
GCF_043843135,SAMN40560816,PRJNA1090258,Vibrio natriegens,CCUG 16373,Marine (environmental),Marine (environmental)
GCF_043844095,SAMN40571705,PRJNA1090258,Vibrio natriegens,CCUG 16374,Marine (environmental),Marine (environmental)
GCF_033843085,SAMN38186253,PRJNA1037563,Vibrio cholerae,NIHE_40,Marine (environmental),Marine (environmental)
GCF_026933055,SAMN16560732,PRJNA672209,Vibrio cholerae,NIHE_36,Marine (environmental),Marine (environmental)
GCF_022290045,SAMN20805043,PRJNA754786,Vibrio cholerae,NIHE_38,Marine (environmental),Marine (environmental)
GCF_043422515,SAMN32650238,PRJNA922334,Vibrio cholerae,NIHE_39,Marine (environmental),Marine (environmental)
GCF_000438785,SAMN02471760,PRJNA208003,Vibrio cholerae,NIHE_42,Marine (environmental),Marine (environmental)
GCF_001456255,SAMN03178087,PRJNA267132,Vibrio cholerae,NIHE_43,Marine (environmental),Marine (environmental)
GCF_001680025,SAMN05302747,PRJNA327130,Vibrio cholerae,NIHE_44,Marine (environmental),Marine (environmental)
GCF_001680045,SAMN05302748,PRJNA327130,Vibrio cholerae,NIHE_46,Marine (environmental),Marine (environmental)
GCF_046503845,SAMN45949673,PRJNA1202057,Vibrio cholerae,NIHE_47,Marine (environmental),Marine (environmental)
GCF_036864535,SAMN39606781,PRJNA1068984,Vibrio cholerae,NIHE_48,Marine (environmental),Marine (environmental)
GCF_030238695,SAMN35346003,PRJNA975880,Vibrio coralliilyticus,ATCC 19105,Marine -(wild host-associated),Marine -(wild host-associated)
GCF_024747195,SAMN28495037,PRJNA772001,Vibrio diabolicus,FDAARGOS_99,Marine -(wild host-associated),Marine -(wild host-associated)
GCF_017918035,SAMN18237995,PRJNA712984,Vibrio anguillarum,531Ad,Marine -(wild host-associated),Marine -(wild host-associated)
GCF_036873385,SAMN15646603,PRJNA648719,Vibrio anguillarum,531Ac,Marine -(wild host-associated),Marine -(wild host-associated)
GCF_006371305,SAMN07338124,PRJNA393608,Vibrio cholerae,2559-78,Marine -(wild host-associated),Marine -(wild host-associated)
GCF_028446985,SAMN31656022,PRJNA899440,Vibrio anguillarum,87-9-116,Marine -(wild host-associated),Marine -(wild host-associated)
GCF_028885605,SAMN33269782,PRJNA934715,Vibrio parahaemolyticus,CFSAN001619,Marine -(wild host-associated),Marine -(wild host-associated)
GCF_008271865,SAMN12404565,PRJNA557610,Vibrio vulnificus,CG100,Marine -(wild host-associated),Marine -(wild host-associated)
GCF_017917155,SAMN18238048,PRJNA712984,Vibrio anguillarum,VIB 93,Marine -(wild host-associated),Marine -(wild host-associated)
GCF_046269195,SAMN45864672,PRJNA1199050,Vibrio vulnificus,95-8-161,Marine -(wild host-associated),Marine -(wild host-associated)
GCF_002903465,SAMN07739083,PRJNA413285,Vibrio vulnificus,86573B,Marine -(wild host-associated),Marine -(wild host-associated)
GCF_056683135,SAMN56917207,PRJNA1447191,Vibrio mimicus,VM532,Marine -(wild host-associated),Marine -(wild host-associated)
GCF_002313025,SAMN05567318,PRJNA338714,Vibrio mimicus,VM542,Marine -(wild host-associated),Marine -(wild host-associated)
GCF_028898685,SAMN33330965,PRJNA934715,Vibrio rotiferianus,01-65-5-4,Marine -(wild host-associated),Marine -(wild host-associated)
GCF_040783435,SAMN41107815,PRJNA1105701,Vibrio parahaemolyticus,VP32,Marine -(wild host-associated),Marine -(wild host-associated)
GCF_043661155,SAMN44286691,PRJNA1172976,Vibrio neptunius,PP-145.98,Marine -(wild host-associated),Marine -(wild host-associated)
GCF_018458325,SAMN18298689,PRJNA714277,Vibrio neptunius,PP-145.98,Marine -(wild host-associated),Marine -(wild host-associated)
GCF_018458285,SAMN18298690,PRJNA714277,Vibrio neptunius,PP-307,Marine -(wild host-associated),Marine -(wild host-associated)
GCF_056683375,SAMN56917202,PRJNA1447191,Vibrio neptunius,PP-313,Marine -(wild host-associated),Marine -(wild host-associated)
GCF_000347555,SAMN02470649,PRJNA187546,Vibrio neptunius,PP-256,Marine -(wild host-associated),Marine -(wild host-associated)
GCF_011440455,SAMN14307063,PRJNA610598,Vibrio vulnificus,CECT7030,Marine -(wild host-associated),Marine -(wild host-associated)
GCF_048883765,SAMN39716349,PRJNA1071875,Vibrio campbellii,HY01,Marine -(wild host-associated),Marine -(wild host-associated)
GCF_030144385,SAMN35298026,PRJNA974734,Vibrio fluvialis,FDAARGOS_100,Marine -(wild host-associated),Marine -(wild host-associated)
GCF_006373505,SAMN07338013,PRJNA393608,Vibrio alginolyticus,ZJ-T,Marine -(wild host-associated),Marine -(wild host-associated)
GCF_004328575,SAMN11029208,PRJNA524600,Vibrio tasmaniensis,CECT 7223,Marine -(wild host-associated),Marine -(wild host-associated)
GCF_000799015,SAMN03021533,PRJNA205593,Vibrio parahaemolyticus,06-043,Marine -(wild host-associated),Marine -(wild host-associated)
GCF_024531195,SAMN15597500,PRJNA647777,Vibrio cholerae,L11,Marine -(wild host-associated),Marine -(wild host-associated)
GCF_017917555,SAMN18238023,PRJNA712984,Vibrio parahaemolyticus,AQP6078,Marine -(wild host-associated),Marine -(wild host-associated)
GCF_001990025,SAMN03175443,PRJNA268283,Vibrio parahaemolyticus,KVp10,Marine -(wild host-associated),Marine -(wild host-associated)
GCF_045445555,SAMN42940256,PRJNA1142238,Vibrio parahaemolyticus,863,Marine -(wild host-associated),Marine -(wild host-associated)
GCF_030062095,SAMN32407627,PRJNA915855,Vibrio parahaemolyticus,846,Marine -(wild host-associated),Marine -(wild host-associated)
GCF_053043725,SAMN52217892,PRJNA1337433,Vibrio parahaemolyticus,VIP4-0444,Marine -(wild host-associated),Marine -(wild host-associated)
GCF_024747415,SAMN28495013,PRJNA772001,Vibrio parahaemolyticus,VIP4-0447,Marine -(wild host-associated),Marine -(wild host-associated)
GCF_025920025,SAMN16252928,PRJNA665365,Vibrio vulnificus,97U1087,Marine -(wild host-associated),Marine -(wild host-associated)
GCF_025917705,SAMN28232995,PRJNA837871,Vibrio coralliilyticus,H1,Marine -(wild host-associated),Marine -(wild host-associated)
GCF_052877135,SAMN47931948,PRJNA1250144,Vibrio parahaemolyticus,PV1,Marine -(wild host-associated),Marine -(wild host-associated)
GCF_030710775,SAMN35616937,PRJNA979945,Vibrio parahaemolyticus,CFSAN007454,Marine -(wild host-associated),Marine -(wild host-associated)
GCF_036867255,SAMN39959875,PRJNA1077109,Vibrio parahaemolyticus,CFSAN007456,Marine -(wild host-associated),Marine -(wild host-associated)
GCF_036867295,SAMN39959876,PRJNA1077110,Vibrio parahaemolyticus,CFSAN007457,Marine -(wild host-associated),Marine -(wild host-associated)
GCF_036867025,SAMN39959877,PRJNA1077111,Vibrio parahaemolyticus,CFSAN007459,Marine -(wild host-associated),Marine -(wild host-associated)
GCF_049943555,SAMN47871296,PRJNA1248887,Vibrio parahaemolyticus,CFSAN012491,Marine -(wild host-associated),Marine -(wild host-associated)
GCF_049943515,SAMN47871298,PRJNA1248887,Vibrio parahaemolyticus,CFSAN012492,Marine -(wild host-associated),Marine -(wild host-associated)
GCF_049943495,SAMN47871299,PRJNA1248887,Vibrio parahaemolyticus,CFSAN012493,Marine -(wild host-associated),Marine -(wild host-associated)
GCF_049943835,SAMN47871282,PRJNA1248887,Vibrio parahaemolyticus,CFSAN012494,Marine -(wild host-associated),Marine -(wild host-associated)
GCF_056404115,SAMN56681726,PRJNA1441970,Vibrio cholerae,A110829Z5,Marine -(wild host-associated),Marine -(wild host-associated)
GCF_056403975,SAMN56681727,PRJNA1441970,Vibrio cholerae,A110912Z3,Marine -(wild host-associated),Marine -(wild host-associated)
GCF_048884215,SAMN39716334,PRJNA1071875,Vibrio parahaemolyticus,ISF-29-3,Marine -(wild host-associated),Marine -(wild host-associated)
GCF_030580635,SAMN36294848,PRJNA991495,Vibrio parahaemolyticus,CHN25,Marine -(wild host-associated),Marine -(wild host-associated)
GCF_017916795,SAMN18238068,PRJNA712984,Vibrio navarrensis,VN-0519,Marine -(wild host-associated),Marine -(wild host-associated)
GCF_043352025,SAMN16072607,PRJNA661987,Vibrio parahaemolyticus,AQP8982,Marine -(wild host-associated),Marine -(wild host-associated)
GCF_027921675,SAMN16072602,PRJNA661987,Vibrio parahaemolyticus,AQP8990,Marine -(wild host-associated),Marine -(wild host-associated)
GCF_056404035,SAMN56681721,PRJNA1441970,Vibrio cholerae,A120502Z1,Marine -(wild host-associated),Marine -(wild host-associated)
GCF_056403995,SAMN56681728,PRJNA1441970,Vibrio cholerae,A120502Z5,Marine -(wild host-associated),Marine -(wild host-associated)
GCF_056683385,SAMN56917217,PRJNA1447191,Vibrio cholerae,VN-10143,Marine -(wild host-associated),Marine -(wild host-associated)
GCF_006372015,SAMN07338087,PRJNA393608,Vibrio parahaemolyticus,LVP1,Marine -(wild host-associated),Marine -(wild host-associated)
GCF_006371905,SAMN07338092,PRJNA393608,Vibrio parahaemolyticus,LVP2,Marine -(wild host-associated),Marine -(wild host-associated)
GCF_056683445,SAMN56917208,PRJNA1447191,Vibrio cholerae,VN-10191,Marine -(wild host-associated),Marine -(wild host-associated)
GCF_056682715,SAMN56917243,PRJNA1447195,Vibrio crassostreae,S/35/13 A,Marine -(wild host-associated),Marine -(wild host-associated)
GCF_012845845,SAMN14572085,PRJNA624113,Vibrio parahaemolyticus,CT4287,Marine -(wild host-associated),Marine -(wild host-associated)
GCF_045445995,SAMN42940232,PRJNA1142238,Vibrio anguillarum,V76,Marine -(wild host-associated),Marine -(wild host-associated)
GCF_045445675,SAMN42940250,PRJNA1142238,Vibrio anguillarum,V95,Marine -(wild host-associated),Marine -(wild host-associated)
GCF_045445655,SAMN42940251,PRJNA1142238,Vibrio anguillarum,V96,Marine -(wild host-associated),Marine -(wild host-associated)
GCF_024748335,SAMN28495012,PRJNA772001,Vibrio parahaemolyticus,G3578,Marine -(wild host-associated),Marine -(wild host-associated)
GCF_024531375,SAMN15597496,PRJNA647777,Vibrio alginolyticus,RM-12-1,Marine -(wild host-associated),Marine -(wild host-associated)
GCF_052851055,SAMN21355259,PRJNA761568,Vibrio parahaemolyticus,HS-13-1,Marine -(wild host-associated),Marine -(wild host-associated)
GCF_001727245,SAMN03358826,PRJNA273159,Vibrio alginolyticus,HS-14-8,Marine -(wild host-associated),Marine -(wild host-associated)
GCF_001726265,SAMN02368223,PRJNA273159,Vibrio alginolyticus,HS-21-9A,Marine -(wild host-associated),Marine -(wild host-associated)
GCF_001726195,SAMN02368224,PRJNA273159,Vibrio alginolyticus,HS-3-10,Marine -(wild host-associated),Marine -(wild host-associated)
GCF_018457525,SAMN18298732,PRJNA714277,Vibrio alginolyticus,HS-6-2,Marine -(wild host-associated),Marine -(wild host-associated)
GCF_018458465,SAMN18298683,PRJNA714277,Vibrio alginolyticus,HS-9-13,Marine -(wild host-associated),Marine -(wild host-associated)
GCF_018458355,SAMN18298688,PRJNA714277,Vibrio alginolyticus,HS-9-7,Marine -(wild host-associated),Marine -(wild host-associated)
GCF_006369115,SAMN07338202,PRJNA393608,Vibrio alginolyticus,HS-1-2,Marine -(wild host-associated),Marine -(wild host-associated)
GCF_021431945,SAMN24501422,PRJNA793077,Vibrio parahaemolyticus,F1_1,Marine -(wild host-associated),Marine -(wild host-associated)
GCF_007858925,SAMN11998571,PRJNA548064,Vibrio parahaemolyticus,F10_1,Marine -(wild host-associated),Marine -(wild host-associated)
GCF_013113955,SAMN12668396,PRJNA563078,Vibrio parahaemolyticus,F10_7,Marine -(wild host-associated),Marine -(wild host-associated)
GCF_056683415,SAMN56917216,PRJNA1447191,Vibrio parahaemolyticus,F4_4,Marine -(wild host-associated),Marine -(wild host-associated)
GCF_056682795,SAMN56917237,PRJNA1447195,Vibrio parahaemolyticus,F5_5,Marine -(wild host-associated),Marine -(wild host-associated)
GCF_056682735,SAMN56917240,PRJNA1447195,Vibrio parahaemolyticus,F8_10,Marine -(wild host-associated),Marine -(wild host-associated)
GCF_056683545,SAMN56917241,PRJNA1447195,Vibrio parahaemolyticus,F9_1,Marine -(wild host-associated),Marine -(wild host-associated)
GCF_029891025,SAMN25002006,PRJNA797364,Vibrio parahaemolyticus,F9_2,Marine -(wild host-associated),Marine -(wild host-associated)
GCF_008271565,SAMN10880809,PRJNA521164,Vibrio parahaemolyticus,F9_3,Marine -(wild host-associated),Marine -(wild host-associated)
GCF_040183025,SAMN33237140,PRJNA882205,Vibrio parahaemolyticus,G2_5,Marine -(wild host-associated),Marine -(wild host-associated)
GCF_013113805,SAMN12668405,PRJNA563078,Vibrio parahaemolyticus,A1_1,Marine -(wild host-associated),Marine -(wild host-associated)
GCF_022409635,SAMN24777710,PRJNA795272,Vibrio parahaemolyticus,A1_6,Marine -(wild host-associated),Marine -(wild host-associated)
GCF_022398375,SAMN24777669,PRJNA795272,Vibrio parahaemolyticus,A2_2,Marine -(wild host-associated),Marine -(wild host-associated)
GCF_022397835,SAMN24777688,PRJNA795272,Vibrio parahaemolyticus,A2_6,Marine -(wild host-associated),Marine -(wild host-associated)
GCF_022397795,SAMN24777693,PRJNA795272,Vibrio parahaemolyticus,A3_3,Marine -(wild host-associated),Marine -(wild host-associated)
GCF_022397715,SAMN24777697,PRJNA795272,Vibrio parahaemolyticus,A3_4,Marine -(wild host-associated),Marine -(wild host-associated)
GCF_022397605,SAMN24777701,PRJNA795272,Vibrio parahaemolyticus,A4_5,Marine -(wild host-associated),Marine -(wild host-associated)
GCF_022395435,SAMN24777681,PRJNA795272,Vibrio parahaemolyticus,A5_1,Marine -(wild host-associated),Marine -(wild host-associated)
GCF_022398015,SAMN24777680,PRJNA795272,Vibrio parahaemolyticus,B1_6,Marine -(wild host-associated),Marine -(wild host-associated)
GCF_022398225,SAMN24777670,PRJNA795272,Vibrio parahaemolyticus,B2_10,Marine -(wild host-associated),Marine -(wild host-associated)
GCF_022397815,SAMN24777689,PRJNA795272,Vibrio parahaemolyticus,B2_7,Marine -(wild host-associated),Marine -(wild host-associated)
GCF_022397855,SAMN24777698,PRJNA795272,Vibrio parahaemolyticus,B8_6,Marine -(wild host-associated),Marine -(wild host-associated)
GCF_052545415,SAMN50182397,PRJNA1294324,Vibrio parahaemolyticus,B9_8,Marine -(wild host-associated),Marine -(wild host-associated)
GCF_048820735,SAMN42654510,PRJNA1137963,Vibrio parahaemolyticus,C1_2,Marine -(wild host-associated),Marine -(wild host-associated)
GCF_053202865,SAMN52838569,PRJNA1346649,Vibrio parahaemolyticus,C2_1,Marine -(wild host-associated),Marine -(wild host-associated)
GCF_049816165,SAMN47909042,PRJNA1249604,Vibrio parahaemolyticus,C2_2,Marine -(wild host-associated),Marine -(wild host-associated)
GCF_028609685,SAMN13706805,PRJNA503785,Vibrio parahaemolyticus,C2_6,Marine -(wild host-associated),Marine -(wild host-associated)
GCF_013114685,SAMN12668361,PRJNA563078,Vibrio parahaemolyticus,C2_8,Marine -(wild host-associated),Marine -(wild host-associated)
GCF_028446725,SAMN31656035,PRJNA899440,Vibrio parahaemolyticus,C3_2,Marine -(wild host-associated),Marine -(wild host-associated)
GCF_028447235,SAMN31656010,PRJNA899440,Vibrio parahaemolyticus,C3_5,Marine -(wild host-associated),Marine -(wild host-associated)
GCF_028446965,SAMN31656023,PRJNA899440,Vibrio parahaemolyticus,C4_2,Marine -(wild host-associated),Marine -(wild host-associated)
GCF_028446865,SAMN31656029,PRJNA899440,Vibrio parahaemolyticus,C4_3,Marine -(wild host-associated),Marine -(wild host-associated)
GCF_028446805,SAMN31656031,PRJNA899440,Vibrio parahaemolyticus,C4_6,Marine -(wild host-associated),Marine -(wild host-associated)
GCF_028446765,SAMN31656033,PRJNA899440,Vibrio parahaemolyticus,C4_7,Marine -(wild host-associated),Marine -(wild host-associated)
GCF_049725305,SAMN47772594,PRJNA1246260,Vibrio parahaemolyticus,C4_8,Marine -(wild host-associated),Marine -(wild host-associated)
GCF_028446745,SAMN31656034,PRJNA899440,Vibrio parahaemolyticus,C5_2,Marine -(wild host-associated),Marine -(wild host-associated)
GCF_028447245,SAMN31656008,PRJNA899440,Vibrio parahaemolyticus,C5_3,Marine -(wild host-associated),Marine -(wild host-associated)
GCF_028447225,SAMN31656009,PRJNA899440,Vibrio parahaemolyticus,C5_7,Marine -(wild host-associated),Marine -(wild host-associated)
GCF_028446665,SAMN31656038,PRJNA899440,Vibrio parahaemolyticus,C5_8,Marine -(wild host-associated),Marine -(wild host-associated)
GCF_028446925,SAMN31656026,PRJNA899440,Vibrio parahaemolyticus,C5_9,Marine -(wild host-associated),Marine -(wild host-associated)
GCF_028446885,SAMN31656028,PRJNA899440,Vibrio parahaemolyticus,C6_10,Marine -(wild host-associated),Marine -(wild host-associated)
GCF_028446825,SAMN31656030,PRJNA899440,Vibrio parahaemolyticus,C6_9,Marine -(wild host-associated),Marine -(wild host-associated)
GCF_028446755,SAMN31656032,PRJNA899440,Vibrio parahaemolyticus,C7_5,Marine -(wild host-associated),Marine -(wild host-associated)
GCF_022603415,SAMN17378691,PRJNA693150,Vibrio parahaemolyticus,C7_6,Marine -(wild host-associated),Marine -(wild host-associated)
GCF_042691635,SAMN43825322,PRJNA1162756,Vibrio parahaemolyticus,C7_9,Marine -(wild host-associated),Marine -(wild host-associated)
GCF_039544385,SAMN41105143,PRJNA1105557,Vibrio parahaemolyticus,C8_3,Marine -(wild host-associated),Marine -(wild host-associated)
GCF_002119505,SAMN05860636,PRJNA344731,Vibrio parahaemolyticus,D2_4,Marine -(wild host-associated),Marine -(wild host-associated)
GCF_003613035,SAMN05860637,PRJNA344834,Vibrio parahaemolyticus,D2_8,Marine -(wild host-associated),Marine -(wild host-associated)
GCF_002149105,SAMN05860638,PRJNA345277,Vibrio parahaemolyticus,D2_9,Marine -(wild host-associated),Marine -(wild host-associated)
GCF_002119545,SAMN05860639,PRJNA345280,Vibrio parahaemolyticus,D3_2,Marine -(wild host-associated),Marine -(wild host-associated)
GCF_003613065,SAMN05860640,PRJNA345282,Vibrio parahaemolyticus,D3_5,Marine -(wild host-associated),Marine -(wild host-associated)
GCF_002119565,SAMN05860641,PRJNA345284,Vibrio parahaemolyticus,D4_4,Marine -(wild host-associated),Marine -(wild host-associated)
GCF_002149085,SAMN05860642,PRJNA345285,Vibrio parahaemolyticus,D5_9,Marine -(wild host-associated),Marine -(wild host-associated)
GCF_002119525,SAMN05860643,PRJNA345286,Vibrio parahaemolyticus,D6_8,Marine -(wild host-associated),Marine -(wild host-associated)
GCF_002149065,SAMN05860644,PRJNA345293,Vibrio parahaemolyticus,D8_9,Marine -(wild host-associated),Marine -(wild host-associated)
GCF_056683475,SAMN56917246,PRJNA1447195,Vibrio parahaemolyticus,E10_9,Marine -(wild host-associated),Marine -(wild host-associated)
GCF_013266555,SAMN14533316,PRJNA625269,Vibrio parahaemolyticus,E9_8,Marine -(wild host-associated),Marine -(wild host-associated)
GCF_002119585,SAMN05860645,PRJNA345294,Vibrio parahaemolyticus,E1_10,Marine -(wild host-associated),Marine -(wild host-associated)
GCF_008107435,SAMN12604281,PRJNA560935,Vibrio parahaemolyticus,E3_10,Marine -(wild host-associated),Marine -(wild host-associated)
GCF_049311425,SAMN25050337,PRJNA798209,Vibrio parahaemolyticus,E4_10,Marine -(wild host-associated),Marine -(wild host-associated)
GCF_049311365,SAMN25050340,PRJNA798209,Vibrio parahaemolyticus,E4_4,Marine -(wild host-associated),Marine -(wild host-associated)
GCF_055797365,SAMN33396490,PRJNA937282,Vibrio parahaemolyticus,E4_9,Marine -(wild host-associated),Marine -(wild host-associated)
GCF_006373945,SAMN07337989,PRJNA393608,Vibrio alginolyticus,VA197,Marine -(wild host-associated),Marine -(wild host-associated)
GCF_049311165,SAMN21546519,PRJNA763342,Vibrio alginolyticus,VA35,Marine -(wild host-associated),Marine -(wild host-associated)
GCF_056683055,SAMN56917203,PRJNA1447191,Vibrio alginolyticus,VA11,Marine -(wild host-associated),Marine -(wild host-associated)
GCF_006378785,SAMN07337861,PRJNA393608,Vibrio alginolyticus,VA14,Marine -(wild host-associated),Marine -(wild host-associated)
GCF_006373905,SAMN07337992,PRJNA393608,Vibrio alginolyticus,VA24,Marine -(wild host-associated),Marine -(wild host-associated)
GCF_006374095,SAMN07337996,PRJNA393608,Vibrio alginolyticus,VA26,Marine -(wild host-associated),Marine -(wild host-associated)
GCF_006374045,SAMN07337997,PRJNA393608,Vibrio alginolyticus,VA28,Marine -(wild host-associated),Marine -(wild host-associated)
GCF_006373635,SAMN07338000,PRJNA393608,Vibrio alginolyticus,VA34,Marine -(wild host-associated),Marine -(wild host-associated)
GCF_002154015,SAMN06140976,PRJNA357352,Vibrio alginolyticus,VA103,Marine -(wild host-associated),Marine -(wild host-associated)
GCF_002153975,SAMN06158907,PRJNA357686,Vibrio alginolyticus,VA105,Marine -(wild host-associated),Marine -(wild host-associated)
GCF_056683075,SAMN56917215,PRJNA1447191,Vibrio alginolyticus,VA114,Marine -(wild host-associated),Marine -(wild host-associated)
GCF_039992035,SAMN34128363,PRJNA953322,Vibrio alginolyticus,VA120,Marine -(wild host-associated),Marine -(wild host-associated)
GCF_036543565,SAMN39832058,PRJNA1073530,Vibrio alginolyticus,VA124,Marine -(wild host-associated),Marine -(wild host-associated)
GCF_001995825,SAMN06115650,PRJNA356504,Vibrio alginolyticus,VA125,Marine -(wild host-associated),Marine -(wild host-associated)
GCF_006378735,SAMN07337843,PRJNA393608,Vibrio alginolyticus,VA127,Marine -(wild host-associated),Marine -(wild host-associated)
GCF_006378865,SAMN07337847,PRJNA393608,Vibrio alginolyticus,VA129,Marine -(wild host-associated),Marine -(wild host-associated)
GCF_006378855,SAMN07337852,PRJNA393608,Vibrio alginolyticus,VA134,Marine -(wild host-associated),Marine -(wild host-associated)
GCF_006378935,SAMN07337856,PRJNA393608,Vibrio alginolyticus,VA136,Marine -(wild host-associated),Marine -(wild host-associated)
GCF_006378805,SAMN07337862,PRJNA393608,Vibrio alginolyticus,VA141,Marine -(wild host-associated),Marine -(wild host-associated)
GCF_006377195,SAMN07337872,PRJNA393608,Vibrio alginolyticus,VA142,Marine -(wild host-associated),Marine -(wild host-associated)
GCF_006377495,SAMN07337875,PRJNA393608,Vibrio alginolyticus,VA144,Marine -(wild host-associated),Marine -(wild host-associated)
GCF_006377405,SAMN07337885,PRJNA393608,Vibrio alginolyticus,VA146,Marine -(wild host-associated),Marine -(wild host-associated)
GCF_006376775,SAMN07337898,PRJNA393608,Vibrio alginolyticus,VA150,Marine -(wild host-associated),Marine -(wild host-associated)
GCF_006375565,SAMN07337904,PRJNA393608,Vibrio alginolyticus,VA159,Marine -(wild host-associated),Marine -(wild host-associated)
GCF_006374875,SAMN07337957,PRJNA393608,Vibrio alginolyticus,VA161,Marine -(wild host-associated),Marine -(wild host-associated)
GCF_006374075,SAMN07338001,PRJNA393608,Vibrio alginolyticus,VA78,Marine -(wild host-associated),Marine -(wild host-associated)
GCF_006373815,SAMN07338002,PRJNA393608,Vibrio alginolyticus,VA80,Marine -(wild host-associated),Marine -(wild host-associated)
GCF_006373955,SAMN07338006,PRJNA393608,Vibrio alginolyticus,VA81,Marine -(wild host-associated),Marine -(wild host-associated)
GCF_006374805,SAMN07337969,PRJNA393608,Vibrio alginolyticus,VA169,Marine -(wild host-associated),Marine -(wild host-associated)
GCF_006374285,SAMN07337972,PRJNA393608,Vibrio alginolyticus,VA171,Marine -(wild host-associated),Marine -(wild host-associated)
GCF_006374185,SAMN07337982,PRJNA393608,Vibrio alginolyticus,VA172,Marine -(wild host-associated),Marine -(wild host-associated)
GCF_006374155,SAMN07337983,PRJNA393608,Vibrio alginolyticus,VA174,Marine -(wild host-associated),Marine -(wild host-associated)
GCF_006373675,SAMN07337986,PRJNA393608,Vibrio alginolyticus,VA177,Marine -(wild host-associated),Marine -(wild host-associated)
GCF_006373975,SAMN07337987,PRJNA393608,Vibrio alginolyticus,VA181,Marine -(wild host-associated),Marine -(wild host-associated)
GCF_009859365,SAMN09694271,PRJNA482034,Vibrio cholerae,14-VB00057,Marine -(wild host-associated),Marine -(wild host-associated)
GCF_009859345,SAMN09694272,PRJNA482034,Vibrio cholerae,14-VB00059,Marine -(wild host-associated),Marine -(wild host-associated)
GCF_020741075,SAMN16057404,PRJNA661420,Vibrio anguillarum,V152,Marine -(wild host-associated),Marine -(wild host-associated)
GCF_045445735,SAMN42940246,PRJNA1142238,Vibrio anguillarum,V88,Marine -(wild host-associated),Marine -(wild host-associated)
GCF_045445755,SAMN42940249,PRJNA1142238,Vibrio anguillarum,V92,Marine -(wild host-associated),Marine -(wild host-associated)
GCF_015779285,SAMN16954303,PRJNA681469,Vibrio parahaemolyticus,RM-13-3,Marine -(wild host-associated),Marine -(wild host-associated)
GCF_022802095,SAMN17384693,PRJNA693303,Vibrio alginolyticus,RM-10-2,Marine -(wild host-associated),Marine -(wild host-associated)
GCF_022802265,SAMN17385173,PRJNA693331,Vibrio parahaemolyticus,RM-17-6,Marine -(wild host-associated),Marine -(wild host-associated)
GCF_001726185,SAMN02368225,PRJNA273159,Vibrio alginolyticus,HS-35-11,Marine -(wild host-associated),Marine -(wild host-associated)
GCF_001726405,SAMN02368233,PRJNA273159,Vibrio alginolyticus,HS-39-7,Marine -(wild host-associated),Marine -(wild host-associated)
GCF_018457725,SAMN18298719,PRJNA714277,Vibrio parahaemolyticus,HS-36-4,Marine -(wild host-associated),Marine -(wild host-associated)
GCF_018457745,SAMN18298720,PRJNA714277,Vibrio diabolicus,HS-36-5,Marine -(wild host-associated),Marine -(wild host-associated)
GCF_006368665,SAMN07338223,PRJNA393608,Vibrio diabolicus,HS-26-7,Marine -(wild host-associated),Marine -(wild host-associated)
GCF_018458185,SAMN18298697,PRJNA714277,Vibrio alginolyticus,HS-28-5,Marine -(wild host-associated),Marine -(wild host-associated)
GCF_018458125,SAMN18298701,PRJNA714277,Vibrio alginolyticus,HS-30-11,Marine -(wild host-associated),Marine -(wild host-associated)
GCF_018458025,SAMN18298705,PRJNA714277,Vibrio alginolyticus,HS-30-16,Marine -(wild host-associated),Marine -(wild host-associated)
GCF_018457985,SAMN18298707,PRJNA714277,Vibrio alginolyticus,HS-30-8,Marine -(wild host-associated),Marine -(wild host-associated)
GCF_018457905,SAMN18298710,PRJNA714277,Vibrio alginolyticus,HS-32-2,Marine -(wild host-associated),Marine -(wild host-associated)
GCF_018457885,SAMN18298712,PRJNA714277,Vibrio diabolicus,HS-32-8,Marine -(wild host-associated),Marine -(wild host-associated)
GCF_018457825,SAMN18298716,PRJNA714277,Vibrio diabolicus,HS-32-9,Marine -(wild host-associated),Marine -(wild host-associated)
GCF_018457755,SAMN18298718,PRJNA714277,Vibrio alginolyticus,HS-34-5,Marine -(wild host-associated),Marine -(wild host-associated)
GCF_018458675,SAMN18298673,PRJNA714277,Vibrio alginolyticus,HS-34-6,Marine -(wild host-associated),Marine -(wild host-associated)
GCF_018457685,SAMN18298722,PRJNA714277,Vibrio alginolyticus,HS-41-4,Marine -(wild host-associated),Marine -(wild host-associated)
GCF_018457625,SAMN18298723,PRJNA714277,Vibrio alginolyticus,HS-41-6,Marine -(wild host-associated),Marine -(wild host-associated)
GCF_006369435,SAMN07338203,PRJNA393608,Vibrio alginolyticus,HS-25-4,Marine -(wild host-associated),Marine -(wild host-associated)
GCF_018458205,SAMN18298695,PRJNA714277,Vibrio diabolicus,HS-27-4,Marine -(wild host-associated),Marine -(wild host-associated)
GCF_018458705,SAMN18298672,PRJNA714277,Vibrio diabolicus,HS-29-8,Marine -(wild host-associated),Marine -(wild host-associated)
GCF_018457935,SAMN18298708,PRJNA714277,Vibrio diabolicus,HS-31-9,Marine -(wild host-associated),Marine -(wild host-associated)
GCF_018457705,SAMN18298721,PRJNA714277,Vibrio diabolicus,HS-40-3,Marine -(wild host-associated),Marine -(wild host-associated)
GCF_003349055,SAMN08984081,PRJNA281423,Vibrio parahaemolyticus,LVP11,Marine -(wild host-associated),Marine -(wild host-associated)
GCF_003349545,SAMN08984086,PRJNA281423,Vibrio parahaemolyticus,LVP15,Marine -(wild host-associated),Marine -(wild host-associated)
GCF_002284175,SAMN07350482,PRJNA281423,Vibrio parahaemolyticus,LVP18,Marine -(wild host-associated),Marine -(wild host-associated)
GCF_003348985,SAMN08984087,PRJNA281423,Vibrio parahaemolyticus,LVP19,Marine -(wild host-associated),Marine -(wild host-associated)
GCF_002284095,SAMN07350487,PRJNA281423,Vibrio parahaemolyticus,LVP23,Marine -(wild host-associated),Marine -(wild host-associated)
GCF_003348755,SAMN08984098,PRJNA281423,Vibrio parahaemolyticus,LVP34,Marine -(wild host-associated),Marine -(wild host-associated)
GCF_002284115,SAMN07350488,PRJNA281423,Vibrio parahaemolyticus,LVP42,Marine -(wild host-associated),Marine -(wild host-associated)
GCF_003348745,SAMN08984099,PRJNA281423,Vibrio parahaemolyticus,LVP43,Marine -(wild host-associated),Marine -(wild host-associated)
GCF_003031205,SAMN06606092,PRJNA379347,Vibrio parahaemolyticus,LVP50,Marine -(wild host-associated),Marine -(wild host-associated)
GCF_007050355,SAMN09356177,PRJNA474612,Vibrio parahaemolyticus,LVP59,Marine -(wild host-associated),Marine -(wild host-associated)
GCF_003726935,SAMN10334306,PRJNA498774,Vibrio parahaemolyticus,LVP65,Marine -(wild host-associated),Marine -(wild host-associated)
GCF_008921745,SAMN12838353,PRJNA574027,Vibrio parahaemolyticus,LVP7,Marine -(wild host-associated),Marine -(wild host-associated)
GCF_024747435,SAMN28495008,PRJNA772001,Vibrio alginolyticus,VaAthena1_A,Marine -(wild host-associated),Marine -(wild host-associated)
GCF_024748315,SAMN28495009,PRJNA772001,Vibrio alginolyticus,VaAthena1_B,Marine -(wild host-associated),Marine -(wild host-associated)
GCF_002142655,SAMN06909310,PRJNA385748,Vibrio parahaemolyticus,G6928,Marine -(wild host-associated),Marine -(wild host-associated)
GCF_008271735,SAMN12542225,PRJNA557610,Vibrio parahaemolyticus,MA561,Marine -(wild host-associated),Marine -(wild host-associated)
GCF_056683495,SAMN56917251,PRJNA1447195,Vibrio alginolyticus,M3-10,Marine -(wild host-associated),Marine -(wild host-associated)
GCF_006373225,SAMN07338028,PRJNA393608,Vibrio anguillarum,V102,Marine -(wild host-associated),Marine -(wild host-associated)
GCF_055269995,SAMN53839611,PRJNA1378498,Vibrio anguillarum,V100,Marine -(wild host-associated),Marine -(wild host-associated)
GCF_045445835,SAMN42940238,PRJNA1142238,Vibrio anguillarum,V82,Marine -(wild host-associated),Marine -(wild host-associated)
GCF_009645315,SAMN12671080,PRJNA563256,Vibrio alginolyticus,HS-63-3,Marine -(wild host-associated),Marine -(wild host-associated)
GCF_009645245,SAMN12671081,PRJNA563258,Vibrio alginolyticus,HS-63-8,Marine -(wild host-associated),Marine -(wild host-associated)
GCF_009647755,SAMN12671088,PRJNA563265,Vibrio diabolicus,HS-63-7,Marine -(wild host-associated),Marine -(wild host-associated)
GCF_001726645,SAMN02368244,PRJNA273159,Vibrio alginolyticus,HS-65-4,Marine -(wild host-associated),Marine -(wild host-associated)
GCF_001726915,SAMN02368259,PRJNA273159,Vibrio diabolicus,HS-53-2,Marine -(wild host-associated),Marine -(wild host-associated)
GCF_001727105,SAMN02368266,PRJNA273159,Vibrio parahaemolyticus,HS-60-11,Marine -(wild host-associated),Marine -(wild host-associated)
GCF_001727295,SAMN02368275,PRJNA273159,Vibrio diabolicus,HS-60-3,Marine -(wild host-associated),Marine -(wild host-associated)
GCF_001726415,SAMN02368234,PRJNA273159,Vibrio alginolyticus,HS-43-7B,Marine -(wild host-associated),Marine -(wild host-associated)
GCF_001726725,SAMN02368247,PRJNA273159,Vibrio alginolyticus,HS-66-3,Marine -(wild host-associated),Marine -(wild host-associated)
GCF_001726755,SAMN02368250,PRJNA273159,Vibrio alginolyticus,HS-66-6,Marine -(wild host-associated),Marine -(wild host-associated)
GCF_001726805,SAMN02368252,PRJNA273159,Vibrio diabolicus,HS-43-1,Marine -(wild host-associated),Marine -(wild host-associated)
GCF_001726815,SAMN02368253,PRJNA273159,Vibrio diabolicus,HS-43-2,Marine -(wild host-associated),Marine -(wild host-associated)
GCF_001726845,SAMN02368254,PRJNA273159,Vibrio diabolicus,HS-43-3,Marine -(wild host-associated),Marine -(wild host-associated)
GCF_001726775,SAMN02368251,PRJNA273159,Vibrio alginolyticus,HS-67-6,Marine -(wild host-associated),Marine -(wild host-associated)
GCF_001270235,SAMN03799842,PRJNA288141,Vibrio parahaemolyticus,HS-67-7,Marine -(wild host-associated),Marine -(wild host-associated)
GCF_001726445,SAMN02368235,PRJNA273159,Vibrio alginolyticus,HS-46-5,Marine -(wild host-associated),Marine -(wild host-associated)
GCF_001726565,SAMN02368239,PRJNA273159,Vibrio alginolyticus,HS-50-3,Marine -(wild host-associated),Marine -(wild host-associated)
GCF_001726855,SAMN02368256,PRJNA273159,Vibrio diabolicus,HS-50-2,Marine -(wild host-associated),Marine -(wild host-associated)
GCF_001726895,SAMN02368257,PRJNA273159,Vibrio diabolicus,HS-50-4,Marine -(wild host-associated),Marine -(wild host-associated)
GCF_001726985,SAMN02368261,PRJNA273159,Vibrio diabolicus,HS-57-1,Marine -(wild host-associated),Marine -(wild host-associated)
GCF_001727025,SAMN02368263,PRJNA273159,Vibrio diabolicus,HS-57-7,Marine -(wild host-associated),Marine -(wild host-associated)
GCF_018457565,SAMN18298729,PRJNA714277,Vibrio alginolyticus,HS-58-1,Marine -(wild host-associated),Marine -(wild host-associated)
GCF_018457505,SAMN18298730,PRJNA714277,Vibrio alginolyticus,HS-58-3,Marine -(wild host-associated),Marine -(wild host-associated)
GCF_018457465,SAMN18298733,PRJNA714277,Vibrio alginolyticus,HS-61-1,Marine -(wild host-associated),Marine -(wild host-associated)
GCF_018457425,SAMN18298736,PRJNA714277,Vibrio alginolyticus,HS-61-3,Marine -(wild host-associated),Marine -(wild host-associated)
GCF_018458485,SAMN18298681,PRJNA714277,Vibrio alginolyticus,HS-69-5,Marine -(wild host-associated),Marine -(wild host-associated)
GCF_018457665,SAMN18298725,PRJNA714277,Vibrio diabolicus,HS-51-4,Marine -(wild host-associated),Marine -(wild host-associated)
GCF_018457585,SAMN18298726,PRJNA714277,Vibrio alginolyticus,HS-51-5,Marine -(wild host-associated),Marine -(wild host-associated)
GCF_018457595,SAMN18298727,PRJNA714277,Vibrio alginolyticus,HS-56-5,Marine -(wild host-associated),Marine -(wild host-associated)
GCF_018457485,SAMN18298731,PRJNA714277,Vibrio diabolicus,HS-59-6,Marine -(wild host-associated),Marine -(wild host-associated)
GCF_018458525,SAMN18298679,PRJNA714277,Vibrio diabolicus,HS-64-4,Marine -(wild host-associated),Marine -(wild host-associated)
GCF_018458545,SAMN18298680,PRJNA714277,Vibrio diabolicus,HS-64-5,Marine -(wild host-associated),Marine -(wild host-associated)
GCF_024581015,SAMN30000174,PRJNA862725,Vibrio cholerae,16-VB00175,Marine -(wild host-associated),Marine -(wild host-associated)
GCF_027214205,SAMN32218570,PRJNA912077,Vibrio cholerae,16-VB00176,Marine -(wild host-associated),Marine -(wild host-associated)
GCF_001767355,SAMN05356867,PRJNA327733,Vibrio cholerae,16-VB00246,Marine -(wild host-associated),Marine -(wild host-associated)
GCF_036814175,SAMN15646602,PRJNA648718,Vibrio cholerae,16-VB00247,Marine -(wild host-associated),Marine -(wild host-associated)
GCF_018779915,SAMN18385658,PRJNA715847,Vibrio parahaemolyticus,16-VB00184,Marine -(wild host-associated),Marine -(wild host-associated)
GCF_001270145,SAMN03800013,PRJNA288141,Vibrio parahaemolyticus,16-VB00198,Marine -(wild host-associated),Marine -(wild host-associated)
GCF_021729965,SAMN17188316,PRJNA503785,Vibrio cholerae,16-VB00025,Marine -(wild host-associated),Marine -(wild host-associated)
GCF_021730085,SAMN17188296,PRJNA503785,Vibrio cholerae,16-VB00110,Marine -(wild host-associated),Marine -(wild host-associated)
GCF_014769135,SAMN10829924,PRJNA517409,Vibrio parahaemolyticus,16-VB00204,Marine -(wild host-associated),Marine -(wild host-associated)
GCF_006371565,SAMN07338106,PRJNA393608,Vibrio parahaemolyticus,16-VB00179,Marine -(wild host-associated),Marine -(wild host-associated)
GCF_056683515,SAMN56917197,PRJNA1447191,Vibrio cholerae,16-VB00130,Marine -(wild host-associated),Marine -(wild host-associated)
GCF_017916625,SAMN18238082,PRJNA712984,Vibrio parahaemolyticus,SM3,Marine -(wild host-associated),Marine -(wild host-associated)
GCF_017916575,SAMN18238083,PRJNA712984,Vibrio parahaemolyticus,SM4,Marine -(wild host-associated),Marine -(wild host-associated)
GCF_018440465,SAMN18238073,PRJNA712984,Vibrio parahaemolyticus,SC4,Marine -(wild host-associated),Marine -(wild host-associated)
GCF_017916595,SAMN18238081,PRJNA712984,Vibrio parahaemolyticus,SK,Marine -(wild host-associated),Marine -(wild host-associated)
GCF_024747885,SAMN28495032,PRJNA772001,Vibrio parahaemolyticus,16-VB00220,Marine -(wild host-associated),Marine -(wild host-associated)
GCF_020740995,SAMN16057402,PRJNA661417,Vibrio anguillarum,V18,Marine -(wild host-associated),Marine -(wild host-associated)
GCF_006371625,SAMN07338103,PRJNA393608,Vibrio parahaemolyticus,16-VB00179,Marine -(wild host-associated),Marine -(wild host-associated)
GCF_031703625,SAMN35557943,PRJNA978582,Vibrio cholerae,CRA_S9,Marine -(wild host-associated),Marine -(wild host-associated)
GCF_001270215,SAMN03799853,PRJNA288141,Vibrio parahaemolyticus,HS-92-7,Marine -(wild host-associated),Marine -(wild host-associated)
GCF_038397015,SAMN40627813,PRJNA1087707,Vibrio cholerae,17-VB00147,Marine -(wild host-associated),Marine -(wild host-associated)
GCF_018779865,SAMN18385657,PRJNA715847,Vibrio cholerae,17-VB00206,Marine -(wild host-associated),Marine -(wild host-associated)
GCF_018779875,SAMN18385660,PRJNA715847,Vibrio parahaemolyticus,17-VB00127,Marine -(wild host-associated),Marine -(wild host-associated)
GCF_018779785,SAMN18385661,PRJNA715847,Vibrio parahaemolyticus,17-VB00129,Marine -(wild host-associated),Marine -(wild host-associated)
GCF_018779845,SAMN18385662,PRJNA715847,Vibrio parahaemolyticus,17-VB00146,Marine -(wild host-associated),Marine -(wild host-associated)
GCF_018779825,SAMN18385663,PRJNA715847,Vibrio parahaemolyticus,17-VB00250,Marine -(wild host-associated),Marine -(wild host-associated)
GCF_018779775,SAMN18385664,PRJNA715847,Vibrio parahaemolyticus,17-VB00319,Marine -(wild host-associated),Marine -(wild host-associated)
GCF_056683115,SAMN56917205,PRJNA1447191,Vibrio parahaemolyticus,17-VB00214,Marine -(wild host-associated),Marine -(wild host-associated)
GCF_017917615,SAMN18238019,PRJNA712984,Vibrio chemaguriensis,17-VB00220-0,Marine -(wild host-associated),Marine -(wild host-associated)
GCF_021730025,SAMN17188309,PRJNA503785,Vibrio cholerae,17-VB00162,Marine -(wild host-associated),Marine -(wild host-associated)
GCF_006371545,SAMN07338107,PRJNA393608,Vibrio parahaemolyticus,17-VB00330,Marine -(wild host-associated),Marine -(wild host-associated)
GCF_006371795,SAMN07338114,PRJNA393608,Vibrio parahaemolyticus,17-VB00364,Marine -(wild host-associated),Marine -(wild host-associated)
GCF_024747905,SAMN28495034,PRJNA772001,Vibrio parahaemolyticus,17-VB00083,Marine -(wild host-associated),Marine -(wild host-associated)
GCF_052879155,SAMN47931894,PRJNA1250144,Vibrio parahaemolyticus,17-VB00428,Marine -(wild host-associated),Marine -(wild host-associated)
GCF_045445635,SAMN42940253,PRJNA1142238,Vibrio parahaemolyticus,17-VB00129,Marine -(wild host-associated),Marine -(wild host-associated)
GCF_037195925,SAMN39524512,PRJNA1067347,Vibrio anguillarum,V21,Marine -(wild host-associated),Marine -(wild host-associated)
GCF_045445355,SAMN42940268,PRJNA1142238,Vibrio anguillarum,V25,Marine -(wild host-associated),Marine -(wild host-associated)
GCF_045445975,SAMN42940233,PRJNA1142238,Vibrio anguillarum,V28,Marine -(wild host-associated),Marine -(wild host-associated)
GCF_021441435,SAMN24245020,PRJNA762299,Vibrio cholerae,S17-284,Marine -(wild host-associated),Marine -(wild host-associated)
GCF_045445615,SAMN42940252,PRJNA1142238,Vibrio parahaemolyticus,17-VB00127,Marine -(wild host-associated),Marine -(wild host-associated)
GCF_021890295,SAMN19769870,PRJNA739023,Vibrio cholerae,LK-18,Marine -(wild host-associated),Marine -(wild host-associated)
GCF_024748355,SAMN28495004,PRJNA772001,Vibrio nigripulchritudo,TUMSAT-V.nig2,Marine -(wild host-associated),Marine -(wild host-associated)
GCF_024747505,SAMN28495005,PRJNA772001,Vibrio nigripulchritudo,TUMSAT-V.nig3,Marine -(wild host-associated),Marine -(wild host-associated)
GCF_033573735,SAMN33550830,PRJNA940044,Vibrio parahaemolyticus,J42,Marine -(wild host-associated),Marine -(wild host-associated)
GCF_017917655,SAMN18238018,PRJNA712984,Vibrio chemaguriensis,18-VB00452-0,Marine -(wild host-associated),Marine -(wild host-associated)
GCF_049197565,SAMN46862181,PRJNA1223677,Vibrio anguillarum,A023,Marine -(wild host-associated),Marine -(wild host-associated)
GCF_055810345,SAMN55968926,PRJNA1428756,Vibrio anguillarum,A023 #10,Marine -(wild host-associated),Marine -(wild host-associated)
GCF_055810375,SAMN55968927,PRJNA1428756,Vibrio anguillarum,A023 #11,Marine -(wild host-associated),Marine -(wild host-associated)
GCF_001558435,SAMN03996323,PRJNA231221,Vibrio anguillarum,A023 #16,Marine -(wild host-associated),Marine -(wild host-associated)
GCF_001273715,SAMN02746033,PRJNA245457,Vibrio anguillarum,A023 #17,Marine -(wild host-associated),Marine -(wild host-associated)
GCF_003349755,SAMN08984051,PRJNA281423,Vibrio anguillarum,A023 #20,Marine -(wild host-associated),Marine -(wild host-associated)
GCF_002284475,SAMN07350470,PRJNA281423,Vibrio anguillarum,A023 #28,Marine -(wild host-associated),Marine -(wild host-associated)
GCF_002284415,SAMN07350472,PRJNA281423,Vibrio anguillarum,A023 #40,Marine -(wild host-associated),Marine -(wild host-associated)
GCF_002284365,SAMN07350474,PRJNA281423,Vibrio anguillarum,A023 #8,Marine -(wild host-associated),Marine -(wild host-associated)
GCF_003349335,SAMN08984060,PRJNA281423,Vibrio anguillarum,A023 #9,Marine -(wild host-associated),Marine -(wild host-associated)
GCF_002284315,SAMN07350476,PRJNA281423,Vibrio anguillarum,A023 cl13,Marine -(wild host-associated),Marine -(wild host-associated)
GCF_003349585,SAMN08984072,PRJNA281423,Vibrio anguillarum,A023 cl15,Marine -(wild host-associated),Marine -(wild host-associated)
GCF_002284235,SAMN07350479,PRJNA281423,Vibrio anguillarum,A023 cl23,Marine -(wild host-associated),Marine -(wild host-associated)
GCF_003349575,SAMN08984076,PRJNA281423,Vibrio anguillarum,A023 cl26,Marine -(wild host-associated),Marine -(wild host-associated)
GCF_003349525,SAMN08984078,PRJNA281423,Vibrio anguillarum,A023 cl5,Marine -(wild host-associated),Marine -(wild host-associated)
GCF_025917745,SAMN28511831,PRJNA839109,Vibrio parahaemolyticus,19-VB00998,Marine -(wild host-associated),Marine -(wild host-associated)
GCF_041894685,SAMN43405765,PRJNA1153944,Vibrio parahaemolyticus,LA40-5,Marine -(wild host-associated),Marine -(wild host-associated)
GCF_041894785,SAMN43407143,PRJNA1153944,Vibrio parahaemolyticus,ST111-27,Marine -(wild host-associated),Marine -(wild host-associated)
GCF_041894745,SAMN43405762,PRJNA1153944,Vibrio parahaemolyticus,ST112-13,Marine -(wild host-associated),Marine -(wild host-associated)
GCF_001048655,SAMEA2594004,PRJEB5896,Vibrio parahaemolyticus,LA116-4,Marine -(wild host-associated),Marine -(wild host-associated)
GCF_041894645,SAMN43405764,PRJNA1153944,Vibrio parahaemolyticus,LA120-27,Marine -(wild host-associated),Marine -(wild host-associated)
GCF_043660915,SAMN44286440,PRJNA1172946,Vibrio parahaemolyticus,VC112-18,Marine -(wild host-associated),Marine -(wild host-associated)
GCF_054113765,SAMN53906733,PRJNA1380381,Vibrio parahaemolyticus,VC99-1,Marine -(wild host-associated),Marine -(wild host-associated)
GCF_054113785,SAMN53906732,PRJNA1380381,Vibrio parahaemolyticus,VC99-2,Marine -(wild host-associated),Marine -(wild host-associated)
GCF_054112425,SAMN53906747,PRJNA1380381,Vibrio parahaemolyticus,VC99-5,Marine -(wild host-associated),Marine -(wild host-associated)
GCF_045586155,SAMN43405763,PRJNA1153944,Vibrio parahaemolyticus,TG17-73,Marine -(wild host-associated),Marine -(wild host-associated)
GCF_011212705,SAMN02304133,PRJNA605822,Vibrio parahaemolyticus,LVP81,Marine -(wild host-associated),Marine -(wild host-associated)
GCF_022808495,SAMN26741402,PRJNA817024,Vibrio parahaemolyticus,LVP83,Marine -(wild host-associated),Marine -(wild host-associated)
GCF_022808475,SAMN26741749,PRJNA817027,Vibrio parahaemolyticus,LVP84,Marine -(wild host-associated),Marine -(wild host-associated)
GCF_022808515,SAMN26741785,PRJNA817030,Vibrio parahaemolyticus,LVP87,Marine -(wild host-associated),Marine -(wild host-associated)
GCF_054111865,SAMN53829445,PRJNA1378177,Vibrio harveyi,22-VB00023-12,Marine -(wild host-associated),Marine -(wild host-associated)
GCF_017917635,SAMN18238021,PRJNA712984,Vibrio chemaguriensis,22-VB00242-0,Marine -(wild host-associated),Marine -(wild host-associated)
GCF_017917735,SAMN18238016,PRJNA712984,Vibrio barjaei,1-TCBS-B,Marine -(wild host-associated),Marine -(wild host-associated)
GCF_055810555,SAMN55968925,PRJNA1428756,Vibrio inhibens,1-TCBS-A,Marine -(wild host-associated),Marine -(wild host-associated)
GCF_001244315,SAMN03159469,PRJNA266097,Vibrio alginolyticus,1-TCBS-D,Marine -(wild host-associated),Marine -(wild host-associated)
GCF_001990085,SAMN03177521,PRJNA267064,Vibrio alginolyticus,4-TSA-C,Marine -(wild host-associated),Marine -(wild host-associated)
GCF_001989735,SAMN03177582,PRJNA267079,Vibrio diabolicus,5-MA-A1,Marine -(wild host-associated),Marine -(wild host-associated)
GCF_003595565,SAMN03177729,PRJNA267082,Vibrio furnissii,6-MA-B,Marine -(wild host-associated),Marine -(wild host-associated)
GCF_001989915,SAMN03178184,PRJNA267178,Vibrio alginolyticus,11-TSA-B2,Marine -(wild host-associated),Marine -(wild host-associated)
GCF_001989935,SAMN03178218,PRJNA267183,Vibrio diabolicus,15-MA-B,Marine -(wild host-associated),Marine -(wild host-associated)
GCF_001989715,SAMN03178219,PRJNA267184,Vibrio owensii,34-PA-B,Marine -(wild host-associated),Marine -(wild host-associated)
GCF_022802295,SAMN17496760,PRJNA694116,Vibrio anguillarum,V2022-104,Marine -(wild host-associated),Marine -(wild host-associated)
GCF_033675235,SAMN37260051,PRJNA1012477,Vibrio anguillarum,V2022-124,Marine -(wild host-associated),Marine -(wild host-associated)
GCF_037196165,SAMN39524499,PRJNA1067347,Vibrio anguillarum,V2022-154,Marine -(wild host-associated),Marine -(wild host-associated)
GCF_052873935,SAMN47931951,PRJNA1250144,Vibrio parahaemolyticus,vp-TS1-2,Marine -(wild host-associated),Marine -(wild host-associated)
GCF_046246725,SAMN45842240,PRJNA1198387,Vibrio parahaemolyticus,vp-TS7-1,Marine -(wild host-associated),Marine -(wild host-associated)
GCF_946812365,SAMEA110132198,PRJEB53525,Vibrio owensii,DS.DX41,Marine -(wild host-associated),Marine -(wild host-associated)
GCF_042055215,SAMN41000926,PRJNA1101690,Vibrio owensii,DS.DX60,Marine -(wild host-associated),Marine -(wild host-associated)
GCF_001989875,SAMN03177549,PRJNA267072,Vibrio owensii,DS.DX90,Marine -(wild host-associated),Marine -(wild host-associated)
GCF_043643805,SAMN43783629,PRJNA1161597,Vibrio rotiferianus,SY.PD46,Marine -(wild host-associated),Marine -(wild host-associated)
GCF_030236775,SAMN35346014,PRJNA975880,Vibrio alginolyticus,DEN26,Marine -(wild host-associated),Marine -(wild host-associated)
GCF_006371635,SAMN07338101,PRJNA393608,Vibrio alginolyticus,CG-1,Marine -(wild host-associated),Marine -(wild host-associated)
GCF_030464245,SAMN11877824,PRJNA545187,Vibrio echinoideorum,,Marine -(wild host-associated),Marine -(wild host-associated)
GCF_024747495,SAMN28495006,PRJNA772001,Vibrio anguillarum,NB10,Marine -(wild host-associated),Marine -(wild host-associated)
GCF_006373545,SAMN07338011,PRJNA393608,Vibrio harveyi,AOD131,Marine -(wild host-associated),Marine -(wild host-associated)
GCF_031703085,SAMN35557947,PRJNA978582,Vibrio coralliilyticus,OCN008,Marine -(wild host-associated),Marine -(wild host-associated)
GCF_017917495,SAMN18238025,PRJNA712984,Vibrio anguillarum,6018/1,Marine -(wild host-associated),Marine -(wild host-associated)
GCF_017917145,SAMN18238046,PRJNA712984,Vibrio anguillarum,90-11-287,Marine -(wild host-associated),Marine -(wild host-associated)
GCF_017917255,SAMN18238042,PRJNA712984,Vibrio anguillarum,87-9-116,Marine -(wild host-associated),Marine -(wild host-associated)
GCF_017917195,SAMN18238045,PRJNA712984,Vibrio anguillarum,87-9-117,Marine -(wild host-associated),Marine -(wild host-associated)
GCF_017917415,SAMN18238029,PRJNA712984,Vibrio anguillarum,91-8-178,Marine -(wild host-associated),Marine -(wild host-associated)
GCF_043351675,SAMN16072618,PRJNA661987,Vibrio anguillarum,LMG12010,Marine -(wild host-associated),Marine -(wild host-associated)
GCF_017917365,SAMN18238032,PRJNA712984,Vibrio anguillarum,9014/8,Marine -(wild host-associated),Marine -(wild host-associated)
GCF_024747395,SAMN28495014,PRJNA772001,Vibrio anguillarum,178/90,Marine -(wild host-associated),Marine -(wild host-associated)
GCF_028618245,SAMN32411305,PRJNA916706,Vibrio anguillarum,425,Marine -(wild host-associated),Marine -(wild host-associated)
GCF_021890385,SAMN19769869,PRJNA739023,Vibrio coralliilyticus,X00-12-4,Marine -(wild host-associated),Marine -(wild host-associated)
GCF_030236725,SAMN35346011,PRJNA975880,Vibrio europaeus,PP-635,Marine -(wild host-associated),Marine -(wild host-associated)
GCF_043660875,SAMN44286414,PRJNA1172941,Vibrio europaeus,PP-654,Marine -(wild host-associated),Marine -(wild host-associated)
GCF_043660935,SAMN44286534,PRJNA1172953,Vibrio europaeus,PP-660,Marine -(wild host-associated),Marine -(wild host-associated)
GCF_002220915,SAMN06042543,PRJNA354199,Vibrio europaeus,PP-638,Marine -(wild host-associated),Marine -(wild host-associated)
GCF_006802905,SAMN12168586,PRJNA551929,Vibrio europaeus,CECT 8427,Marine -(wild host-associated),Marine -(wild host-associated)
GCF_006373495,SAMN07338015,PRJNA393608,Vibrio alginolyticus,E06333,Marine -(wild host-associated),Marine -(wild host-associated)
GCF_006369105,SAMN07338200,PRJNA393608,Vibrio coralliilyticus,S2043,Marine -(wild host-associated),Marine -(wild host-associated)
GCF_049943815,SAMN47871283,PRJNA1248887,Vibrio parahaemolyticus,CFSAN011096,Marine -(wild host-associated),Marine -(wild host-associated)
GCF_054113845,SAMN53906729,PRJNA1380381,Vibrio parahaemolyticus,CFSAN011097,Marine -(wild host-associated),Marine -(wild host-associated)
GCF_054113825,SAMN53906730,PRJNA1380381,Vibrio parahaemolyticus,CFSAN011098,Marine -(wild host-associated),Marine -(wild host-associated)
GCF_013368735,SAMN15206675,PRJNA638717,Vibrio parahaemolyticus,CFSAN011099,Marine -(wild host-associated),Marine -(wild host-associated)
GCF_000877485,SAMN02204307,PRJNA188204,Vibrio parahaemolyticus,CFSAN011108,Marine -(wild host-associated),Marine -(wild host-associated)
GCF_026933725,SAMN16560718,PRJNA672209,Vibrio parahaemolyticus,CFSAN011109,Marine -(wild host-associated),Marine -(wild host-associated)
GCF_026933705,SAMN16560719,PRJNA672209,Vibrio parahaemolyticus,CFSAN011110,Marine -(wild host-associated),Marine -(wild host-associated)
GCF_049943695,SAMN47871289,PRJNA1248887,Vibrio parahaemolyticus,CFSAN011143,Marine -(wild host-associated),Marine -(wild host-associated)
GCF_049943795,SAMN47871284,PRJNA1248887,Vibrio parahaemolyticus,CFSAN011115,Marine -(wild host-associated),Marine -(wild host-associated)
GCF_049943765,SAMN47871285,PRJNA1248887,Vibrio parahaemolyticus,CFSAN011122,Marine -(wild host-associated),Marine -(wild host-associated)
GCF_026933405,SAMN16560725,PRJNA672209,Vibrio parahaemolyticus,CFSAN011125,Marine -(wild host-associated),Marine -(wild host-associated)
GCF_026933275,SAMN16560728,PRJNA672209,Vibrio parahaemolyticus,CFSAN011128,Marine -(wild host-associated),Marine -(wild host-associated)
GCF_049943735,SAMN47871287,PRJNA1248887,Vibrio parahaemolyticus,CFSAN011140,Marine -(wild host-associated),Marine -(wild host-associated)
GCF_049943655,SAMN47871291,PRJNA1248887,Vibrio parahaemolyticus,CFSAN011145,Marine -(wild host-associated),Marine -(wild host-associated)
GCF_048914355,SAMN45150202,PRJNA1193633,Vibrio parahaemolyticus,CFSAN011137,Marine -(wild host-associated),Marine -(wild host-associated)
GCF_049816175,SAMN47909273,PRJNA1249607,Vibrio parahaemolyticus,CFSAN011141,Marine -(wild host-associated),Marine -(wild host-associated)
GCF_049816605,SAMN47909286,PRJNA1249611,Vibrio parahaemolyticus,CFSAN011144,Marine -(wild host-associated),Marine -(wild host-associated)
GCF_026933565,SAMN16560720,PRJNA672209,Vibrio parahaemolyticus,CFSAN011116,Marine -(wild host-associated),Marine -(wild host-associated)
GCF_026933505,SAMN16560724,PRJNA672209,Vibrio parahaemolyticus,CFSAN011121,Marine -(wild host-associated),Marine -(wild host-associated)
GCF_006802925,SAMN12168585,PRJNA551929,Vibrio europaeus,07/038 2T2,Marine -(wild host-associated),Marine -(wild host-associated)
GCF_038050815,SAMN40697391,PRJNA1094415,Vibrio parahaemolyticus,CFSAN011134,Marine -(wild host-associated),Marine -(wild host-associated)
GCF_038050985,SAMN40697487,PRJNA1094415,Vibrio parahaemolyticus,CFSAN011135,Marine -(wild host-associated),Marine -(wild host-associated)
GCF_026933185,SAMN16560730,PRJNA672209,Vibrio parahaemolyticus,CFSAN011129,Marine -(wild host-associated),Marine -(wild host-associated)
GCF_026933115,SAMN16560731,PRJNA672209,Vibrio parahaemolyticus,CFSAN011130,Marine -(wild host-associated),Marine -(wild host-associated)
GCF_051903045,SAMN41277524,PRJNA1106915,Vibrio parahaemolyticus,CFSAN011131,Marine -(wild host-associated),Marine -(wild host-associated)
GCF_020041945,SAMN21365011,PRJNA761856,Vibrio parahaemolyticus,CFSAN011132,Marine -(wild host-associated),Marine -(wild host-associated)
GCF_045445455,SAMN42940262,PRJNA1142238,Vibrio parahaemolyticus,Vp 591,Marine -(wild host-associated),Marine -(wild host-associated)
GCF_045445525,SAMN42940259,PRJNA1142238,Vibrio parahaemolyticus,Vp 559,Marine -(wild host-associated),Marine -(wild host-associated)
GCF_045445495,SAMN42940258,PRJNA1142238,Vibrio parahaemolyticus,Vp 554,Marine -(wild host-associated),Marine -(wild host-associated)
GCF_047086865,SAMN45916484,PRJNA1200826,Vibrio parahaemolyticus,Vp 707,Marine -(wild host-associated),Marine -(wild host-associated)
GCF_047086845,SAMN45916487,PRJNA1200826,Vibrio parahaemolyticus,Vp 708,Marine -(wild host-associated),Marine -(wild host-associated)
GCF_047086785,SAMN45916488,PRJNA1200826,Vibrio parahaemolyticus,Vp 749,Marine -(wild host-associated),Marine -(wild host-associated)
GCF_047086765,SAMN45916489,PRJNA1200826,Vibrio diabolicus,Vp 786,Marine -(wild host-associated),Marine -(wild host-associated)
GCF_047086725,SAMN45916491,PRJNA1200826,Vibrio parahaemolyticus,Vp 868,Marine -(wild host-associated),Marine -(wild host-associated)
GCF_049818045,SAMN47909301,PRJNA1249613,Vibrio parahaemolyticus,CFSAN011148,Marine -(wild host-associated),Marine -(wild host-associated)
GCF_049943635,SAMN47871292,PRJNA1248887,Vibrio parahaemolyticus,CFSAN011157,Marine -(wild host-associated),Marine -(wild host-associated)
GCF_049943615,SAMN47871293,PRJNA1248887,Vibrio parahaemolyticus,CFSAN011159,Marine -(wild host-associated),Marine -(wild host-associated)
GCF_052943035,SAMN48952189,PRJNA1273639,Vibrio parahaemolyticus,CFSAN011158,Marine -(wild host-associated),Marine -(wild host-associated)
GCF_017917395,SAMN18238031,PRJNA712984,Vibrio anguillarum,PF4,Marine -(wild host-associated),Marine -(wild host-associated)
GCF_006803135,SAMN12168576,PRJNA551929,Vibrio europaeus,PP2-843,Marine -(wild host-associated),Marine -(wild host-associated)
GCF_006803025,SAMN12168580,PRJNA551929,Vibrio europaeus,PP2-978,Marine -(wild host-associated),Marine -(wild host-associated)
GCF_018457845,SAMN18298715,PRJNA714277,Vibrio cholerae,OYP2C05,Marine -(wild host-associated),Marine -(wild host-associated)
GCF_018457405,SAMN18298734,PRJNA714277,Vibrio cholerae,OYP2E01,Marine -(wild host-associated),Marine -(wild host-associated)
GCF_018458385,SAMN18298686,PRJNA714277,Vibrio cholerae,OYP4B01,Marine -(wild host-associated),Marine -(wild host-associated)
GCF_022289365,SAMN20805065,PRJNA754786,Vibrio cholerae,OYP4H06,Marine -(wild host-associated),Marine -(wild host-associated)
GCF_022289565,SAMN20805056,PRJNA754786,Vibrio cholerae,OYP5F10,Marine -(wild host-associated),Marine -(wild host-associated)
GCF_022343085,SAMN20982394,PRJNA757905,Vibrio cholerae,OYP6D06,Marine -(wild host-associated),Marine -(wild host-associated)
GCF_022343145,SAMN20982446,PRJNA757912,Vibrio cholerae,OYP6F08,Marine -(wild host-associated),Marine -(wild host-associated)
GCF_013181325,SAMN14968934,PRJNA633729,Vibrio metoecus,OYP4E03,Marine -(wild host-associated),Marine -(wild host-associated)
GCF_018457855,SAMN18298714,PRJNA714277,Vibrio cholerae,OYP2A04,Marine -(wild host-associated),Marine -(wild host-associated)
GCF_019429585,SAMN20395455,PRJNA749650,Vibrio cholerae,OYP4B01,Marine -(wild host-associated),Marine -(wild host-associated)
GCF_022289615,SAMN20805055,PRJNA754786,Vibrio cholerae,OYP5B09,Marine -(wild host-associated),Marine -(wild host-associated)
GCF_022290215,SAMN20805040,PRJNA754786,Vibrio cholerae,OYP5H09,Marine -(wild host-associated),Marine -(wild host-associated)
GCF_022290015,SAMN20805044,PRJNA754786,Vibrio cholerae,OYP6D03,Marine -(wild host-associated),Marine -(wild host-associated)
GCF_022343105,SAMN20982432,PRJNA757909,Vibrio cholerae,OYP6E05,Marine -(wild host-associated),Marine -(wild host-associated)
GCF_022343125,SAMN20982445,PRJNA757911,Vibrio cholerae,OYP6F07,Marine -(wild host-associated),Marine -(wild host-associated)
GCF_022343185,SAMN20982569,PRJNA757919,Vibrio cholerae,OYP6F09,Marine -(wild host-associated),Marine -(wild host-associated)
GCF_022343205,SAMN20982581,PRJNA757922,Vibrio cholerae,OYP8C06,Marine -(wild host-associated),Marine -(wild host-associated)
GCF_028618115,SAMN32411303,PRJNA916059,Vibrio cholerae,OYP8F12,Marine -(wild host-associated),Marine -(wild host-associated)
GCF_045446135,SAMN42940227,PRJNA1142238,Vibrio metoecus,OYP8G05,Marine -(wild host-associated),Marine -(wild host-associated)
GCF_045445935,SAMN42940235,PRJNA1142238,Vibrio metoecus,OYP8H05,Marine -(wild host-associated),Marine -(wild host-associated)
GCF_045445845,SAMN42940240,PRJNA1142238,Vibrio metoecus,OYP9B03,Marine -(wild host-associated),Marine -(wild host-associated)
GCF_045445775,SAMN42940245,PRJNA1142238,Vibrio metoecus,OYP9D09,Marine -(wild host-associated),Marine -(wild host-associated)
GCF_025505175,SAMN26804321,PRJNA817617,Vibrio cholerae,OYP8E03,Marine -(wild host-associated),Marine -(wild host-associated)
GCF_028618195,SAMN32411304,PRJNA916061,Vibrio cholerae,OYP9F05,Marine -(wild host-associated),Marine -(wild host-associated)
GCF_006369265,SAMN07338191,PRJNA393608,Vibrio coralliilyticus,Vic-OC-068,Marine -(wild host-associated),Marine -(wild host-associated)
GCF_013364385,SAMN14923070,PRJNA632838,Vibrio mediterranei,Vic-OC-097,Marine -(wild host-associated),Marine -(wild host-associated)
GCF_024530935,SAMN15597509,PRJNA647777,Vibrio alginolyticus,ANC4-19,Marine -(wild host-associated),Marine -(wild host-associated)
GCF_039602145,SAMN39200978,PRJNA1059230,Vibrio kanaloae,R17,Marine -(wild host-associated),Marine -(wild host-associated)
GCF_002018645,SAMN05858274,PRJNA345100,Vibrio alginolyticus,K01M1,Marine -(wild host-associated),Marine -(wild host-associated)
GCF_002018635,SAMN05858275,PRJNA345101,Vibrio alginolyticus,K04M1,Marine -(wild host-associated),Marine -(wild host-associated)
GCF_002018735,SAMN05858276,PRJNA345102,Vibrio alginolyticus,,Marine -(wild host-associated),Marine -(wild host-associated)
GCF_002018725,SAMN05858277,PRJNA345103,Vibrio alginolyticus,K04M5,Marine -(wild host-associated),Marine -(wild host-associated)
GCF_002018705,SAMN05858278,PRJNA345104,Vibrio alginolyticus,K05K4,Marine -(wild host-associated),Marine -(wild host-associated)
GCF_002018775,SAMN05858279,PRJNA345105,Vibrio alginolyticus,K06K5,Marine -(wild host-associated),Marine -(wild host-associated)
GCF_002018695,SAMN05858280,PRJNA345106,Vibrio alginolyticus,K08M3,Marine -(wild host-associated),Marine -(wild host-associated)
GCF_036441415,SAMN14214506,PRJNA608944,Vibrio syngnathi,K08M4,Marine -(wild host-associated),Marine -(wild host-associated)
GCF_036441395,SAMN14214507,PRJNA608945,Vibrio alginolyticus,K09K1,Marine -(wild host-associated),Marine -(wild host-associated)
GCF_036441475,SAMN14214611,PRJNA608950,Vibrio alginolyticus,K10K4,Marine -(wild host-associated),Marine -(wild host-associated)
GCF_030236755,SAMN35346012,PRJNA975880,Vibrio europaeus,2909,Marine -(wild host-associated),Marine -(wild host-associated)
GCF_030238805,SAMN35346009,PRJNA975880,Vibrio europaeus,2968,Marine -(wild host-associated),Marine -(wild host-associated)
GCF_030236705,SAMN35346016,PRJNA975880,Vibrio europaeus,2971,Marine -(wild host-associated),Marine -(wild host-associated)
GCF_030236805,SAMN35346013,PRJNA975880,Vibrio europaeus,2975,Marine -(wild host-associated),Marine -(wild host-associated)
GCF_043661035,SAMN44286665,PRJNA1172967,Vibrio europaeus,2951,Marine -(wild host-associated),Marine -(wild host-associated)
GCF_043661055,SAMN44286666,PRJNA1172968,Vibrio europaeus,2967,Marine -(wild host-associated),Marine -(wild host-associated)
GCF_043661075,SAMN44286686,PRJNA1172970,Vibrio europaeus,2969,Marine -(wild host-associated),Marine -(wild host-associated)
GCF_043661105,SAMN44286688,PRJNA1172973,Vibrio europaeus,2974,Marine -(wild host-associated),Marine -(wild host-associated)
GCF_001726965,SAMN03358822,PRJNA273159,Vibrio crassostreae,J5-23,Marine -(wild host-associated),Marine -(wild host-associated)
GCF_001726975,SAMN03358823,PRJNA273159,Vibrio crassostreae,J5-24,Marine -(wild host-associated),Marine -(wild host-associated)
GCF_001727055,SAMN03358824,PRJNA273159,Vibrio crassostreae,J5-28,Marine -(wild host-associated),Marine -(wild host-associated)
GCF_001727275,SAMN03358825,PRJNA273159,Vibrio crassostreae,J5-6,Marine -(wild host-associated),Marine -(wild host-associated)
GCF_006368955,SAMN07338168,PRJNA393608,Vibrio coralliilyticus,OCN014,Marine -(wild host-associated),Marine -(wild host-associated)
GCF_024747075,SAMN28495049,PRJNA772001,Vibrio kanaloae,S12,Marine -(wild host-associated),Marine -(wild host-associated)
GCF_030236745,SAMN35346015,PRJNA975880,Vibrio europaeus,3454,Marine -(wild host-associated),Marine -(wild host-associated)
GCF_049194005,SAMN46862179,PRJNA1223677,Vibrio parahaemolyticus,VP120036,Marine -(wild host-associated),Marine -(wild host-associated)
GCF_030238685,SAMN35346004,PRJNA975880,Vibrio europaeus,3492,Marine -(wild host-associated),Marine -(wild host-associated)
GCF_052953315,SAMN50649144,PRJNA1306989,Vibrio parahaemolyticus,S440-7,Marine -(wild host-associated),Marine -(wild host-associated)
GCF_006373345,SAMN07338022,PRJNA393608,Vibrio europaeus,3614,Marine -(wild host-associated),Marine -(wild host-associated)
GCF_048884165,SAMN39716335,PRJNA1071875,Vibrio parahaemolyticus,GIMxtf283-2012.12,Marine -(wild host-associated),Marine -(wild host-associated)
GCF_001675855,SAMN05172613,PRJNA322702,Vibrio parahaemolyticus,PMA54.13,Marine -(wild host-associated),Marine -(wild host-associated)
GCF_021890315,SAMN19769866,PRJNA739023,Vibrio vulnificus,M08-10806,Marine -(wild host-associated),Marine -(wild host-associated)
GCF_021890355,SAMN19769868,PRJNA739023,Vibrio alginolyticus,M13-18293,Marine -(wild host-associated),Marine -(wild host-associated)
GCF_020686745,SAMN22513949,PRJNA773844,Vibrio harveyi,M14-00197,Marine -(wild host-associated),Marine -(wild host-associated)
GCF_030263155,SAMN26982633,PRJNA820182,Vibrio kanaloae,M14-00200,Marine -(wild host-associated),Marine -(wild host-associated)
GCF_030263045,SAMN26982640,PRJNA820182,Vibrio mediterranei,M14-00201c,Marine -(wild host-associated),Marine -(wild host-associated)
GCF_030263115,SAMN26982636,PRJNA820182,Vibrio parahaemolyticus,M14-00202b,Marine -(wild host-associated),Marine -(wild host-associated)
GCF_030263095,SAMN26982637,PRJNA820182,Vibrio diabolicus,M14-00267,Marine -(wild host-associated),Marine -(wild host-associated)
GCF_030262995,SAMN26982642,PRJNA820182,Vibrio diabolicus,M14-00267b,Marine -(wild host-associated),Marine -(wild host-associated)
GCF_030263015,SAMN26982641,PRJNA820182,Vibrio diabolicus,M14-00267c,Marine -(wild host-associated),Marine -(wild host-associated)
GCF_030263135,SAMN26982635,PRJNA820182,Vibrio harveyi,M14-00480,Marine -(wild host-associated),Marine -(wild host-associated)
GCF_026162575,SAMN30942137,PRJNA882511,Vibrio natriegens,M14-00614,Marine -(wild host-associated),Marine -(wild host-associated)
GCF_048884025,SAMN39716339,PRJNA1071875,Vibrio parahaemolyticus,Vp336,Marine -(wild host-associated),Marine -(wild host-associated)
GCF_053850665,SAMN53317748,PRJNA1366596,Vibrio parahaemolyticus,Vp296,Marine -(wild host-associated),Marine -(wild host-associated)
GCF_003691505,SAMN09874178,PRJNA487143,Vibrio parahaemolyticus,20130629002S01,Marine -(wild host-associated),Marine -(wild host-associated)
GCF_003691545,SAMN09878769,PRJNA487170,Vibrio campbellii,20130629003S01,Marine -(wild host-associated),Marine -(wild host-associated)
GCF_054053365,SAMN53317749,PRJNA1366596,Vibrio parahaemolyticus,Vp294,Marine -(wild host-associated),Marine -(wild host-associated)
GCF_006373115,SAMN07338033,PRJNA393608,Vibrio fluvialis,ZOR0035,Marine -(wild host-associated),Marine -(wild host-associated)
GCF_003085735,SAMN06310878,PRJNA371680,Vibrio parahaemolyticus,S487-4,Marine -(wild host-associated),Marine -(wild host-associated)
GCF_045348105,SAMN40627812,PRJNA1087707,Vibrio mimicus,SCCF01,Marine -(wild host-associated),Marine -(wild host-associated)
GCF_002140055,SAMN06310879,PRJNA371682,Vibrio parahaemolyticus,S499-7,Marine -(wild host-associated),Marine -(wild host-associated)
GCF_002204915,SAMN05196200,PRJNA323980,Vibrio parahaemolyticus,PMA11.14,Marine -(wild host-associated),Marine -(wild host-associated)
GCF_002144585,SAMN05301462,PRJNA327110,Vibrio parahaemolyticus,PMA12.14,Marine -(wild host-associated),Marine -(wild host-associated)
GCF_014925665,SAMN06013679,PRJNA353289,Vibrio parahaemolyticus,PMA14.14,Marine -(wild host-associated),Marine -(wild host-associated)
GCF_042607345,SAMN09649874,PRJNA480402,Vibrio parahaemolyticus,PMA21.14,Marine -(wild host-associated),Marine -(wild host-associated)
GCF_009859405,SAMN09694269,PRJNA482034,Vibrio parahaemolyticus,PMA31.14,Marine -(wild host-associated),Marine -(wild host-associated)
GCF_009859385,SAMN09694270,PRJNA482034,Vibrio parahaemolyticus,PMA32.14,Marine -(wild host-associated),Marine -(wild host-associated)
GCF_024747445,SAMN28495007,PRJNA772001,Vibrio parahaemolyticus,SEB2,Marine -(wild host-associated),Marine -(wild host-associated)
GCF_024747455,SAMN28495011,PRJNA772001,Vibrio parahaemolyticus,SEA5,Marine -(wild host-associated),Marine -(wild host-associated)
GCF_024747375,SAMN28495021,PRJNA772001,Vibrio parahaemolyticus,SAB6,Marine -(wild host-associated),Marine -(wild host-associated)
GCF_024747355,SAMN28495022,PRJNA772001,Vibrio parahaemolyticus,SA2D2,Marine -(wild host-associated),Marine -(wild host-associated)
GCF_017917535,SAMN18238024,PRJNA712984,Vibrio parahaemolyticus,FORC_008,Marine -(wild host-associated),Marine -(wild host-associated)
GCF_030238815,SAMN35346002,PRJNA975880,Vibrio parahaemolyticus,20140723005,Marine -(wild host-associated),Marine -(wild host-associated)
GCF_006372715,SAMN07338054,PRJNA393608,Vibrio cholerae,FORC_055,Marine -(wild host-associated),Marine -(wild host-associated)
GCF_001726165,SAMN03358816,PRJNA273159,Vibrio crassostreae,7T8_6,Marine -(wild host-associated),Marine -(wild host-associated)
GCF_001726535,SAMN03358819,PRJNA273159,Vibrio crassostreae,8T7-4,Marine -(wild host-associated),Marine -(wild host-associated)
GCF_001726685,SAMN03358820,PRJNA273159,Vibrio crassostreae,8T8-11,Marine -(wild host-associated),Marine -(wild host-associated)
GCF_051021275,SAMN10601626,PRJNA515179,Vibrio parahaemolyticus,PH698,Marine -(wild host-associated),Marine -(wild host-associated)
GCF_006373555,SAMN07338012,PRJNA393608,Vibrio vulnificus,SUKU_G3,Marine -(wild host-associated),Marine -(wild host-associated)
GCF_018440435,SAMN18238072,PRJNA712984,Vibrio parahaemolyticus,Vph- CEB B4,Marine -(wild host-associated),Marine -(wild host-associated)
GCF_024747615,SAMN28494993,PRJNA772001,Vibrio vulnificus,FORC_054,Marine -(wild host-associated),Marine -(wild host-associated)
GCF_002284205,SAMN07350480,PRJNA281423,Vibrio parahaemolyticus,FORC_014,Marine -(wild host-associated),Marine -(wild host-associated)
GCF_006371105,SAMN07338158,PRJNA393608,Vibrio fluvialis,362.3,Marine -(wild host-associated),Marine -(wild host-associated)
GCF_028609665,SAMN13706869,PRJNA503785,Vibrio parahaemolyticus,PH1339,Marine -(wild host-associated),Marine -(wild host-associated)
GCF_024747675,SAMN28494988,PRJNA772001,Vibrio parahaemolyticus,VP157,Marine -(wild host-associated),Marine -(wild host-associated)
GCF_024748015,SAMN28495048,PRJNA772001,Vibrio alginolyticus,L22Y01,Marine -(wild host-associated),Marine -(wild host-associated)
GCF_013266655,SAMN14533309,PRJNA625269,Vibrio parahaemolyticus,Vp2015094,Marine -(wild host-associated),Marine -(wild host-associated)
GCF_041447535,SAMN29328591,PRJNA852393,Vibrio mediterranei,V7A,Marine -(wild host-associated),Marine -(wild host-associated)
GCF_003691525,SAMN09878947,PRJNA487190,Vibrio campbellii,LA16-V1,Marine -(wild host-associated),Marine -(wild host-associated)
GCF_017917095,SAMN18238049,PRJNA712984,Vibrio cyclitrophicus,UCD-FRSP16_18,Marine -(wild host-associated),Marine -(wild host-associated)
GCF_024748095,SAMN28495039,PRJNA772001,Vibrio parahaemolyticus,VP160535,Marine -(wild host-associated),Marine -(wild host-associated)
GCF_048965765,SAMN39716346,PRJNA1071875,Vibrio parahaemolyticus,160807,Marine -(wild host-associated),Marine -(wild host-associated)
GCF_001048555,SAMEA2591297,PRJEB5884,Vibrio gigantis,C24,Marine -(wild host-associated),Marine -(wild host-associated)
GCF_048883825,SAMN39716348,PRJNA1071875,Vibrio parahaemolyticus,HZ-52,Marine -(wild host-associated),Marine -(wild host-associated)
GCF_024748455,SAMN28494994,PRJNA772001,Vibrio diabolicus,3N,Marine -(wild host-associated),Marine -(wild host-associated)
GCF_024747595,SAMN28494995,PRJNA772001,Vibrio owensii,I0N,Marine -(wild host-associated),Marine -(wild host-associated)
GCF_048883625,SAMN39716352,PRJNA1071875,Vibrio alginolyticus,Vb1833,Marine -(wild host-associated),Marine -(wild host-associated)
GCF_048883925,SAMN39716343,PRJNA1071875,Vibrio parahaemolyticus,VP162125,Marine -(wild host-associated),Marine -(wild host-associated)
GCF_028447205,SAMN31656011,PRJNA899440,Vibrio anguillarum,PF4,Marine -(wild host-associated),Marine -(wild host-associated)
GCF_028447185,SAMN31656012,PRJNA899440,Vibrio anguillarum,PF4,Marine -(wild host-associated),Marine -(wild host-associated)
GCF_054400725,SAMN53258651,PRJNA1364745,Vibrio anguillarum,PF4,Marine -(wild host-associated),Marine -(wild host-associated)
GCF_024747835,SAMN28494980,PRJNA772001,Vibrio alginolyticus,DFP1994,Marine -(wild host-associated),Marine -(wild host-associated)
GCF_048883725,SAMN39716345,PRJNA1071875,Vibrio owensii,1700302,Marine -(wild host-associated),Marine -(wild host-associated)
GCF_024748195,SAMN28495025,PRJNA772001,Vibrio diabolicus,BII-1I,Marine -(wild host-associated),Marine -(wild host-associated)
GCF_017916555,SAMN18238084,PRJNA712984,Vibrio parahaemolyticus,LH24,Marine -(wild host-associated),Marine -(wild host-associated)
GCF_024747715,SAMN28494987,PRJNA772001,Vibrio parahaemolyticus,TJ-187,Marine -(wild host-associated),Marine -(wild host-associated)
GCF_024747005,SAMN28495054,PRJNA772001,Vibrio alginolyticus,BII-7F,Marine -(wild host-associated),Marine -(wild host-associated)
GCF_024747325,SAMN28495026,PRJNA772001,Vibrio alginolyticus,BII-4F,Marine -(wild host-associated),Marine -(wild host-associated)
GCF_024748225,SAMN28495017,PRJNA772001,Vibrio parahaemolyticus,BII-1F,Marine -(wild host-associated),Marine -(wild host-associated)
GCF_023650915,SAMN28690470,PRJNA842900,Vibrio crassostreae,25_O_10,Marine -(wild host-associated),Marine -(wild host-associated)
GCF_041447445,SAMN29328524,PRJNA852387,Vibrio crassostreae,26_O_12,Marine -(wild host-associated),Marine -(wild host-associated)
GCF_024747215,SAMN28495040,PRJNA772001,Vibrio parahaemolyticus,VpQ8-15,Marine -(wild host-associated),Marine -(wild host-associated)
GCF_024748065,SAMN28495041,PRJNA772001,Vibrio parahaemolyticus,VpN8-42,Marine -(wild host-associated),Marine -(wild host-associated)
GCF_024746975,SAMN28495056,PRJNA772001,Vibrio parahaemolyticus,VpN1-22,Marine -(wild host-associated),Marine -(wild host-associated)
GCF_024746885,SAMN28495060,PRJNA772001,Vibrio parahaemolyticus,VpN4-46,Marine -(wild host-associated),Marine -(wild host-associated)
GCF_027591965,SAMN32359141,PRJNA914852,Vibrio coralliilyticus,OfT6-17,Marine -(wild host-associated),Marine -(wild host-associated)
GCF_027591935,SAMN32359172,PRJNA914853,Vibrio coralliilyticus,OfT6-21,Marine -(wild host-associated),Marine -(wild host-associated)
GCF_006373185,SAMN07338029,PRJNA393608,Vibrio harveyi,94/17,Marine -(wild host-associated),Marine -(wild host-associated)
GCF_027853355,SAMN31132893,PRJNA886466,Vibrio crassostreae,28_O_17,Marine -(wild host-associated),Marine -(wild host-associated)
GCF_028743655,SAMN33268490,PRJNA934169,Vibrio crassostreae,28_O_18,Marine -(wild host-associated),Marine -(wild host-associated)
GCF_028743695,SAMN33277152,PRJNA934670,Vibrio crassostreae,28_O_25,Marine -(wild host-associated),Marine -(wild host-associated)
GCF_964662085,SAMEA117551943,PRJEB83724,Vibrio crassostreae,28_O_26,Marine -(wild host-associated),Marine -(wild host-associated)
GCF_964661995,SAMEA117551945,PRJEB83724,Vibrio crassostreae,28_O_28,Marine -(wild host-associated),Marine -(wild host-associated)
GCF_964661985,SAMEA117551946,PRJEB83724,Vibrio crassostreae,28_O_30,Marine -(wild host-associated),Marine -(wild host-associated)
GCF_013114295,SAMN12668380,PRJNA563078,Vibrio crassostreae,28_O_31,Marine -(wild host-associated),Marine -(wild host-associated)
GCF_001023125,SAMN03177811,PRJNA263814,Vibrio crassostreae,29_O_34,Marine -(wild host-associated),Marine -(wild host-associated)
GCF_025920045,SAMN16252940,PRJNA665365,Vibrio crassostreae,29_O_42,Marine -(wild host-associated),Marine -(wild host-associated)
GCF_030144015,SAMN34999117,PRJNA970315,Vibrio crassostreae,29_O_45,Marine -(wild host-associated),Marine -(wild host-associated)
GCF_030144005,SAMN34999118,PRJNA970315,Vibrio crassostreae,29_O_46,Marine -(wild host-associated),Marine -(wild host-associated)
GCF_030144025,SAMN34999119,PRJNA970315,Vibrio crassostreae,31_O_75,Marine -(wild host-associated),Marine -(wild host-associated)
GCF_030143945,SAMN34999121,PRJNA970315,Vibrio crassostreae,31_O_77,Marine -(wild host-associated),Marine -(wild host-associated)
GCF_030143985,SAMN34999122,PRJNA970315,Vibrio crassostreae,31_O_82,Marine -(wild host-associated),Marine -(wild host-associated)
GCF_024747015,SAMN28495052,PRJNA772001,Vibrio alginolyticus,BII-7D,Marine -(wild host-associated),Marine -(wild host-associated)
GCF_000877405,SAMN02204306,PRJNA188203,Vibrio crassostreae,32_O_89,Marine -(wild host-associated),Marine -(wild host-associated)
GCF_002284005,SAMN07350489,PRJNA281423,Vibrio crassostreae,33_O_91,Marine -(wild host-associated),Marine -(wild host-associated)
GCF_002283955,SAMN07350492,PRJNA281423,Vibrio crassostreae,33_O_98,Marine -(wild host-associated),Marine -(wild host-associated)
GCF_002283915,SAMN07350495,PRJNA281423,Vibrio crassostreae,33_O_99,Marine -(wild host-associated),Marine -(wild host-associated)
GCF_002283905,SAMN07350496,PRJNA281423,Vibrio crassostreae,34_O_104,Marine -(wild host-associated),Marine -(wild host-associated)
GCF_002283805,SAMN07350499,PRJNA281423,Vibrio crassostreae,37_O_178,Marine -(wild host-associated),Marine -(wild host-associated)
GCF_002953375,SAMN03996261,PRJNA231221,Vibrio crassostreae,37_O_183,Marine -(wild host-associated),Marine -(wild host-associated)
GCF_000707905,SAMN02741390,PRJNA245882,Vibrio crassostreae,37_O_186,Marine -(wild host-associated),Marine -(wild host-associated)
GCF_031702925,SAMN35557954,PRJNA978582,Vibrio parahaemolyticus,B1-43,Marine -(wild host-associated),Marine -(wild host-associated)
GCF_001695575,SAMN04508217,PRJNA312891,Vibrio parahaemolyticus,L7-40,Marine -(wild host-associated),Marine -(wild host-associated)
GCF_003184085,SAMN09270178,PRJNA256020,Vibrio parahaemolyticus,B10-74,Marine -(wild host-associated),Marine -(wild host-associated)
GCF_003184105,SAMN09270229,PRJNA256022,Vibrio parahaemolyticus,N9-20,Marine -(wild host-associated),Marine -(wild host-associated)
GCF_008107465,SAMN12604302,PRJNA560943,Vibrio parahaemolyticus,N2-5,Marine -(wild host-associated),Marine -(wild host-associated)
GCF_001368875,SAMEA2591286,PRJEB5877,Vibrio parahaemolyticus,N1-56,Marine -(wild host-associated),Marine -(wild host-associated)
GCF_001368895,SAMEA2591287,PRJEB5878,Vibrio parahaemolyticus,B6-62,Marine -(wild host-associated),Marine -(wild host-associated)
GCF_000707285,SAMN02741392,PRJNA245882,Vibrio crassostreae,45_O_292,Marine -(wild host-associated),Marine -(wild host-associated)
GCF_000707085,SAMN02741393,PRJNA245882,Vibrio crassostreae,45_O_295,Marine -(wild host-associated),Marine -(wild host-associated)
GCF_000707185,SAMN02741395,PRJNA245882,Vibrio crassostreae,45_O_301,Marine -(wild host-associated),Marine -(wild host-associated)
GCF_000707645,SAMN02741399,PRJNA245882,Vibrio crassostreae,45_O_310,Marine -(wild host-associated),Marine -(wild host-associated)
GCF_000707665,SAMN02741400,PRJNA245882,Vibrio crassostreae,45_O_313,Marine -(wild host-associated),Marine -(wild host-associated)
GCF_024747025,SAMN28495053,PRJNA772001,Vibrio alginolyticus,BII-8B,Marine -(wild host-associated),Marine -(wild host-associated)
GCF_000707265,SAMN02741401,PRJNA245882,Vibrio crassostreae,47_O_351,Marine -(wild host-associated),Marine -(wild host-associated)
GCF_000707345,SAMN02741402,PRJNA245882,Vibrio crassostreae,47_O_354,Marine -(wild host-associated),Marine -(wild host-associated)
GCF_024746995,SAMN28495055,PRJNA772001,Vibrio parahaemolyticus,BI-SI,Marine -(wild host-associated),Marine -(wild host-associated)
GCF_043660995,SAMN44286636,PRJNA1172962,Vibrio europaeus,L2,Marine -(wild host-associated),Marine -(wild host-associated)
GCF_048884765,SAMN39716322,PRJNA1071875,Vibrio owensii,V180403,Marine -(wild host-associated),Marine -(wild host-associated)
GCF_024748275,SAMN28495015,PRJNA772001,Vibrio parahaemolyticus,BI-4H,Marine -(wild host-associated),Marine -(wild host-associated)
GCF_056404075,SAMN56681729,PRJNA1441970,Vibrio coralliilyticus,Rb102,Marine -(wild host-associated),Marine -(wild host-associated)
GCF_024531075,SAMN15597506,PRJNA647777,Vibrio coralliilyticus,A4,Marine -(wild host-associated),Marine -(wild host-associated)
GCF_024531135,SAMN15597503,PRJNA647777,Vibrio mediterranei,C136,Marine -(wild host-associated),Marine -(wild host-associated)
GCF_027591805,SAMN32359055,PRJNA914848,Vibrio coralliilyticus,CN26H-1,Marine -(wild host-associated),Marine -(wild host-associated)
GCF_024748235,SAMN28495016,PRJNA772001,Vibrio parahaemolyticus,BI-6G,Marine -(wild host-associated),Marine -(wild host-associated)
GCF_024747095,SAMN28495047,PRJNA772001,Vibrio cholerae,GXFL1-4,Marine -(wild host-associated),Marine -(wild host-associated)
GCF_009653715,SAMN10266074,PRJNA497771,Vibrio harveyi,GAN1807,Marine -(wild host-associated),Marine -(wild host-associated)
GCF_036814015,SAMN15646517,PRJNA648699,Vibrio parahaemolyticus,LC,Marine -(wild host-associated),Marine -(wild host-associated)
GCF_002154055,SAMN06161405,PRJNA357868,Vibrio parahaemolyticus,CIBGEN003,Marine -(wild host-associated),Marine -(wild host-associated)
GCF_036873325,SAMN15646531,PRJNA648700,Vibrio fluvialis,A8,Marine -(wild host-associated),Marine -(wild host-associated)
GCF_048884565,SAMN39716324,PRJNA1071875,Vibrio owensii,DX190310,Marine -(wild host-associated),Marine -(wild host-associated)
GCF_009496475,SAMN12645948,PRJNA562617,Vibrio alginolyticus,INSAq252,Marine -(wild host-associated),Marine -(wild host-associated)
GCF_001913695,SAMN06143023,PRJNA357546,Vibrio parahaemolyticus,DX190406,Marine -(wild host-associated),Marine -(wild host-associated)
GCF_018458445,SAMN18298684,PRJNA714277,Vibrio alginolyticus,E110,Marine -(wild host-associated),Marine -(wild host-associated)
GCF_001048575,SAMEA2591298,PRJEB5885,Vibrio harveyi,160-19,Marine -(wild host-associated),Marine -(wild host-associated)
GCF_006373175,SAMN07338031,PRJNA393608,Vibrio harveyi,Gal 1,Marine -(wild host-associated),Marine -(wild host-associated)
GCF_028993815,SAMN33423629,PRJNA938035,Vibrio harveyi,N8T11,Marine -(wild host-associated),Marine -(wild host-associated)
GCF_022808555,SAMN26742818,PRJNA817032,Vibrio harveyi,SA 6.1,Marine -(wild host-associated),Marine -(wild host-associated)
GCF_024747815,SAMN28494979,PRJNA772001,Vibrio vulnificus,VV20-8B-2,Marine -(wild host-associated),Marine -(wild host-associated)
GCF_045445595,SAMN42940255,PRJNA1142238,Vibrio alginolyticus,GS_MYPK1,Marine -(wild host-associated),Marine -(wild host-associated)
GCF_055285315,SAMN55333177,PRJNA1423162,Vibrio parahaemolyticus,vp-HL-202006,Marine -(wild host-associated),Marine -(wild host-associated)
GCF_036873435,SAMN15654241,PRJNA648964,Vibrio harveyi,Kef 75,Marine -(wild host-associated),Marine -(wild host-associated)
GCF_055329825,SAMN55333169,PRJNA1423162,Vibrio parahaemolyticus,vp-HL-202008,Marine -(wild host-associated),Marine -(wild host-associated)
GCF_017917855,SAMN18238007,PRJNA712984,Vibrio diabolicus,EN17,Marine -(wild host-associated),Marine -(wild host-associated)
GCF_018440585,SAMN18238008,PRJNA712984,Vibrio diabolicus,EN18,Marine -(wild host-associated),Marine -(wild host-associated)
GCF_017917815,SAMN18238009,PRJNA712984,Vibrio diabolicus,SF14,Marine -(wild host-associated),Marine -(wild host-associated)
GCF_017917795,SAMN18238010,PRJNA712984,Vibrio diabolicus,SF41,Marine -(wild host-associated),Marine -(wild host-associated)
GCF_017917695,SAMN18238014,PRJNA712984,Vibrio diabolicus,SF42,Marine -(wild host-associated),Marine -(wild host-associated)
GCF_024747875,SAMN28495027,PRJNA772001,Vibrio parahaemolyticus,20-082A3,Marine -(wild host-associated),Marine -(wild host-associated)
GCF_056683095,SAMN56917196,PRJNA1447191,Vibrio alginolyticus,E18,Marine -(wild host-associated),Marine -(wild host-associated)
GCF_028447005,SAMN31656021,PRJNA899440,Vibrio parahaemolyticus,F1A,Marine -(wild host-associated),Marine -(wild host-associated)
GCF_001267655,SAMN03795181,PRJNA288141,Vibrio parahaemolyticus,F6F,Marine -(wild host-associated),Marine -(wild host-associated)
GCF_030464295,SAMN11877817,PRJNA545187,Vibrio vulnificus,CUVETSS2,Marine -(wild host-associated),Marine -(wild host-associated)
GCF_001700835,SAMN03325855,PRJNA274308,Vibrio furnissii,MT14,Marine -(wild host-associated),Marine -(wild host-associated)
GCF_024748115,SAMN28495035,PRJNA772001,Vibrio alginolyticus,ZJ-0,Marine -(wild host-associated),Marine -(wild host-associated)
GCF_028885585,SAMN33278197,PRJNA934715,Vibrio parahaemolyticus,DX210401,Marine -(wild host-associated),Marine -(wild host-associated)
GCF_013414405,SAMN10970911,PRJNA523111,Vibrio vulnificus,CUVETCC1,Marine -(wild host-associated),Marine -(wild host-associated)
GCF_030464165,SAMN11877822,PRJNA545187,Vibrio vulnificus,CUVETCC2,Marine -(wild host-associated),Marine -(wild host-associated)
GCF_030464285,SAMN11877818,PRJNA545187,Vibrio vulnificus,CUVETSS48,Marine -(wild host-associated),Marine -(wild host-associated)
GCF_028551295,SAMN32966975,PRJNA929593,Vibrio parahaemolyticus,Vp188,Marine -(wild host-associated),Marine -(wild host-associated)
GCF_001990125,SAMN03652808,PRJNA283572,Vibrio fluvialis,VQDM18,Marine -(wild host-associated),Marine -(wild host-associated)
GCF_055270005,SAMN53839609,PRJNA1378496,Vibrio parahaemolyticus,20-082E4,Marine -(wild host-associated),Marine -(wild host-associated)
GCF_006372185,SAMN07338071,PRJNA393608,Vibrio paracholerae,Vc306,Marine -(wild host-associated),Marine -(wild host-associated)
GCF_024747295,SAMN28495029,PRJNA772001,Vibrio alginolyticus,2-1,Marine -(wild host-associated),Marine -(wild host-associated)
GCF_020740915,SAMN16057386,PRJNA661408,Vibrio harveyi,SS 1,Marine -(wild host-associated),Marine -(wild host-associated)
GCF_028472865,SAMN20499206,PRJNA750876,Vibrio bathopelagicus,Vibrio batholpelagicus Pa22 clone 1,Marine -(wild host-associated),Marine -(wild host-associated)
GCF_028898625,SAMN33330963,PRJNA934715,Vibrio bathopelagicus,Vibrio batholpelagicus Pa22 clone 3,Marine -(wild host-associated),Marine -(wild host-associated)
GCF_028898705,SAMN33330972,PRJNA934715,Vibrio bathopelagicus,Vibrio batholpelagicus Pa22 clone 4,Marine -(wild host-associated),Marine -(wild host-associated)
GCF_006371015,SAMN07338131,PRJNA393608,Vibrio coralliilyticus,BH52,Marine -(wild host-associated),Marine -(wild host-associated)
GCF_013393865,SAMN11579496,PRJNA541191,Vibrio alginolyticus,Isc15A,Marine -(wild host-associated),Marine -(wild host-associated)
GCF_013393845,SAMN11579495,PRJNA541191,Vibrio alginolyticus,S10,Marine -(wild host-associated),Marine -(wild host-associated)
GCF_014274185,SAMN15829766,PRJNA657452,Vibrio parahaemolyticus,GL-601,Marine -(wild host-associated),Marine -(wild host-associated)
GCF_036873365,SAMN15646506,PRJNA648697,Vibrio parahaemolyticus,VP220218,Marine -(wild host-associated),Marine -(wild host-associated)
GCF_006371685,SAMN07338096,PRJNA393608,Vibrio campbellii,20220413_1,Marine -(wild host-associated),Marine -(wild host-associated)
GCF_006371455,SAMN07338113,PRJNA393608,Vibrio alginolyticus,20220413_2,Marine -(wild host-associated),Marine -(wild host-associated)
GCF_046246675,SAMN45842241,PRJNA1198387,Vibrio parahaemolyticus,4,Marine -(wild host-associated),Marine -(wild host-associated)
GCF_001048475,SAMEA2591293,PRJEB5879,Vibrio parahaemolyticus,B1-21,Marine -(wild host-associated),Marine -(wild host-associated)
GCF_001048515,SAMEA2591295,PRJEB5882,Vibrio parahaemolyticus,N2-5,Marine -(wild host-associated),Marine -(wild host-associated)
GCF_001048535,SAMEA2591296,PRJEB5883,Vibrio parahaemolyticus,L7-40,Marine -(wild host-associated),Marine -(wild host-associated)
GCF_946815425,SAMEA110132192,PRJEB53525,Vibrio alginolyticus,DNB22_14_1,Marine -(wild host-associated),Marine -(wild host-associated)
GCF_946812515,SAMEA110132193,PRJEB53525,Vibrio alginolyticus,DNB22_18_1,Marine -(wild host-associated),Marine -(wild host-associated)
GCF_027591885,SAMN32359187,PRJNA914856,Vibrio owensii,M250201,Marine -(wild host-associated),Marine -(wild host-associated)
GCF_043351855,SAMN16072615,PRJNA661987,Vibrio alginolyticus,SWS,Marine -(wild host-associated),Marine -(wild host-associated)
GCF_030464205,SAMN11877820,PRJNA545187,Vibrio diabolicus,T38GW1,Marine -(wild host-associated),Marine -(wild host-associated)
GCF_046246745,SAMN45842239,PRJNA1198387,Vibrio parahaemolyticus,14,Marine -(wild host-associated),Marine -(wild host-associated)
GCF_024747645,SAMN28494990,PRJNA772001,Vibrio cholerae,FJ22FZ0127VC,Marine -(wild host-associated),Marine -(wild host-associated)
GCF_041647835,SAMN37256235,PRJNA1012359,Vibrio parahaemolyticus,42,Marine -(wild host-associated),Marine -(wild host-associated)
GCF_001679745,SAMN05271497,PRJNA326213,Vibrio parahaemolyticus,43,Marine -(wild host-associated),Marine -(wild host-associated)
GCF_050507685,SAMN48484929,PRJNA1262943,Vibrio parahaemolyticus,17,Marine -(wild host-associated),Marine -(wild host-associated)
GCF_054113865,SAMN53906728,PRJNA1380381,Vibrio parahaemolyticus,35,Marine -(wild host-associated),Marine -(wild host-associated)
GCF_020740955,SAMN16057396,PRJNA661412,Vibrio fluvialis,SD21SC3889PM,Marine -(wild host-associated),Marine -(wild host-associated)
GCF_020741015,SAMN16057398,PRJNA661413,Vibrio fluvialis,SD22SC3889TM,Marine -(wild host-associated),Marine -(wild host-associated)
GCF_043351875,SAMN16072609,PRJNA661987,Vibrio parahaemolyticus,B10,Marine -(wild host-associated),Marine -(wild host-associated)
GCF_056404155,SAMN56681720,PRJNA1441970,Vibrio parahaemolyticus,B11,Marine -(wild host-associated),Marine -(wild host-associated)
GCF_056404055,SAMN56681722,PRJNA1441970,Vibrio parahaemolyticus,B12,Marine -(wild host-associated),Marine -(wild host-associated)
GCF_056404195,SAMN56681724,PRJNA1441970,Vibrio parahaemolyticus,B13,Marine -(wild host-associated),Marine -(wild host-associated)
GCF_056404095,SAMN56681730,PRJNA1441970,Vibrio alginolyticus,B14,Marine -(wild host-associated),Marine -(wild host-associated)
GCF_043351655,SAMN16072617,PRJNA661987,Vibrio alginolyticus,SSi062,Marine -(wild host-associated),Marine -(wild host-associated)
GCF_027921725,SAMN16072611,PRJNA661987,Vibrio parahaemolyticus,SSi068,Marine -(wild host-associated),Marine -(wild host-associated)
GCF_017161465,SAMN18035572,PRJNA704263,Vibrio parahaemolyticus,84,Marine -(wild host-associated),Marine -(wild host-associated)
GCF_036813985,SAMN15646532,PRJNA648701,Vibrio parahaemolyticus,107,Marine -(wild host-associated),Marine -(wild host-associated)
GCF_046246855,SAMN45842236,PRJNA1198387,Vibrio parahaemolyticus,148,Marine -(wild host-associated),Marine -(wild host-associated)
GCF_006382635,SAMN09742605,PRJNA483379,Vibrio parahaemolyticus,161,Marine -(wild host-associated),Marine -(wild host-associated)
GCF_036814205,SAMN15646604,PRJNA648721,Vibrio parahaemolyticus,154,Marine -(wild host-associated),Marine -(wild host-associated)
GCF_028446685,SAMN31656037,PRJNA899440,Vibrio parahaemolyticus,142,Marine -(wild host-associated),Marine -(wild host-associated)
GCF_049943535,SAMN47871297,PRJNA1248887,Vibrio parahaemolyticus,159,Marine -(wild host-associated),Marine -(wild host-associated)
GCF_002220935,SAMN06042542,PRJNA354199,Vibrio vulnificus,CCO1B-90,Marine -(wild host-associated),Marine -(wild host-associated)
GCF_018789735,SAMN19374473,PRJNA733312,Vibrio parahaemolyticus,197,Marine -(wild host-associated),Marine -(wild host-associated)
GCF_020740875,SAMN16057163,PRJNA661406,Vibrio parahaemolyticus,178,Marine -(wild host-associated),Marine -(wild host-associated)
GCF_020740925,SAMN16057388,PRJNA661410,Vibrio parahaemolyticus,196,Marine -(wild host-associated),Marine -(wild host-associated)
GCF_020740855,SAMN16057162,PRJNA661404,Vibrio parahaemolyticus,195,Marine -(wild host-associated),Marine -(wild host-associated)
GCF_048884385,SAMN39716331,PRJNA1071875,Vibrio parahaemolyticus,WH-V23,Marine -(wild host-associated),Marine -(wild host-associated)
GCF_018790325,SAMN19374468,PRJNA733312,Vibrio parahaemolyticus,202,Marine -(wild host-associated),Marine -(wild host-associated)
GCF_018789815,SAMN19374469,PRJNA733312,Vibrio parahaemolyticus,203,Marine -(wild host-associated),Marine -(wild host-associated)
GCF_018789775,SAMN19374470,PRJNA733312,Vibrio parahaemolyticus,204,Marine -(wild host-associated),Marine -(wild host-associated)
GCF_018789795,SAMN19374471,PRJNA733312,Vibrio parahaemolyticus,205,Marine -(wild host-associated),Marine -(wild host-associated)
GCF_018790505,SAMN19374459,PRJNA733312,Vibrio parahaemolyticus,206,Marine -(wild host-associated),Marine -(wild host-associated)
GCF_018789755,SAMN19374460,PRJNA733312,Vibrio parahaemolyticus,209,Marine -(wild host-associated),Marine -(wild host-associated)
GCF_018790445,SAMN19374461,PRJNA733312,Vibrio parahaemolyticus,218,Marine -(wild host-associated),Marine -(wild host-associated)
GCF_018790295,SAMN19374466,PRJNA733312,Vibrio parahaemolyticus,228,Marine -(wild host-associated),Marine -(wild host-associated)
GCF_018790285,SAMN19374467,PRJNA733312,Vibrio parahaemolyticus,229,Marine -(wild host-associated),Marine -(wild host-associated)
GCF_018790385,SAMN19374463,PRJNA733312,Vibrio parahaemolyticus,290,Marine -(wild host-associated),Marine -(wild host-associated)
GCF_020741095,SAMN16057424,PRJNA661422,Vibrio parahaemolyticus,207,Marine -(wild host-associated),Marine -(wild host-associated)
GCF_020741135,SAMN16057439,PRJNA661424,Vibrio parahaemolyticus,289,Marine -(wild host-associated),Marine -(wild host-associated)
GCF_001707995,SAMN05195240,PRJNA324112,Vibrio harveyi,LcV6,Marine -(wild host-associated),Marine -(wild host-associated)
GCF_037937605,SAMN40627811,PRJNA1087707,Vibrio metoecus,ZF102,Marine -(wild host-associated),Marine -(wild host-associated)
GCF_018790425,SAMN19374464,PRJNA733312,Vibrio fluvialis,GD23SC5419TM,Marine -(wild host-associated),Marine -(wild host-associated)
GCF_018789715,SAMN19374472,PRJNA733312,Vibrio fluvialis,GD23SC5424TM,Marine -(wild host-associated),Marine -(wild host-associated)
GCF_018790365,SAMN19374465,PRJNA733312,Vibrio fluvialis,GD23SC5425TM,Marine -(wild host-associated),Marine -(wild host-associated)
GCF_018790395,SAMN19374462,PRJNA733312,Vibrio fluvialis,GD23SC5426TM,Marine -(wild host-associated),Marine -(wild host-associated)
GCF_001636035,SAMN03457164,PRJNA280138,Vibrio fluvialis,GD23SC5429TM,Marine -(wild host-associated),Marine -(wild host-associated)
GCF_946814515,SAMEA110132196,PRJEB53525,Vibrio alginolyticus,DNB23_24_1,Marine -(wild host-associated),Marine -(wild host-associated)
GCF_946814395,SAMEA110132197,PRJEB53525,Vibrio owensii,DNB23_24_3,Marine -(wild host-associated),Marine -(wild host-associated)
GCF_056683155,SAMN56917248,PRJNA1447195,Vibrio campbellii,DX230701,Marine -(wild host-associated),Marine -(wild host-associated)
GCF_001273575,SAMN03799830,PRJNA288141,Vibrio parahaemolyticus,DX230702,Marine -(wild host-associated),Marine -(wild host-associated)
GCF_056682975,SAMN56917206,PRJNA1447191,Vibrio alginolyticus,BR53,Marine -(wild host-associated),Marine -(wild host-associated)
GCF_056407055,SAMN56681712,PRJNA1441970,Vibrio diabolicus,ZF102,Marine -(wild host-associated),Marine -(wild host-associated)
GCF_049817095,SAMN47871244,PRJNA1249621,Vibrio parahaemolyticus,HLV,Marine -(wild host-associated),Marine -(wild host-associated)
GCF_006372485,SAMN07338063,PRJNA393608,Vibrio parahaemolyticus,TS15,Marine -(wild host-associated),Marine -(wild host-associated)
GCF_029541605,SAMN33774569,PRJNA945193,Vibrio parahaemolyticus,VP9,Marine -(wild host-associated),Marine -(wild host-associated)
GCF_006372885,SAMN07338045,PRJNA393608,Vibrio parahaemolyticus,VP2,Marine -(wild host-associated),Marine -(wild host-associated)
GCF_006372775,SAMN07338050,PRJNA393608,Vibrio parahaemolyticus,VP7,Marine -(wild host-associated),Marine -(wild host-associated)
GCF_001718105,SAMN05578961,PRJNA325600,Vibrio alginolyticus,R10,Marine -(wild host-associated),Marine -(wild host-associated)
GCF_006373775,SAMN07338007,PRJNA393608,Vibrio parahaemolyticus,VP15,Marine -(wild host-associated),Marine -(wild host-associated)
GCF_027591915,SAMN32359188,PRJNA914857,Vibrio parahaemolyticus,VP18,Marine -(wild host-associated),Marine -(wild host-associated)
GCF_056683255,SAMN56917198,PRJNA1447191,Vibrio parahaemolyticus,VP19,Marine -(wild host-associated),Marine -(wild host-associated)
GCF_006372855,SAMN07338047,PRJNA393608,Vibrio parahaemolyticus,VP22,Marine -(wild host-associated),Marine -(wild host-associated)
GCF_047497145,SAMN19471644,PRJNA734112,Vibrio parahaemolyticus,VP23,Marine -(wild host-associated),Marine -(wild host-associated)
GCF_001267965,SAMN03795180,PRJNA288141,Vibrio parahaemolyticus,VP16,Marine -(wild host-associated),Marine -(wild host-associated)
GCF_001270205,SAMN03799837,PRJNA288141,Vibrio parahaemolyticus,VP49,Marine -(wild host-associated),Marine -(wild host-associated)
GCF_056683035,SAMN56917214,PRJNA1447191,Vibrio alginolyticus,R29,Marine -(wild host-associated),Marine -(wild host-associated)
GCF_056682755,SAMN56917242,PRJNA1447195,Vibrio alginolyticus,R30,Marine -(wild host-associated),Marine -(wild host-associated)
GCF_028898745,SAMN33330974,PRJNA934715,Vibrio parahaemolyticus,VP40,Marine -(wild host-associated),Marine -(wild host-associated)
GCF_006372795,SAMN07338048,PRJNA393608,Vibrio parahaemolyticus,VP33,Marine -(wild host-associated),Marine -(wild host-associated)
GCF_006372785,SAMN07338049,PRJNA393608,Vibrio parahaemolyticus,VP50,Marine -(wild host-associated),Marine -(wild host-associated)
GCF_024531295,SAMN15597497,PRJNA647777,Vibrio parahaemolyticus,VP46,Marine -(wild host-associated),Marine -(wild host-associated)
GCF_001267615,SAMN03795179,PRJNA288141,Vibrio parahaemolyticus,VP47,Marine -(wild host-associated),Marine -(wild host-associated)
GCF_027277625,SAMN32302155,PRJNA913614,Vibrio alginolyticus,R36,Marine -(wild host-associated),Marine -(wild host-associated)
GCF_024531215,SAMN15597501,PRJNA647777,Vibrio alginolyticus,R32,Marine -(wild host-associated),Marine -(wild host-associated)
GCF_024530895,SAMN15597508,PRJNA647777,Vibrio alginolyticus,R33,Marine -(wild host-associated),Marine -(wild host-associated)
GCF_026162605,SAMN30942188,PRJNA882514,Vibrio diabolicus,F1,Marine -(wild host-associated),Marine -(wild host-associated)
GCF_001857145,SAMN05590410,PRJNA339415,Vibrio alginolyticus,R37,Marine -(wild host-associated),Marine -(wild host-associated)
GCF_048884345,SAMN39716332,PRJNA1071875,Vibrio alginolyticus,R39,Marine -(wild host-associated),Marine -(wild host-associated)
GCF_006382625,SAMN09742603,PRJNA483379,Vibrio parahaemolyticus,TS-GE,Marine -(wild host-associated),Marine -(wild host-associated)
GCF_048884485,SAMN39716328,PRJNA1071875,Vibrio parahaemolyticus,SZ-V85,Marine -(wild host-associated),Marine -(wild host-associated)
GCF_024530955,SAMN15597511,PRJNA647777,Vibrio alginolyticus,R44,Marine -(wild host-associated),Marine -(wild host-associated)
GCF_055329885,SAMN55333165,PRJNA1423162,Vibrio parahaemolyticus,AG1,Marine -(wild host-associated),Marine -(wild host-associated)
GCF_048884525,SAMN39716327,PRJNA1071875,Vibrio fluvialis,SZ-V277,Marine -(wild host-associated),Marine -(wild host-associated)
GCF_024747235,SAMN28495033,PRJNA772001,Vibrio diabolicus,BA6_11,Marine -(wild host-associated),Marine -(wild host-associated)
GCF_026162545,SAMN30942182,PRJNA882513,Vibrio cholerae,SU109,Marine -(wild host-associated),Marine -(wild host-associated)
GCF_036677125,SAMN32610147,PRJNA918868,Vibrio cholerae,S15G02,Marine -(wild host-associated),Marine -(wild host-associated)
GCF_052878695,SAMN47931905,PRJNA1250144,Vibrio parahaemolyticus,GISVK2,Marine -(wild host-associated),Marine -(wild host-associated)
GCF_048884585,SAMN39716325,PRJNA1071875,Vibrio parahaemolyticus,GISV1-1,Marine -(wild host-associated),Marine -(wild host-associated)
GCF_017918095,SAMN18237996,PRJNA712984,Vibrio crassostreae,J5-4,Marine -(wild host-associated),Marine -(wild host-associated)
GCF_017918065,SAMN18237997,PRJNA712984,Vibrio crassostreae,J5-5,Marine -(wild host-associated),Marine -(wild host-associated)
GCF_017917955,SAMN18237998,PRJNA712984,Vibrio crassostreae,J5-15,Marine -(wild host-associated),Marine -(wild host-associated)
GCF_017917925,SAMN18238002,PRJNA712984,Vibrio crassostreae,J5-20,Marine -(wild host-associated),Marine -(wild host-associated)
GCF_017917885,SAMN18238003,PRJNA712984,Vibrio crassostreae,LGP7,Marine -(wild host-associated),Marine -(wild host-associated)
GCF_017917915,SAMN18238004,PRJNA712984,Vibrio crassostreae,LGP8,Marine -(wild host-associated),Marine -(wild host-associated)
GCF_017917875,SAMN18238005,PRJNA712984,Vibrio crassostreae,LGP107,Marine -(wild host-associated),Marine -(wild host-associated)
GCF_017917835,SAMN18238006,PRJNA712984,Vibrio coralliirubri,J2-29,Marine -(wild host-associated),Marine -(wild host-associated)
GCF_000967485,SAMN03323919,PRJNA242743,Vibrio orientalis,ATCC 33934,Marine -(wild host-associated),Marine -(wild host-associated)
GCF_043352435,SAMN16072595,PRJNA661987,Vibrio harveyi,FDAARGOS_107,Marine -(wild host-associated),Marine -(wild host-associated)
GCF_056682915,SAMN56917210,PRJNA1447191,Vibrio parahaemolyticus,RZM-01,Marine -(wild host-associated),Marine -(wild host-associated)
GCF_030464195,SAMN11877821,PRJNA545187,Vibrio alginolyticus,G21615-S1,Marine -(wild host-associated),Marine -(wild host-associated)
GCF_001584265,SAMN04523674,PRJNA313133,Vibrio cyclitrophicus,PY.sp001,Marine -(wild host-associated),Marine -(wild host-associated)
GCF_039992155,SAMN34128358,PRJNA953322,Vibrio vulnificus,CICESE-345,Marine -(wild host-associated),Marine -(wild host-associated)
GCF_002211505,SAMN07236662,PRJNA390489,Vibrio vulnificus,CICESE-346,Marine -(wild host-associated),Marine -(wild host-associated)
GCF_002813835,SAMN07568193,PRJNA400460,Vibrio vulnificus,CICESE-349,Marine -(wild host-associated),Marine -(wild host-associated)
GCF_002813795,SAMN07568194,PRJNA400461,Vibrio vulnificus,CICESE-357,Marine -(wild host-associated),Marine -(wild host-associated)
GCF_002813815,SAMN07571505,PRJNA400584,Vibrio vulnificus,CICESE-359,Marine -(wild host-associated),Marine -(wild host-associated)
GCF_017916995,SAMN18238056,PRJNA712984,Vibrio vulnificus,FORC_037,Marine -(wild host-associated),Marine -(wild host-associated)
GCF_024747945,SAMN28495028,PRJNA772001,Vibrio parahaemolyticus,FORC_018,Marine -(wild host-associated),Marine -(wild host-associated)
GCF_024747245,SAMN28495038,PRJNA772001,Vibrio alginolyticus,FDAARGOS_114,Marine -(wild host-associated),Marine -(wild host-associated)
GCF_017916965,SAMN18238058,PRJNA712984,Vibrio parahaemolyticus,HS-13-1_1,Marine -(wild host-associated),Marine -(wild host-associated)
GCF_040446065,SAMN40198115,PRJNA1082035,Vibrio navarrensis,VN-0392,Wild host-associated (other),Wild host-associated (other)
GCF_040539245,SAMN42149898,PRJNA1129306,Vibrio navarrensis,VN-0508,Wild host-associated (other),Wild host-associated (other)
GCF_041475595,SAMN42622379,PRJNA1137572,Vibrio navarrensis,VN-0506,Wild host-associated (other),Wild host-associated (other)
GCF_040719155,SAMN42149892,PRJNA1129306,Vibrio navarrensis,VN-0509,Wild host-associated (other),Wild host-associated (other)
GCF_053348595,SAMN52650544,PRJNA1260419,Vibrio navarrensis,VN-0414,Wild host-associated (other),Wild host-associated (other)
GCF_039615275,SAMN41189539,PRJNA1107574,Vibrio harveyi,V425,Wild host-associated (other),Wild host-associated (other)
GCF_002863725,SAMN06184571,PRJNA358754,Vibrio harveyi,V427,Wild host-associated (other),Wild host-associated (other)
GCF_036281765,SAMN39525491,PRJNA1067388,Vibrio harveyi,V414,Wild host-associated (other),Wild host-associated (other)
GCF_039615255,SAMN41189537,PRJNA1107574,Vibrio harveyi,V417,Wild host-associated (other),Wild host-associated (other)
GCF_053283455,SAMN08622982,PRJNA436333,Vibrio cholerae,CH415,Wild host-associated (other),Wild host-associated (other)
GCF_053283405,SAMN08622871,PRJNA436241,Vibrio cholerae,16-VB00145,Wild host-associated (other),Wild host-associated (other)
GCF_019093005,SAMN18673071,PRJNA720630,Vibrio cholerae,C16.2.29,Wild host-associated (other),Wild host-associated (other)
GCF_014281135,SAMN15818768,PRJNA657178,Vibrio cholerae,C16-2-29,Wild host-associated (other),Wild host-associated (other)
GCF_019093095,SAMN18673062,PRJNA720630,Vibrio cholerae,C5G.R,Wild host-associated (other),Wild host-associated (other)
GCF_019093085,SAMN18673066,PRJNA720630,Vibrio cholerae,C8C.2,Wild host-associated (other),Wild host-associated (other)
GCF_008369865,SAMN12670120,PRJNA563188,Vibrio cholerae,V917-19,Wild host-associated (other),Wild host-associated (other)
GCF_008369465,SAMN12670121,PRJNA563189,Vibrio cholerae,V918-19,Wild host-associated (other),Wild host-associated (other)
GCF_008369525,SAMN12670122,PRJNA563190,Vibrio cholerae,V919-19,Wild host-associated (other),Wild host-associated (other)
GCF_008369565,SAMN12670123,PRJNA563191,Vibrio cholerae,V920-19,Wild host-associated (other),Wild host-associated (other)
GCF_008369875,SAMN12670124,PRJNA563192,Vibrio cholerae,V921-19,Wild host-associated (other),Wild host-associated (other)
GCF_008369585,SAMN12670125,PRJNA563193,Vibrio cholerae,V922-19,Wild host-associated (other),Wild host-associated (other)
GCF_008369485,SAMN12670126,PRJNA563194,Vibrio cholerae,V923-19,Wild host-associated (other),Wild host-associated (other)
GCF_008369505,SAMN12670133,PRJNA563195,Vibrio cholerae,V924-19,Wild host-associated (other),Wild host-associated (other)
GCF_028615285,SAMN32400388,PRJNA915725,Vibrio parahaemolyticus,SH2-1,Wild host-associated (other),Wild host-associated (other)
GCF_028615255,SAMN32400390,PRJNA915726,Vibrio parahaemolyticus,SH2-2,Wild host-associated (other),Wild host-associated (other)
GCF_028615275,SAMN32400396,PRJNA915728,Vibrio parahaemolyticus,SH4-3,Wild host-associated (other),Wild host-associated (other)
GCF_028615475,SAMN32405628,PRJNA915741,Vibrio parahaemolyticus,SH14-1,Wild host-associated (other),Wild host-associated (other)
GCF_028615555,SAMN32406206,PRJNA915762,Vibrio parahaemolyticus,SH15-1,Wild host-associated (other),Wild host-associated (other)
GCF_028615615,SAMN32406209,PRJNA915764,Vibrio parahaemolyticus,SH16-1,Wild host-associated (other),Wild host-associated (other)
GCF_028615575,SAMN32406210,PRJNA915765,Vibrio parahaemolyticus,SH16-2,Wild host-associated (other),Wild host-associated (other)
GCF_028615605,SAMN32406211,PRJNA915766,Vibrio parahaemolyticus,1-1,Wild host-associated (other),Wild host-associated (other)
GCF_028615095,SAMN32400338,PRJNA916702,Vibrio parahaemolyticus,FT2-1,Wild host-associated (other),Wild host-associated (other)
GCF_028615695,SAMN32406230,PRJNA915771,Vibrio parahaemolyticus,3-2,Wild host-associated (other),Wild host-associated (other)
GCF_028615705,SAMN32406232,PRJNA915773,Vibrio parahaemolyticus,4-1,Wild host-associated (other),Wild host-associated (other)
GCF_028615735,SAMN32406234,PRJNA915774,Vibrio parahaemolyticus,4-2,Wild host-associated (other),Wild host-associated (other)
GCF_028615755,SAMN32406236,PRJNA915775,Vibrio parahaemolyticus,5-1,Wild host-associated (other),Wild host-associated (other)
GCF_028615775,SAMN32406237,PRJNA915776,Vibrio parahaemolyticus,5-2,Wild host-associated (other),Wild host-associated (other)
GCF_028615855,SAMN32406394,PRJNA915786,Vibrio parahaemolyticus,7-1,Wild host-associated (other),Wild host-associated (other)
GCF_028615835,SAMN32406563,PRJNA915787,Vibrio parahaemolyticus,7-2,Wild host-associated (other),Wild host-associated (other)
GCF_028615875,SAMN32406564,PRJNA915789,Vibrio parahaemolyticus,8-1,Wild host-associated (other),Wild host-associated (other)
GCF_028615885,SAMN32406590,PRJNA915793,Vibrio parahaemolyticus,8-2,Wild host-associated (other),Wild host-associated (other)
GCF_028615905,SAMN32406675,PRJNA915794,Vibrio parahaemolyticus,9-1,Wild host-associated (other),Wild host-associated (other)
GCF_028615935,SAMN32406713,PRJNA915795,Vibrio parahaemolyticus,9-2,Wild host-associated (other),Wild host-associated (other)
GCF_028616015,SAMN32406741,PRJNA915799,Vibrio parahaemolyticus,11-2,Wild host-associated (other),Wild host-associated (other)
GCF_028616055,SAMN32406744,PRJNA915803,Vibrio parahaemolyticus,13-1,Wild host-associated (other),Wild host-associated (other)
GCF_028616115,SAMN32406747,PRJNA915806,Vibrio parahaemolyticus,14-1,Wild host-associated (other),Wild host-associated (other)
GCF_028616105,SAMN32406750,PRJNA915808,Vibrio parahaemolyticus,14-2,Wild host-associated (other),Wild host-associated (other)
GCF_028616145,SAMN32407239,PRJNA915816,Vibrio parahaemolyticus,15-2,Wild host-associated (other),Wild host-associated (other)
GCF_028616175,SAMN32407258,PRJNA915817,Vibrio parahaemolyticus,16-1,Wild host-associated (other),Wild host-associated (other)
GCF_028616335,SAMN32407397,PRJNA915824,Vibrio parahaemolyticus,18-1,Wild host-associated (other),Wild host-associated (other)
GCF_028616205,SAMN32407399,PRJNA915826,Vibrio parahaemolyticus,20-1,Wild host-associated (other),Wild host-associated (other)
GCF_028617135,SAMN32407400,PRJNA915827,Vibrio parahaemolyticus,20-2,Wild host-associated (other),Wild host-associated (other)
GCF_028616245,SAMN32407401,PRJNA915828,Vibrio parahaemolyticus,21-1,Wild host-associated (other),Wild host-associated (other)
GCF_028616275,SAMN32407413,PRJNA915832,Vibrio parahaemolyticus,23-2,Wild host-associated (other),Wild host-associated (other)
GCF_028617235,SAMN32407524,PRJNA915836,Vibrio parahaemolyticus,25-2,Wild host-associated (other),Wild host-associated (other)
GCF_028617255,SAMN32407525,PRJNA915837,Vibrio parahaemolyticus,26-1,Wild host-associated (other),Wild host-associated (other)
GCF_028617285,SAMN32407538,PRJNA915840,Vibrio parahaemolyticus,26-2,Wild host-associated (other),Wild host-associated (other)
GCF_028617275,SAMN32407539,PRJNA915841,Vibrio parahaemolyticus,27-1,Wild host-associated (other),Wild host-associated (other)
GCF_028617355,SAMN32407602,PRJNA915846,Vibrio parahaemolyticus,28-2,Wild host-associated (other),Wild host-associated (other)
GCF_028617405,SAMN32407619,PRJNA915848,Vibrio parahaemolyticus,29-2,Wild host-associated (other),Wild host-associated (other)
GCF_028617415,SAMN32407620,PRJNA915849,Vibrio parahaemolyticus,31-1,Wild host-associated (other),Wild host-associated (other)
GCF_028617455,SAMN32407628,PRJNA915856,Vibrio parahaemolyticus,32-1,Wild host-associated (other),Wild host-associated (other)
GCF_028617475,SAMN32407635,PRJNA915857,Vibrio parahaemolyticus,32-2,Wild host-associated (other),Wild host-associated (other)
GCF_028617515,SAMN32407636,PRJNA915858,Vibrio parahaemolyticus,33-1,Wild host-associated (other),Wild host-associated (other)
GCF_028617525,SAMN32407637,PRJNA915859,Vibrio parahaemolyticus,33-2,Wild host-associated (other),Wild host-associated (other)
GCF_028617635,SAMN32407667,PRJNA915916,Vibrio parahaemolyticus,36-2,Wild host-associated (other),Wild host-associated (other)
GCF_028617695,SAMN32407669,PRJNA915917,Vibrio parahaemolyticus,37-1,Wild host-associated (other),Wild host-associated (other)
GCF_028617655,SAMN32407788,PRJNA915923,Vibrio parahaemolyticus,38-2,Wild host-associated (other),Wild host-associated (other)
GCF_028617705,SAMN32407808,PRJNA915925,Vibrio parahaemolyticus,39-1,Wild host-associated (other),Wild host-associated (other)
GCF_028617755,SAMN32407809,PRJNA915926,Vibrio parahaemolyticus,40-1,Wild host-associated (other),Wild host-associated (other)
GCF_028617795,SAMN32407812,PRJNA915930,Vibrio parahaemolyticus,41-1,Wild host-associated (other),Wild host-associated (other)
GCF_028617815,SAMN32407970,PRJNA915933,Vibrio parahaemolyticus,42-1,Wild host-associated (other),Wild host-associated (other)
GCF_028617945,SAMN32411241,PRJNA915995,Vibrio parahaemolyticus,L2-1,Wild host-associated (other),Wild host-associated (other)
GCF_028618045,SAMN32411279,PRJNA916001,Vibrio parahaemolyticus,L15-1,Wild host-associated (other),Wild host-associated (other)
GCF_028618015,SAMN32411281,PRJNA916003,Vibrio parahaemolyticus,L20-1,Wild host-associated (other),Wild host-associated (other)
GCF_028618035,SAMN32411283,PRJNA916006,Vibrio parahaemolyticus,L21-1,Wild host-associated (other),Wild host-associated (other)
GCF_028618135,SAMN32411288,PRJNA916050,Vibrio parahaemolyticus,L26-1,Wild host-associated (other),Wild host-associated (other)
GCF_028618235,SAMN32411316,PRJNA916063,Vibrio parahaemolyticus,Z8-1,Wild host-associated (other),Wild host-associated (other)
GCF_028618265,SAMN32411345,PRJNA916070,Vibrio parahaemolyticus,Z11-2,Wild host-associated (other),Wild host-associated (other)
GCF_028616285,SAMN32407508,PRJNA916703,Vibrio parahaemolyticus,24-2,Wild host-associated (other),Wild host-associated (other)
GCF_028617495,SAMN32407638,PRJNA916705,Vibrio parahaemolyticus,34-1,Wild host-associated (other),Wild host-associated (other)
GCF_002880535,SAMN08329240,PRJNA429067,Vibrio parahaemolyticus,1-1,Wild host-associated (other),Wild host-associated (other)
GCF_038448525,SAMN40962463,PRJNA1099967,Vibrio cholerae,VB-27,Wild host-associated (other),Wild host-associated (other)
GCF_000021625,SAMN02603898,PRJNA32853,Vibrio cholerae,NCTC5395,Unknown/Unspecified,Unknown/Unspecified
GCF_000174295,SAMN02393808,PRJNA33551,Vibrio cholerae,NCTC9420,Unknown/Unspecified,Unknown/Unspecified
GCF_001887435,SAMN04256434,PRJNA301765,Vibrio cholerae,C5,Unknown/Unspecified,Unknown/Unspecified
GCF_052957535,SAMN50800680,PRJNA1306991,Vibrio cholerae,M803,Unknown/Unspecified,Unknown/Unspecified
GCF_001887615,SAMN04256438,PRJNA301765,Vibrio cholerae,E9120,Unknown/Unspecified,Unknown/Unspecified
GCF_001887475,SAMN04256436,PRJNA301765,Vibrio cholerae,E1162,Unknown/Unspecified,Unknown/Unspecified
GCF_052957515,SAMN50800681,PRJNA1306991,Vibrio cholerae,M804,Unknown/Unspecified,Unknown/Unspecified
GCF_001887495,SAMN04256439,PRJNA301765,Vibrio cholerae,CRC1106,Unknown/Unspecified,Unknown/Unspecified
GCF_024748495,SAMN28494992,PRJNA772001,Vibrio cholerae,VC716,Unknown/Unspecified,Unknown/Unspecified
GCF_052957475,SAMN50800683,PRJNA1306991,Vibrio cholerae,M805,Unknown/Unspecified,Unknown/Unspecified
GCF_052957655,SAMN50800674,PRJNA1306991,Vibrio cholerae,CRC1106,Unknown/Unspecified,Unknown/Unspecified
GCF_001887415,SAMN04256440,PRJNA301765,Vibrio cholerae,CRC711,Unknown/Unspecified,Unknown/Unspecified
GCF_052957555,SAMN50800679,PRJNA1306991,Vibrio cholerae,M686,Unknown/Unspecified,Unknown/Unspecified
GCF_052957455,SAMN50800684,PRJNA1306991,Vibrio cholerae,M807,Unknown/Unspecified,Unknown/Unspecified
GCF_052957295,SAMN50800692,PRJNA1306991,Vibrio cholerae,M808,Unknown/Unspecified,Unknown/Unspecified
GCF_052957335,SAMN50800690,PRJNA1306991,Vibrio cholerae,M810,Unknown/Unspecified,Unknown/Unspecified
GCF_052957355,SAMN50800689,PRJNA1306991,Vibrio cholerae,M809,Unknown/Unspecified,Unknown/Unspecified
GCF_052957235,SAMN50800695,PRJNA1306991,Vibrio cholerae,M812,Unknown/Unspecified,Unknown/Unspecified
GCF_001887055,SAMN04285689,PRJNA303095,Vibrio cholerae,M814,Unknown/Unspecified,Unknown/Unspecified
GCF_001989755,SAMN03178171,PRJNA267172,Vibrio cholerae,M813,Unknown/Unspecified,Unknown/Unspecified
GCF_029203225,SAMN33548586,PRJNA939921,Vibrio cholerae,M815,Unknown/Unspecified,Unknown/Unspecified
GCF_001887655,SAMN04256431,PRJNA301765,Vibrio cholerae,E1320,Unknown/Unspecified,Unknown/Unspecified
GCF_001887515,SAMN04256437,PRJNA301765,Vibrio cholerae,E506,Unknown/Unspecified,Unknown/Unspecified
GCF_052037675,SAMN50434722,PRJNA1301082,Vibrio cholerae,M819,Unknown/Unspecified,Unknown/Unspecified
GCF_041466915,SAMN41920687,PRJNA328102,Vibrio cholerae,M820,Unknown/Unspecified,Unknown/Unspecified
GCF_052957575,SAMN50800678,PRJNA1306991,Vibrio cholerae,M646,Unknown/Unspecified,Unknown/Unspecified
GCF_052957315,SAMN50800691,PRJNA1306991,Vibrio cholerae,M714,Unknown/Unspecified,Unknown/Unspecified
GCF_021395035,SAMN24593212,PRJNA791457,Vibrio fluvialis,JCM3733,Unknown/Unspecified,Unknown/Unspecified
GCF_021394355,SAMN24593214,PRJNA791457,Vibrio fluvialis,JCM3734,Unknown/Unspecified,Unknown/Unspecified
GCF_021394795,SAMN24593215,PRJNA791457,Vibrio fluvialis,JCM3735,Unknown/Unspecified,Unknown/Unspecified
GCF_021394325,SAMN24593216,PRJNA791457,Vibrio fluvialis,JCM3737,Unknown/Unspecified,Unknown/Unspecified
GCF_021394375,SAMN24593217,PRJNA791457,Vibrio fluvialis,JCM3738,Unknown/Unspecified,Unknown/Unspecified
GCF_021394315,SAMN24593218,PRJNA791457,Vibrio fluvialis,JCM3739,Unknown/Unspecified,Unknown/Unspecified
GCF_021394955,SAMN24593223,PRJNA791457,Vibrio fluvialis,JCM3740,Unknown/Unspecified,Unknown/Unspecified
GCF_021394925,SAMN24593227,PRJNA791457,Vibrio fluvialis,JCM3741,Unknown/Unspecified,Unknown/Unspecified
GCF_037746055,SAMN40298401,PRJNA607328,Vibrio fluvialis,JCM3746,Unknown/Unspecified,Unknown/Unspecified
GCF_009763545,SAMN12648286,PRJNA266293,Vibrio fluvialis,JCM3750,Unknown/Unspecified,Unknown/Unspecified
GCF_024748515,SAMN28494991,PRJNA772001,Vibrio cholerae,VC688,Unknown/Unspecified,Unknown/Unspecified
GCF_003751095,SAMN10362337,PRJNA500051,Vibrio cholerae,C6706,Unknown/Unspecified,Unknown/Unspecified
GCF_004345225,SAMN10362292,PRJNA500047,Vibrio cholerae,M8,Unknown/Unspecified,Unknown/Unspecified
GCF_004342545,SAMN10362286,PRJNA500034,Vibrio cholerae,M10,Unknown/Unspecified,Unknown/Unspecified
GCF_004346295,SAMN10362287,PRJNA500036,Vibrio cholerae,M11,Unknown/Unspecified,Unknown/Unspecified
GCF_004346625,SAMN10362072,PRJNA500043,Vibrio cholerae,M5,Unknown/Unspecified,Unknown/Unspecified
GCF_004340345,SAMN10362073,PRJNA500045,Vibrio cholerae,M6,Unknown/Unspecified,Unknown/Unspecified
GCF_004342205,SAMN10362288,PRJNA500037,Vibrio cholerae,M13,Unknown/Unspecified,Unknown/Unspecified
GCF_004343425,SAMN10362068,PRJNA500038,Vibrio cholerae,M18,Unknown/Unspecified,Unknown/Unspecified
GCF_004342565,SAMN10362069,PRJNA500039,Vibrio cholerae,M19,Unknown/Unspecified,Unknown/Unspecified
GCF_004346345,SAMN10362071,PRJNA500041,Vibrio cholerae,M20,Unknown/Unspecified,Unknown/Unspecified
GCF_003751145,SAMN10362184,PRJNA500053,Vibrio parahaemolyticus,CFSAN001597,Unknown/Unspecified,Unknown/Unspecified
GCF_050017555,SAMN47436111,PRJNA1237754,Vibrio parahaemolyticus,CFSAN001598,Unknown/Unspecified,Unknown/Unspecified
GCF_963877995,SAMEA115017710,PRJEB71012,Vibrio paracholerae,,Unknown/Unspecified,Unknown/Unspecified
GCF_050017495,SAMN47436114,PRJNA1237754,Vibrio parahaemolyticus,CFSAN018774,Unknown/Unspecified,Unknown/Unspecified
GCF_001887455,SAMN04256433,PRJNA301765,Vibrio parahaemolyticus,S448-16,Unknown/Unspecified,Unknown/Unspecified
GCF_014925575,SAMN06013686,PRJNA353295,Vibrio parahaemolyticus,CFSAN022330,Unknown/Unspecified,Unknown/Unspecified
GCF_014925545,SAMN06013685,PRJNA353296,Vibrio parahaemolyticus,CFSAN022331,Unknown/Unspecified,Unknown/Unspecified
GCF_014925465,SAMN06013690,PRJNA353298,Vibrio parahaemolyticus,CFSAN022332,Unknown/Unspecified,Unknown/Unspecified
GCF_014925475,SAMN06013688,PRJNA353300,Vibrio parahaemolyticus,CFSAN022334,Unknown/Unspecified,Unknown/Unspecified
GCF_014925455,SAMN06013691,PRJNA353302,Vibrio parahaemolyticus,CFSAN022335,Unknown/Unspecified,Unknown/Unspecified
GCF_000009745,SAMD00061075,PRJNA1430,Vibrio parahaemolyticus,CFSAN022336,Unknown/Unspecified,Unknown/Unspecified
GCF_050017335,SAMN47436122,PRJNA1237754,Vibrio parahaemolyticus,CFSAN018775,Unknown/Unspecified,Unknown/Unspecified
GCF_050017315,SAMN47436124,PRJNA1237754,Vibrio parahaemolyticus,CFSAN018777,Unknown/Unspecified,Unknown/Unspecified
GCF_024347455,SAMD00428691,PRJDB12639,Vibrio cholerae,V130003,Unknown/Unspecified,Unknown/Unspecified
GCF_900460285,SAMEA4384071,PRJEB6403,Vibrio parahaemolyticus,,Unknown/Unspecified,Unknown/Unspecified
GCF_037996025,SAMN40207228,PRJNA1082690,Vibrio parahaemolyticus,,Unknown/Unspecified,Unknown/Unspecified
GCF_948193345,SAMEA112324415,PRJEB39490,Vibrio parahaemolyticus,,Unknown/Unspecified,Unknown/Unspecified
GCF_963897325,SAMEA115018757,PRJEB71012,Vibrio paracholerae,,Unknown/Unspecified,Unknown/Unspecified
GCF_902810005,SAMEA4673371,PRJEB35844,Vibrio cholerae,4772STDY6940920,Unknown/Unspecified,Unknown/Unspecified
GCF_948193265,SAMEA112324418,PRJEB39490,Vibrio cholerae,4772STDY6941072,Unknown/Unspecified,Unknown/Unspecified
GCF_948193285,SAMEA112324416,PRJEB39490,Vibrio cholerae,4772STDY6941189,Unknown/Unspecified,Unknown/Unspecified
GCF_025258945,SAMN13878425,PRJNA812595,Vibrio cholerae,IEC224,Unknown/Unspecified,Unknown/Unspecified
GCF_000621645,SAMN02744003,PRJNA223104,Vibrio cholerae,1587,Unknown/Unspecified,Unknown/Unspecified
GCF_037995985,SAMN40207229,PRJNA1082690,Vibrio alginolyticus,NCTC12160,Unknown/Unspecified,Unknown/Unspecified
GCF_963861235,SAMEA115015359,PRJEB71012,Vibrio parahaemolyticus,NCTC10884,Unknown/Unspecified,Unknown/Unspecified
GCF_977925815,SAMEA120785979,PRJEB104936,Vibrio anguillarum,,Unknown/Unspecified,Unknown/Unspecified
GCF_902810025,SAMEA4673118,PRJEB35844,Vibrio anguillarum,,Unknown/Unspecified,Unknown/Unspecified
GCF_902809915,SAMEA4673264,PRJEB35844,Vibrio anguillarum,,Unknown/Unspecified,Unknown/Unspecified
GCF_977925775,SAMEA120785993,PRJEB104936,Vibrio anguillarum,,Unknown/Unspecified,Unknown/Unspecified
GCF_977925785,SAMEA120785982,PRJEB104936,Vibrio anguillarum,,Unknown/Unspecified,Unknown/Unspecified
GCF_000017705,SAMN02603960,PRJNA19857,Vibrio cholerae,A1552,Unknown/Unspecified,Unknown/Unspecified
GCF_003311905,SAMN09261050,PRJNA266293,Vibrio mimicus,06-2455,Unknown/Unspecified,Unknown/Unspecified
GCF_004345545,SAMN10362061,PRJNA500025,Vibrio lentus,10N.222.49.B8,Unknown/Unspecified,Unknown/Unspecified
GCF_020806125,SAMN22346956,PRJNA328102,Vibrio tasmaniensis,10N.247.310.33,Unknown/Unspecified,Unknown/Unspecified
GCF_004342955,SAMN10362060,PRJNA500024,Vibrio tasmaniensis,10N.247.311.21,Unknown/Unspecified,Unknown/Unspecified
GCF_001267635,SAMN03795187,PRJNA288141,Vibrio alginolyticus,2010V-1102,Unknown/Unspecified,Unknown/Unspecified
GCF_004342305,SAMN10362062,PRJNA500026,Vibrio lentus,10N.261.51.C7,Unknown/Unspecified,Unknown/Unspecified
GCF_004341905,SAMN10362283,PRJNA500027,Vibrio cyclitrophicus,10N.286.55.B10,Unknown/Unspecified,Unknown/Unspecified
GCF_003814845,SAMN10362293,PRJNA500056,Vibrio cyclitrophicus,10N.286.55.B8,Unknown/Unspecified,Unknown/Unspecified
GCF_022352305,SAMN25962176,PRJNA807122,Vibrio fluvialis,PV8,Unknown/Unspecified,Unknown/Unspecified
GCF_001887395,SAMN04256432,PRJNA301765,Vibrio parahaemolyticus,2012AW-0224,Unknown/Unspecified,Unknown/Unspecified
GCF_012274885,SAMN12648299,PRJNA266293,Vibrio furnissii,2014AW-0008,Unknown/Unspecified,Unknown/Unspecified
GCF_009764215,SAMN13500477,PRJNA266293,Vibrio navarrensis,2014V-1106,Unknown/Unspecified,Unknown/Unspecified
GCF_009763945,SAMN12648315,PRJNA266293,Vibrio alginolyticus,2015AW-0011,Unknown/Unspecified,Unknown/Unspecified
GCF_024747535,SAMN28494997,PRJNA772001,Vibrio vulnificus,CMCP6,Unknown/Unspecified,Unknown/Unspecified
GCF_022869905,SAMN14078808,PRJNA605254,Vibrio cholerae,O395,Unknown/Unspecified,Unknown/Unspecified
GCF_008084745,SAMN12057812,PRJNA548872,Vibrio parahaemolyticus,FORC_072,Unknown/Unspecified,Unknown/Unspecified
GCF_000354175,SAMN02603463,PRJNA184046,Vibrio cholerae,vm1,Unknown/Unspecified,Unknown/Unspecified
GCF_029525655,SAMN26102238,PRJNA808746,Vibrio parahaemolyticus,469,Unknown/Unspecified,Unknown/Unspecified
GCF_046438495,SAMN38476523,PRJNA1035537,Vibrio cholerae,IRLE0050,Unknown/Unspecified,Unknown/Unspecified
GCF_046437605,SAMN38476532,PRJNA1035537,Vibrio cholerae,IRLE0074,Unknown/Unspecified,Unknown/Unspecified
GCF_046437305,SAMN38476534,PRJNA1035537,Vibrio cholerae,IRLE0076,Unknown/Unspecified,Unknown/Unspecified
GCF_006382925,SAMN09742602,PRJNA483379,Vibrio vulnificus,OH0003,Unknown/Unspecified,Unknown/Unspecified
GCF_024495675,SAMN29637727,PRJNA857825,Vibrio vulnificus,OH0004,Unknown/Unspecified,Unknown/Unspecified
GCF_024495625,SAMN29637730,PRJNA857825,Vibrio vulnificus,OH0023,Unknown/Unspecified,Unknown/Unspecified
GCF_046437075,SAMN38476536,PRJNA1035537,Vibrio cholerae,IRLE0122,Unknown/Unspecified,Unknown/Unspecified
GCF_046436555,SAMN38476540,PRJNA1035537,Vibrio cholerae,IRLE0140,Unknown/Unspecified,Unknown/Unspecified
GCF_002953975,SAMN03996330,PRJNA231221,Vibrio vulnificus,IRLE0057,Unknown/Unspecified,Unknown/Unspecified
GCF_046436515,SAMN38476543,PRJNA1035537,Vibrio cholerae,IRLE0173,Unknown/Unspecified,Unknown/Unspecified
GCF_023169825,SAMD00323053,PRJDB11675,Vibrio cholerae,IRLE0183,Unknown/Unspecified,Unknown/Unspecified
GCF_020252285,SAMN17298282,PRJNA691530,Vibrio vulnificus,IRLA0153,Unknown/Unspecified,Unknown/Unspecified
GCF_056824445,SAMN30308487,PRJNA869481,Vibrio parahaemolyticus,2019VP2,Unknown/Unspecified,Unknown/Unspecified
GCF_024347315,SAMD00428684,PRJDB12639,Vibrio cholerae,IRLE0191,Unknown/Unspecified,Unknown/Unspecified
GCF_002953355,SAMN03996254,PRJNA231221,Vibrio vulnificus,IRLA0186,Unknown/Unspecified,Unknown/Unspecified
GCF_016761735,SAMN15763358,PRJNA655991,Vibrio cholerae,non-O1/non-O139,Unknown/Unspecified,Unknown/Unspecified
GCF_053348535,SAMN52650543,PRJNA1260419,Vibrio cholerae,non-O1/non-O139,Unknown/Unspecified,Unknown/Unspecified
GCF_040705335,SAMN41254075,PRJNA1108781,Vibrio parahaemolyticus,PFR21C03,Unknown/Unspecified,Unknown/Unspecified
GCF_000338875,SAMN02469605,PRJNA179483,Vibrio natriegens,Vmax,Unknown/Unspecified,Unknown/Unspecified
GCF_053348575,SAMN52650545,PRJNA1260419,Vibrio cholerae,non-O1/non-O139,Unknown/Unspecified,Unknown/Unspecified
GCF_016761685,SAMN15763361,PRJNA655991,Vibrio cholerae,non-O1/non-O139,Unknown/Unspecified,Unknown/Unspecified
GCF_015160835,SAMN16383616,PRJNA665858,Vibrio cholerae,non-O1/non-O139,Unknown/Unspecified,Unknown/Unspecified
GCF_004345475,SAMN10362064,PRJNA500030,Vibrio cholerae,non-O1/non-O139,Unknown/Unspecified,Unknown/Unspecified
GCF_046439395,SAMN38476515,PRJNA1035537,Vibrio parahaemolyticus,SG_014,Unknown/Unspecified,Unknown/Unspecified
GCF_046438815,SAMN38476522,PRJNA1035537,Vibrio cholerae,SG_017,Unknown/Unspecified,Unknown/Unspecified
GCF_052957695,SAMN50800672,PRJNA1306991,Vibrio parahaemolyticus,BJFT2021VP2,Unknown/Unspecified,Unknown/Unspecified
GCF_052957675,SAMN50800673,PRJNA1306991,Vibrio cholerae,KBR06,Unknown/Unspecified,Unknown/Unspecified
GCF_020806255,SAMN22346955,PRJNA328102,Vibrio rotiferianus,To_1,Unknown/Unspecified,Unknown/Unspecified
GCF_010894395,SAMN14091514,PRJNA606467,Vibrio cholerae,non-O1/non-O139,Unknown/Unspecified,Unknown/Unspecified
GCF_016761815,SAMN15763356,PRJNA655991,Vibrio cholerae,non-O1/non-O139,Unknown/Unspecified,Unknown/Unspecified
GCF_004341705,SAMN10362066,PRJNA500033,Vibrio cholerae,non-O1/non-O139,Unknown/Unspecified,Unknown/Unspecified
GCF_049187005,SAMN47514229,PRJNA1240198,Vibrio cholerae,HL0039,Unknown/Unspecified,Unknown/Unspecified
GCF_050556025,SAMN47061650,PRJNA1228343,Vibrio cholerae,HL0036,Unknown/Unspecified,Unknown/Unspecified
GCF_041467295,SAMN41920704,PRJNA328102,Vibrio vulnificus,YJ016,Unknown/Unspecified,Unknown/Unspecified
GCF_020806385,SAMN22346944,PRJNA328102,Vibrio alginolyticus,ATCC 17749,Unknown/Unspecified,Unknown/Unspecified
GCF_020806225,SAMN22346950,PRJNA328102,Vibrio campbellii,ATCC BAA-1116; BB120,Unknown/Unspecified,Unknown/Unspecified
GCF_000152465,SAMN02435835,PRJNA15669,Vibrio cholerae,MO10,Unknown/Unspecified,Unknown/Unspecified
GCF_000153785,SAMN02435859,PRJNA17723,Vibrio cholerae,O395,Unknown/Unspecified,Unknown/Unspecified
GCF_000168915,SAMN02435841,PRJNA18253,Vibrio cholerae,V51,Unknown/Unspecified,Unknown/Unspecified
GCF_000168935,SAMN02435869,PRJNA18261,Vibrio cholerae,AM-19226,Unknown/Unspecified,Unknown/Unspecified
GCF_000168895,SAMN02435867,PRJNA18265,Vibrio cholerae,2740-80,Unknown/Unspecified,Unknown/Unspecified
GCF_000464435,SAMN02603672,PRJNA210229,Vibrio cholerae,MZO-3,Unknown/Unspecified,Unknown/Unspecified
GCF_001683415,SAMN02943003,PRJNA256339,Vibrio campbellii,ATCC BAA-1116,Unknown/Unspecified,Unknown/Unspecified
GCF_012275105,SAMN12648317,PRJNA266293,Vibrio cholerae,ATCC 14035,Unknown/Unspecified,Unknown/Unspecified
GCF_000174275,SAMN02393809,PRJNA33553,Vibrio cholerae,O395,Unknown/Unspecified,Unknown/Unspecified
GCF_000022585,SAMN02603569,PRJNA33555,Vibrio cholerae,TMA 21,Unknown/Unspecified,Unknown/Unspecified
GCF_000174315,SAMN02393810,PRJNA33557,Vibrio cholerae,RC9,Unknown/Unspecified,Unknown/Unspecified
GCF_000174115,SAMN02393812,PRJNA33561,Vibrio cholerae,MJ-1236,Unknown/Unspecified,Unknown/Unspecified
GCF_000174255,SAMN02393813,PRJNA33579,Vibrio cholerae,B33,Unknown/Unspecified,Unknown/Unspecified
GCF_000039765,SAMN02603130,PRJNA349,Vibrio cholerae,12129(1),Unknown/Unspecified,Unknown/Unspecified
GCF_019458445,SAMN11287978,PRJNA529866,Vibrio cholerae,TM 11079-80,Unknown/Unspecified,Unknown/Unspecified
GCF_008083255,SAMN12057884,PRJNA548872,Vibrio vulnificus,CMCP6,Unknown/Unspecified,Unknown/Unspecified
GCF_000279285,SAMN00621717,PRJNA63899,Vibrio cholerae,CP1046(19),Unknown/Unspecified,Unknown/Unspecified
GCF_000302965,SAMN00622034,PRJNA63991,Vibrio cholerae,HE25,Unknown/Unspecified,Unknown/Unspecified
GCF_000279785,SAMN00622046,PRJNA63997,Vibrio cholerae,HE45,Unknown/Unspecified,Unknown/Unspecified
GCF_000348305,SAMN00989302,PRJNA76229,Vibrio cholerae,CP1037(10),Unknown/Unspecified,Unknown/Unspecified
GCF_000348365,SAMN00991869,PRJNA76235,Vibrio cholerae,CP1047,Unknown/Unspecified,Unknown/Unspecified
GCF_000348225,SAMN00989301,PRJNA76243,Vibrio cholerae,EM-1546,Unknown/Unspecified,Unknown/Unspecified
GCF_000348425,SAMN00989276,PRJNA76249,Vibrio cholerae,EM-1727,Unknown/Unspecified,Unknown/Unspecified
GCF_000348105,SAMN00989304,PRJNA76255,Vibrio cholerae,EC-0051,Unknown/Unspecified,Unknown/Unspecified
GCF_000348045,SAMN00989305,PRJNA76257,Vibrio cholerae,NHCC-008D,Unknown/Unspecified,Unknown/Unspecified
GCF_000348065,SAMN00989311,PRJNA76259,Vibrio cholerae,95412,Unknown/Unspecified,Unknown/Unspecified
GCF_000250855,SAMN02603415,PRJNA81153,Vibrio cholerae,116059,Unknown/Unspecified,Unknown/Unspecified
GCF_025258925,SAMN13878423,PRJNA812595,Vibrio cholerae,116063,Unknown/Unspecified,Unknown/Unspecified
GCF_000473545,SAMN02472128,PRJNA208628,Vibrio mimicus,CAIM 602,Unknown/Unspecified,Unknown/Unspecified
GCF_014525285,SAMN13500487,PRJNA266293,Vibrio cyclitrophicus,FF75,Unknown/Unspecified,Unknown/Unspecified
GCF_009763025,SAMN12648289,PRJNA266293,Vibrio tarriae,2523-88,Unknown/Unspecified,Unknown/Unspecified
GCF_963882575,SAMEA115017902,PRJEB71012,Vibrio mimicus,,Unknown/Unspecified,Unknown/Unspecified
GCF_004346495,SAMN10362347,PRJNA500069,Vibrio crassostreae,16BF1_28,Unknown/Unspecified,Unknown/Unspecified
GCF_020252125,SAMN17298289,PRJNA691530,Vibrio crassostreae,16BF1_56,Unknown/Unspecified,Unknown/Unspecified
GCF_020252205,SAMN17298286,PRJNA691530,Vibrio crassostreae,16BF1_95,Unknown/Unspecified,Unknown/Unspecified
GCF_020252025,SAMN17298298,PRJNA691530,Vibrio crassostreae,16BF5_48,Unknown/Unspecified,Unknown/Unspecified
GCF_020252325,SAMN17298280,PRJNA691530,Vibrio crassostreae,GV1649,Unknown/Unspecified,Unknown/Unspecified
GCF_020252305,SAMN17298281,PRJNA691530,Vibrio crassostreae,SOB4_6,Unknown/Unspecified,Unknown/Unspecified
GCF_012274965,SAMN12648293,PRJNA266293,Vibrio cholerae,2010V-1116,Unknown/Unspecified,Unknown/Unspecified
GCF_009763845,SAMN12648253,PRJNA266293,Vibrio cholerae,F9993,Unknown/Unspecified,Unknown/Unspecified
GCF_024347375,SAMD00428687,PRJDB12639,Vibrio tasmaniensis,CECT 7223,Unknown/Unspecified,Unknown/Unspecified
GCF_024347415,SAMD00428689,PRJDB12639,Vibrio echinoideorum,DSM 107264,Unknown/Unspecified,Unknown/Unspecified
GCF_001591085,SAMD00046757,PRJDB346,Vibrio coralliirubri,DSM 27495,Unknown/Unspecified,Unknown/Unspecified
GCF_001598835,SAMD00046905,PRJDB353,Vibrio crassostreae,LMG 22240,Unknown/Unspecified,Unknown/Unspecified
GCF_000467145,SAMD00041824,PRJDB355,Vibrio natriegens,NBRC 15636,Unknown/Unspecified,Unknown/Unspecified
GCF_000467165,SAMD00041797,PRJDB356,Vibrio fluvialis,NBRC 103150,Unknown/Unspecified,Unknown/Unspecified
GCF_003716425,SAMN10360552,PRJNA266293,Vibrio cholerae,C6706,Unknown/Unspecified,Unknown/Unspecified
GCF_009764055,SAMN12648278,PRJNA266293,Vibrio cholerae,O75TS,Unknown/Unspecified,Unknown/Unspecified
GCF_008084835,SAMN12057800,PRJNA548872,Vibrio cholerae,ICDC-VC3741,Unknown/Unspecified,Unknown/Unspecified
GCF_008084855,SAMN12057801,PRJNA548872,Vibrio paracholerae,N2705,Unknown/Unspecified,Unknown/Unspecified
GCF_008084825,SAMN12057802,PRJNA548872,Vibrio cholerae,N2706,Unknown/Unspecified,Unknown/Unspecified
GCF_008084815,SAMN12057803,PRJNA548872,Vibrio cholerae,N2707,Unknown/Unspecified,Unknown/Unspecified
GCF_008084795,SAMN12057805,PRJNA548872,Vibrio cholerae,N2708,Unknown/Unspecified,Unknown/Unspecified
GCF_008085625,SAMN12057806,PRJNA548872,Vibrio cholerae,N2718,Unknown/Unspecified,Unknown/Unspecified
GCF_008084695,SAMN12057814,PRJNA548872,Vibrio cholerae,N2722,Unknown/Unspecified,Unknown/Unspecified
GCF_008085575,SAMN12057815,PRJNA548872,Vibrio cholerae,N2723,Unknown/Unspecified,Unknown/Unspecified
GCF_008085525,SAMN12057819,PRJNA548872,Vibrio cholerae,N2736,Unknown/Unspecified,Unknown/Unspecified
GCF_008085495,SAMN12057821,PRJNA548872,Vibrio cholerae,N2741,Unknown/Unspecified,Unknown/Unspecified
GCF_008084605,SAMN12057823,PRJNA548872,Vibrio cholerae,N2747,Unknown/Unspecified,Unknown/Unspecified
GCF_008084645,SAMN12057824,PRJNA548872,Vibrio cholerae,N2749,Unknown/Unspecified,Unknown/Unspecified
GCF_008085465,SAMN12057825,PRJNA548872,Vibrio cholerae,N2751,Unknown/Unspecified,Unknown/Unspecified
GCF_008084545,SAMN12057827,PRJNA548872,Vibrio cholerae,N2752,Unknown/Unspecified,Unknown/Unspecified
GCF_008084525,SAMN12057829,PRJNA548872,Vibrio cholerae,N2753,Unknown/Unspecified,Unknown/Unspecified
GCF_008084375,SAMN12057836,PRJNA548872,Vibrio cholerae,N2756,Unknown/Unspecified,Unknown/Unspecified
GCF_008084025,SAMN12057844,PRJNA548872,Vibrio cholerae,N2759,Unknown/Unspecified,Unknown/Unspecified
GCF_008083865,SAMN12057853,PRJNA548872,Vibrio cholerae,N2767,Unknown/Unspecified,Unknown/Unspecified
GCF_008083835,SAMN12057854,PRJNA548872,Vibrio cholerae,N2776,Unknown/Unspecified,Unknown/Unspecified
GCF_008083735,SAMN12057859,PRJNA548872,Vibrio cholerae,N2786,Unknown/Unspecified,Unknown/Unspecified
GCF_008083715,SAMN12057860,PRJNA548872,Vibrio cholerae,N2787,Unknown/Unspecified,Unknown/Unspecified
GCF_008083685,SAMN12057861,PRJNA548872,Vibrio cholerae,N2792,Unknown/Unspecified,Unknown/Unspecified
GCF_008083645,SAMN12057863,PRJNA548872,Vibrio cholerae,N2793,Unknown/Unspecified,Unknown/Unspecified
GCF_008083635,SAMN12057864,PRJNA548872,Vibrio cholerae,N2794,Unknown/Unspecified,Unknown/Unspecified
GCF_008083545,SAMN12057866,PRJNA548872,Vibrio cholerae,N2797,Unknown/Unspecified,Unknown/Unspecified
GCF_008083575,SAMN12057868,PRJNA548872,Vibrio cholerae,N2798,Unknown/Unspecified,Unknown/Unspecified
GCF_008083415,SAMN12057873,PRJNA548872,Vibrio cholerae,N2805,Unknown/Unspecified,Unknown/Unspecified
GCF_008083365,SAMN12057876,PRJNA548872,Vibrio cholerae,N2808,Unknown/Unspecified,Unknown/Unspecified
GCF_008083245,SAMN12057883,PRJNA548872,Vibrio cholerae,N2814,Unknown/Unspecified,Unknown/Unspecified
GCF_009938115,SAMN12136324,PRJNA550979,Vibrio cholerae,N2817,Unknown/Unspecified,Unknown/Unspecified
GCF_007624975,SAMN12288753,PRJNA555013,Vibrio cholerae,N2829,Unknown/Unspecified,Unknown/Unspecified
GCF_007624905,SAMN12288745,PRJNA555013,Vibrio cholerae,AAS91,Unknown/Unspecified,Unknown/Unspecified
GCF_007624785,SAMN12288754,PRJNA555013,Vibrio cholerae,910,Unknown/Unspecified,Unknown/Unspecified
GCF_007624775,SAMN12288755,PRJNA555013,Vibrio cholerae,1009,Unknown/Unspecified,Unknown/Unspecified
GCF_007624735,SAMN12288758,PRJNA555013,Vibrio cholerae,EL021-65,Unknown/Unspecified,Unknown/Unspecified
GCF_007624155,SAMN12288794,PRJNA555013,Vibrio cholerae,EL11-63,Unknown/Unspecified,Unknown/Unspecified
GCF_007623935,SAMN12288798,PRJNA555013,Vibrio cholerae,EL1358,Unknown/Unspecified,Unknown/Unspecified
GCF_007623785,SAMN12288803,PRJNA555013,Vibrio cholerae,EL2392,Unknown/Unspecified,Unknown/Unspecified
GCF_000281655,SAMN00622035,PRJNA63863,Vibrio cholerae,EL2398,Unknown/Unspecified,Unknown/Unspecified
GCF_000279265,SAMN00265075,PRJNA63895,Vibrio cholerae,EL489,Unknown/Unspecified,Unknown/Unspecified
GCF_900460415,SAMEA3443777,PRJEB6403,Vibrio natriegens,,Unknown/Unspecified,Unknown/Unspecified
GCF_009764005,SAMN12648267,PRJNA266293,Vibrio vulnificus,06-2450,Unknown/Unspecified,Unknown/Unspecified
GCF_012275125,SAMN13500476,PRJNA266293,Vibrio paracholerae,07-2425,Unknown/Unspecified,Unknown/Unspecified
GCF_014525225,SAMN13500486,PRJNA266293,Vibrio parahaemolyticus,2013V-1136,Unknown/Unspecified,Unknown/Unspecified
GCF_008083745,SAMN12057856,PRJNA548872,Vibrio mimicus,N2733,Unknown/Unspecified,Unknown/Unspecified
GCF_008083535,SAMN12057869,PRJNA548872,Vibrio mimicus,N2789,Unknown/Unspecified,Unknown/Unspecified
GCF_008083465,SAMN12057875,PRJNA548872,Vibrio mimicus,N2810,Unknown/Unspecified,Unknown/Unspecified
GCF_009646135,SAMN13166158,PRJNA586749,Vibrio mimicus,N2816,Unknown/Unspecified,Unknown/Unspecified
GCF_024508015,SAMN29939551,PRJNA607328,Vibrio furnissii,PartQ-Vfurnissii-RM8376,Unknown/Unspecified,Unknown/Unspecified
GCF_022289895,SAMN20805048,PRJNA754786,Vibrio natriegens,14048,Unknown/Unspecified,Unknown/Unspecified
GCF_977925695,SAMEA120785978,PRJEB104936,Vibrio alginolyticus,NBRC 15630,Unknown/Unspecified,Unknown/Unspecified
GCF_977925755,SAMEA120785988,PRJEB104936,Vibrio azureus,NBRC 104587,Unknown/Unspecified,Unknown/Unspecified
GCF_009665435,SAMN10702675,PRJNA266293,Vibrio cholerae,2740-80,Unknown/Unspecified,Unknown/Unspecified
GCF_963890065,SAMEA115018341,PRJEB71012,Vibrio echinoideorum,,Unknown/Unspecified,Unknown/Unspecified
GCF_963891765,SAMEA115018381,PRJEB71012,Vibrio bathopelagicus,,Unknown/Unspecified,Unknown/Unspecified
GCF_963865515,SAMEA115017150,PRJEB71012,Vibrio navarrensis,,Unknown/Unspecified,Unknown/Unspecified
GCF_963865695,SAMEA115017153,PRJEB71012,Vibrio crassostreae,,Unknown/Unspecified,Unknown/Unspecified
GCF_963866965,SAMEA115017152,PRJEB71012,Vibrio crassostreae,,Unknown/Unspecified,Unknown/Unspecified
GCF_963870105,SAMEA115017281,PRJEB71012,Vibrio crassostreae,,Unknown/Unspecified,Unknown/Unspecified
GCF_963870535,SAMEA115014864,PRJEB71012,Vibrio crassostreae,,Unknown/Unspecified,Unknown/Unspecified
GCF_963878005,SAMEA115017711,PRJEB71012,Vibrio tarriae,,Unknown/Unspecified,Unknown/Unspecified
GCF_963880805,SAMEA115017866,PRJEB71012,Vibrio tarriae,,Unknown/Unspecified,Unknown/Unspecified
GCF_963880845,SAMEA115017867,PRJEB71012,Vibrio crassostreae,,Unknown/Unspecified,Unknown/Unspecified
GCF_963880925,SAMEA115017870,PRJEB71012,Vibrio crassostreae,,Unknown/Unspecified,Unknown/Unspecified
GCF_963881155,SAMEA115017865,PRJEB71012,Vibrio crassostreae,,Unknown/Unspecified,Unknown/Unspecified
GCF_963881205,SAMEA115017869,PRJEB71012,Vibrio crassostreae,,Unknown/Unspecified,Unknown/Unspecified
GCF_963881885,SAMEA115017871,PRJEB71012,Vibrio crassostreae,,Unknown/Unspecified,Unknown/Unspecified
GCF_963884105,SAMEA115018000,PRJEB71012,Vibrio crassostreae,,Unknown/Unspecified,Unknown/Unspecified
GCF_963886345,SAMEA115013431,PRJEB71012,Vibrio parahaemolyticus,,Unknown/Unspecified,Unknown/Unspecified
GCF_963890715,SAMEA115018436,PRJEB71012,Vibrio mimicus,,Unknown/Unspecified,Unknown/Unspecified
GCF_963890745,SAMEA115018435,PRJEB71012,Vibrio neptunius,,Unknown/Unspecified,Unknown/Unspecified
GCF_963890985,SAMEA115018432,PRJEB71012,Vibrio neptunius,,Unknown/Unspecified,Unknown/Unspecified
GCF_963891505,SAMEA115018433,PRJEB71012,Vibrio neptunius,,Unknown/Unspecified,Unknown/Unspecified
GCF_963892715,SAMEA115018497,PRJEB71012,Vibrio neptunius,,Unknown/Unspecified,Unknown/Unspecified
GCF_963892785,SAMEA115018495,PRJEB71012,Vibrio crassostreae,,Unknown/Unspecified,Unknown/Unspecified
GCF_963892795,SAMEA115018493,PRJEB71012,Vibrio crassostreae,,Unknown/Unspecified,Unknown/Unspecified
GCF_963892815,SAMEA115018496,PRJEB71012,Vibrio crassostreae,,Unknown/Unspecified,Unknown/Unspecified
GCF_963893235,SAMEA115018534,PRJEB71012,Vibrio crassostreae,,Unknown/Unspecified,Unknown/Unspecified
GCF_963893355,SAMEA115018499,PRJEB71012,Vibrio crassostreae,,Unknown/Unspecified,Unknown/Unspecified
GCF_963893365,SAMEA115018498,PRJEB71012,Vibrio crassostreae,,Unknown/Unspecified,Unknown/Unspecified
GCF_963893375,SAMEA115018500,PRJEB71012,Vibrio crassostreae,,Unknown/Unspecified,Unknown/Unspecified
GCF_963893745,SAMEA115018504,PRJEB71012,Vibrio crassostreae,,Unknown/Unspecified,Unknown/Unspecified
GCF_963893835,SAMEA115018494,PRJEB71012,Vibrio crassostreae,,Unknown/Unspecified,Unknown/Unspecified
GCF_963893985,SAMEA115018503,PRJEB71012,Vibrio crassostreae,,Unknown/Unspecified,Unknown/Unspecified
GCF_963894035,SAMEA115018501,PRJEB71012,Vibrio crassostreae,,Unknown/Unspecified,Unknown/Unspecified
GCF_963894045,SAMEA115018502,PRJEB71012,Vibrio crassostreae,,Unknown/Unspecified,Unknown/Unspecified
GCF_963895265,SAMEA115017721,PRJEB71012,Vibrio crassostreae,,Unknown/Unspecified,Unknown/Unspecified
GCF_963899065,SAMEA115018809,PRJEB71012,Vibrio furnissii,,Unknown/Unspecified,Unknown/Unspecified
GCF_963862185,SAMEA115015365,PRJEB71012,Vibrio neptunius,,Unknown/Unspecified,Unknown/Unspecified
GCF_965136475,SAMEA117660431,PRJEB85433,Vibrio harveyi,AOD131,Unknown/Unspecified,Unknown/Unspecified
GCF_965138845,SAMEA117660477,PRJEB85433,Vibrio neptunius,CIP108274T,Unknown/Unspecified,Unknown/Unspecified
GCF_965140105,SAMEA117660478,PRJEB85433,Vibrio vulnificus,CIP109783,Unknown/Unspecified,Unknown/Unspecified
GCF_965137905,SAMEA117660571,PRJEB85433,Vibrio vulnificus,CIP109784,Unknown/Unspecified,Unknown/Unspecified
GCF_050556065,SAMN47061651,PRJNA1228343,Vibrio cholerae,CIP111241,Unknown/Unspecified,Unknown/Unspecified
GCF_009763045,SAMN12648312,PRJNA266293,Vibrio alginolyticus,2013V-1302,Unknown/Unspecified,Unknown/Unspecified
GCF_009763825,SAMN12648321,PRJNA266293,Vibrio cholerae,3541-04,Unknown/Unspecified,Unknown/Unspecified
GCF_021394435,SAMN24593210,PRJNA791457,Vibrio cholerae,PNUSAV001140,Unknown/Unspecified,Unknown/Unspecified
GCF_021394895,SAMN24593211,PRJNA791457,Vibrio cholerae,PNUSAV001141,Unknown/Unspecified,Unknown/Unspecified
GCF_014525115,SAMN13500485,PRJNA266293,Vibrio fluvialis,2013V-1044,Unknown/Unspecified,Unknown/Unspecified
GCF_009763605,SAMN12648283,PRJNA266293,Vibrio parahaemolyticus,2013V-1125,Unknown/Unspecified,Unknown/Unspecified
GCF_012274905,SAMN12648298,PRJNA266293,Vibrio parahaemolyticus,2013V-1220,Unknown/Unspecified,Unknown/Unspecified
GCF_009665335,SAMN10702681,PRJNA266293,Vibrio fluvialis,2015AW-0233,Unknown/Unspecified,Unknown/Unspecified
GCF_009665415,SAMN10863497,PRJNA266293,Vibrio furnissii,2419-04,Unknown/Unspecified,Unknown/Unspecified
GCF_003311755,SAMN09261042,PRJNA266293,Vibrio cidicii,2423-01,Unknown/Unspecified,Unknown/Unspecified
GCF_009763405,SAMN12648302,PRJNA266293,Vibrio parahaemolyticus,AM43962,Unknown/Unspecified,Unknown/Unspecified
GCF_012274865,SAMN12648303,PRJNA266293,Vibrio parahaemolyticus,AM51552,Unknown/Unspecified,Unknown/Unspecified
GCF_009764195,SAMN13500478,PRJNA266293,Vibrio parahaemolyticus,AM51557,Unknown/Unspecified,Unknown/Unspecified
GCF_003612695,SAMN07629020,PRJNA404039,Vibrio fluvialis,F8658,Unknown/Unspecified,Unknown/Unspecified
GCF_963873415,SAMEA115017416,PRJEB71012,Vibrio mimicus,,Unknown/Unspecified,Unknown/Unspecified
GCF_000152425,SAMN02435880,PRJNA15666,Vibrio cholerae,KKV2579,Unknown/Unspecified,Unknown/Unspecified
GCF_000016245,SAMN02604040,PRJNA15667,Vibrio cholerae,KKV2580,Unknown/Unspecified,Unknown/Unspecified
